customer_ID,statement_count,avg_spend,spend_acceleration,avg_debt_ratio,max_delinquent_streak,target,predicted_risk_score
0000099d6bd597052cdcda90ffabf56573fe9d7c79be5fbac11a8ed792feb62a,13.0,0.1132,1.1925,0.0128,1.0,0,0.024709296067881508
00000fd6641609c6ece5454664794f0340ad84dddce9a267a310b5ae68e9d8e5,13.0,0.1206,1.3726,0.0285,4.0,0,0.01852354082019333
00001b22f846c82c51f6e3958ccd81970162bae8b007e80662ef27519fcc18c1,13.0,0.0,1.0,0.005,0.0,0,0.019980332496187008
000041bdba6ecadd89a52d11886e8eaaec9325906c9723355abb5ca523658edc,13.0,0.2478,1.1616,0.1024,2.0,0,0.37968627602595434
00007889e4fcd2614b6cbe7f8f3d2e5c728eca32d9eb8ad51ca8b8c4a24cefed,13.0,0.0533,0.0,0.0067,0.0,0,0.01726728488519047
000084e5023181993c2e1b665ac88dbb1ce9ef621ec5370150fc2f8bdca6202c,13.0,0.3041,1.3012,0.0341,4.0,0,0.11152154724448488
000098081fde4fd64bc4d503a5d6f86a0aedc425c96f5235f98b0f47c9d7d8d4,13.0,0.3573,0.7472,0.1616,1.0,0,0.5220593356339759
0000d17a1447b25a01e42e1ac56b091bb7cbb06317be4cb59b50fec59e0b6381,13.0,0.1045,1.1135,0.0626,7.0,0,0.045673028937812624
0000f99513770170a1aba690daeeb8a96da4a39f11fc27da5c30a79db61c1e85,13.0,0.0491,3.1084,2.3084,11.0,1,0.7938690118774977
00013181a0c5fc8f1ea38cd2b90fe8ad2fa8cad9d9f13e4063bdf6b0f7d51eb6,13.0,0.0453,4.0156,0.0428,0.0,1,0.23779700595978295
0001337ded4e1c2539d1a78ff44a457bd4a95caa55ba1730b2849b92ea687f9e,3.0,0.17,1.0318,0.4106,1.0,1,0.38278834763677666
00013c6e1cec7c21bede7cb319f1e28eb994f5625257f479c53ad6e90c177f7c,13.0,0.4525,1.0919,0.4445,6.0,1,0.7329313542014927
0001812036f1558332e5c0880ecbad70b13a6f28ab04a8db6d83a26ef40aadb0,13.0,0.8202,0.187,2.2521,2.0,1,0.7995734670170433
00018dd4932409baf6083519b52113c2ef58be59e1213e4681d28c7719a65ddf,13.0,0.1147,0.8464,0.0269,4.0,0,0.01629114224831271
000198b3dc70edd65dbf0d7eddbcb926c6d7dbd7986af19d91ef3992ae3ab896,13.0,0.4314,1.9442,0.1051,4.0,0,0.6031798452658785
000201146e53cacdde1c7e9d29f4d3c46fd4d9231a3744aa39fb9c6afa79b708,13.0,0.1123,0.9624,0.4168,8.0,0,0.2479192967211394
0002d381bdd8048d76719042cf1eb63caf53b636f8aacdba49365fd1ab7d0f36,13.0,0.2247,0.7562,0.0078,2.0,0,0.03007042926595072
0002e335892f7998f0feb3a59f32d652f0da7c85e535b99ea6f87fd317ed47f4,13.0,0.0568,2.3601,0.2173,3.0,1,0.4676852567995838
00031e8be98bc3411f6037cbd4d3eeaf24b3ae221682b77900533c9bb36ec41f,13.0,0.1627,1.08,0.0359,10.0,0,0.02263808682379357
000333075fb8ec6d504539852eeeb762643562e701ac79b2101ab0f9471eeb5a,13.0,0.0601,0.9421,0.0432,7.0,1,0.04420733429242909
000391f219520dbca6c3c1c46e0fab569da163f79ee266b2cc95fb31029ce617,4.0,0.6616,1.3597,0.1744,1.0,1,0.6804412407674506
00039533fe0b61bcf1ec0d1aefe6acb5469ea0f0d1b0ad59ae721e5b86db12f1,13.0,0.1972,0.9131,2.5457,3.0,1,0.8095697513529839
0003b7891c49786441d138c01f55f1712df645989dcd2a83106ab4a229fee72d,13.0,0.3845,0.5475,0.0406,4.0,0,0.1101248906138111
0003e58375faf90552b2861c1ccea4ee5757827cbb6ecd15a334e47e95774185,13.0,0.2649,1.4561,0.0173,3.0,0,0.049463014643228505
000445609ff2a39d2dd02484899affa5696210a95f6869f26390bd26eeb3b651,13.0,0.119,1.494,0.0053,0.0,0,0.025408697969561234
000473eb907b57c8c23f652bba40f87fe7261273dda47034d46fc46821017e50,13.0,0.2071,1.4366,1.298,13.0,1,0.7239540426228824
0004837f0c785928a29a6f83f70f4a1c54caec483a773ff4b5b317ac251abda0,13.0,0.3798,0.5824,0.7426,8.0,0,0.672547294655613
0004860c260168fcaad0734a1dfedb7ceb1a83aaac54e24c27244b77308fd8b7,9.0,0.7172,1.5476,0.4744,7.0,1,0.7988349336454855
0004b8596c4946866d1b27a8b40488ecf49c6eae9c7bf4afcb6a8642b321124c,13.0,0.2447,0.9909,0.0056,0.0,0,0.050830371486959694
0004e00358fc4dd633e491c8090a0794b6165ed9a7e60c02bdab9ac745f661c2,13.0,0.0944,0.7904,0.0186,3.0,0,0.017916631370138675
0004ec03ca1ab2adb9aa260c61ba5dce8185e19d3ab704029f989240c733b6d0,13.0,0.1072,1.2146,0.0416,10.0,0,0.019864662440249155
00050d84c6d26e26cd2b18c3eed83d3130c270e2361470ff272f9409103d067f,13.0,0.0183,2.7665,0.0339,5.0,0,0.037529557940137064
000548e99fa24cef8377e68e602e4bd70d30500a007999236e13f58ca8a259da,13.0,0.0073,11.5663,0.048,4.0,0,0.1740488952355244
00055add5eaee481b27e40af3f47b8b24e82c1e550f6ab010000e7685692f281,13.0,0.1179,0.0,0.0064,0.0,0,0.01650375560086156
00057576e6eab4633ec2893ca7e0ab76f2094ad2d43b1e3749db49d51e064ee9,13.0,0.1408,1.1261,0.3512,8.0,1,0.4419890139556493
00057c2d8d887fa3f777d97dc939700731575772e6c99025aaa0ab56870353ce,4.0,0.0,1.0,0.0061,0.0,0,0.020263886945132575
0005a6ae24fd274640a237ea56c43b1ef9e32077ad168a90d464dcf2bd5976fb,12.0,0.1133,0.731,0.0355,9.0,0,0.018777001359535733
0005e52a3fa31b7eed49ceb576f011433ee2578833cd3f9d51c9dd9448a198ff,8.0,0.782,1.6195,0.3833,2.0,1,0.7802741283984119
0005ef1480ffe4f0e5908eae07db8e05f2e705bca6a57db3b97d1da2eb6c7cab,2.0,0.0,1.0,13.1622,2.0,1,0.7936740290151372
0005f2ab0cc352cd64eac9e60b981ed8c3289d20fa5fcef78973c468916fdfc9,13.0,0.0691,0.2315,0.0388,12.0,0,0.021874649632375173
00062483fb33d6129dd4ee7e5a12f751d2e7010ac0df0178997c628883695603,8.0,0.0222,8.0,0.0099,0.0,0,0.1054188678433654
00062d39ff054c4e18d5dba3b988c94277246d2d4aee42e588c62bc8b3ac1f5b,13.0,0.9408,0.9763,0.0359,2.0,0,0.09921529575973938
000664572b701ea9833f05597f0c5347f471737baa925a3c2829c84df4606d46,13.0,0.1586,1.2644,0.0358,1.0,0,0.0258045803957419
000678921d09c5503d34055ab96b150a972f59a96471b987415c21ba1e86605a,13.0,0.0,1.0,0.0052,0.0,0,0.01978947117409603
00067cdd68211fdf71636823c827371a070c52417d4ab364309a0d9e5ebbd8cc,13.0,0.0595,0.5525,0.0287,2.0,0,0.02148356173337012
00067f4aed8cf43b16652c966860774f650420ef7a306fb9769f14858d87ba9f,13.0,0.3689,0.8003,1.0083,4.0,1,0.7157931010531605
00068f00a4ddaa53b75bc7235f13a42493eba75792850e49327f2cfaf1ae6791,13.0,0.1545,1.3818,0.0222,2.0,0,0.025170836466272332
0006a80d96aec1d178bf74adab6cbf9e4bf427a6ba264fefecd53a4c1233cd21,13.0,0.3226,1.2393,0.4107,4.0,1,0.698954477880369
0007138953c25a3a7d8f48cf60dd6e9ca4a77d9e945a443f986062a95f795c4d,13.0,0.0,1.0,0.0061,0.0,0,0.020263886945132575
00073f1912e2151e987a71b78ded23870729d7fd0e6b94b217aa66dded29af8b,13.0,0.1218,0.6653,0.0129,1.0,0,0.02175150669048484
000772ede38fe3811dea0dff9dc50e2f8b7b577ab6f143c034b2dbccee197f57,10.0,0.3602,1.2494,0.1548,3.0,0,0.6833005187301516
0007764443c6d098326549271e1d2613b111acafd039e96df124da7770e4fa70,13.0,0.132,1.1497,0.1073,1.0,0,0.12043526391086322
000790f99df4c2a0eccd9ba5db78fd81e6a4b88b3d7f203ea9810d2e61bc1f5b,13.0,0.0533,0.0,0.0097,0.0,0,0.044433606032877916
0007b7b197a68e10925e2b4abf89130323ea2a87deb8ada24159a249b6010516,13.0,0.1636,0.6832,0.0758,4.0,0,0.11563330366091731
0007ee1ac8edb6be588c6c8a158d2268e3228c49cf52773d168012076c118e5f,13.0,0.2211,1.7976,0.6247,2.0,0,0.6052045830532959
0008c2f297e1b00bf567c0d2c25f3e3b356f9a3088d2bf47aaaa724d26df8787,13.0,0.0355,3.4488,1.6491,11.0,1,0.7653129684683795
0008ef32824d3067b4d8ab70e7c79fa04c808f4d99194fe9c7827dac8bcf0b5c,13.0,0.0,1.0,0.0058,0.0,0,0.01978947117409603
000919ba92d9a04c28e1e49f6cd855ca36e1df7c79cc0583b60734da25265fb1,13.0,0.2005,1.2261,0.9077,8.0,0,0.577582835078167
00093b69756b1afe3029c79b981e8d699b2a48bf4464a9d4c8432dc2bb45372e,13.0,0.0955,0.9469,0.7733,2.0,0,0.2792537012405074
000940eb997a3356d782e519274accd60c1f4f9af86dde67552d54ca4c619fe6,13.0,0.3199,1.4718,0.1446,2.0,0,0.5863272350867802
000962b331f602203d5b5fb41b915893e74db55534182d4968a3423c19258584,13.0,0.1199,0.8972,0.4369,13.0,1,0.3038366065372944
00098cc74b9a5113321817176656d2d75928c363cc45ab81502f7239cae2187b,13.0,0.2009,0.6545,0.2286,2.0,0,0.4793475099428703
0009a85feed29c69e41a1dfa6375ba7010870adbe7550e4ce2f1d4c564db1691,13.0,0.1001,1.32,0.0072,2.0,0,0.01756793337142912
0009bd8871169b8d76a445e1f52079a6edc0b6f0bf021d5ec50ef6aa6487cc14,1.0,0.0,1.0,0.0129,0.0,0,0.07704350507592042
0009e1a505be8b131904d3908b9d6e149108859a37cd88d760349b52751fa2f5,13.0,0.1229,0.8519,0.09,5.0,0,0.06435044692597906
000a1745b0fba14f100603038675e879651f9af9c729c523a81bbf93dacf0e57,13.0,0.1523,0.9572,0.0059,3.0,0,0.02229337700134645
000aaaf8dba0cf6b0853a317d5cd4a8d581b529e5d85119101c05b8ad16190b2,13.0,0.144,1.1587,0.0376,4.0,0,0.021492839158819086
000ac434614bed68129738742263a6306192132f904a83fadac1553955d1f0fb,13.0,0.1463,0.9345,0.0872,1.0,0,0.10957745083289976
000adf2938f771f75a581b65107024eddeae70684778c0da9b94b261b836a940,13.0,0.0502,0.4522,0.037,1.0,0,0.024911966345425283
000ae3818c26d56167678fde3b6238888d0f802c02f4bfa8352ab0c614df776a,13.0,0.1018,0.0,0.1785,1.0,0,0.16397063961686398
000aeb78bae8b5dff7906f5d3a3805e24856f437c7e95d26bdae93e23aac47a0,13.0,0.1213,1.0482,0.6185,4.0,0,0.3167569674450149
000b30e00a2a37b5ae325fa3830c9b2b6365b0c17719c9d283d66c0fd2284f59,7.0,0.1915,0.8176,0.0576,4.0,0,0.09925277564144588
000b48231b7fad0e00ce78790df80ff94bd890eaaa8c6816fc897bf97505f7bd,13.0,0.0856,0.976,0.0186,4.0,0,0.01836017590887438
000b6357c2a736700113519ea047bfe3d38a6dc2a89d798b86c184fd4673f802,13.0,-0.0354,1.0,0.0451,4.0,0,0.029526347219665225
000b789efc34ef75106b9e135dbeabd0408e0735fa8b2d046df6587c49ccbeed,13.0,0.2239,1.3357,0.0124,2.0,0,0.035503401939136335
000ba16037da23e8601c4914b8d638bf4bb834fc1c7b9a513927f1cb26b26204,13.0,0.1605,0.7114,0.0336,2.0,0,0.024005547900812167
000bbcea7cf6a9d74b2ff2f6fd4fa89a4ff4c419a8b569eb167717231edb7ccf,13.0,0.9577,0.846,0.1259,2.0,1,0.6287215550861324
000c36f7b5130de63c1b7ee4bc902ba51aa8ae1f9cd1cee254892b0b06011cb4,10.0,0.5792,0.5861,0.1004,2.0,0,0.4063175724014647
000c57a2ca053e6ddc51fa2eaac470ee96663c2b505916a73ba944878d20184d,13.0,0.13,1.0511,0.0321,10.0,0,0.02140579957077758
000cba133a9f5634a0f3e56d439ae774a819292301329551531a54791169abc4,13.0,0.0811,0.7918,0.0334,2.0,0,0.019678409183334543
000cc41bf286c67da129d61340c7de52adf8636b42a4a74f1cc2129390ce348f,13.0,0.1875,0.9994,0.5651,4.0,0,0.5217046468778169
000cc98607442c5074d368870a7fa3cb1634147af647f1aec9c99175aaf0c7fa,13.0,0.2717,0.6052,0.8548,10.0,1,0.6306607030119407
000cfb5aac8db50185898fa111be535e4530149f341a9a4d7ad3bd9b7e14c281,13.0,0.1593,1.091,0.0543,13.0,0,0.042993628475740654
000d2c718af00d1b56d5717738b60f72766ae487b0eceacb17250c543e2c23a5,13.0,0.1507,0.9855,0.0483,3.0,0,0.029111880020400237
000d31f624ba226a4ca7249b489c440abd793f30b3d2e3abe9f003fbfc157f1b,13.0,0.2396,0.7092,0.5263,9.0,1,0.6075342343033577
000d4be985f5eb4f752ed9c0e3e4e11261b86f00e28082be1e4ca044485a9f24,13.0,0.0892,1.079,0.077,3.0,0,0.09451291562187444
000d83d6da1c0d771f9ec471741b0dae476196bb05451bf29df0a8e0a089ef86,13.0,0.1179,0.7292,0.0511,2.0,0,0.02247794634212867
000d848df79e239601299a543d77e5bf35edec39f53a49f449ca29c08079f535,12.0,0.1509,0.9104,0.209,3.0,0,0.3347699885057391
000dac810943ef22598f3e650b91f667517baf45cffe11886723512939905d14,13.0,0.3899,1.6594,0.9711,7.0,1,0.7727177410996281
000de143ca96be8fa6362e55dffe94a0bdaf347d993160fb1e11208d7ecc0597,12.0,0.1827,0.9085,0.7021,4.0,1,0.4919007181231995
000df7db33e45c5151ac69f400db5d4c283be4ca2bf72d101e49b50b72212ebf,13.0,0.3186,0.9414,1.1714,3.0,0,0.6476987192450114
000e06b7ac3f3f4eff61b316fd02a4624f8d5196e18af0083f0e22ce70e9bf67,13.0,0.1271,0.772,0.0345,3.0,0,0.01872166606524331
000e2c816db921b0c4a6fea72e32af5d81f7f41f8b11e16cc2ac31fca793bdce,13.0,0.1633,0.7913,0.2671,2.0,0,0.34958632786705757
000e6806ba7de2cf7f189c7a0719f13f4cf8e7925a3ebb0c86655bfa1f780087,13.0,0.1563,0.0,0.0126,1.0,0,0.02444033179899541
000e7954b7687713b64abced75597e6d20e65e805ff8b594efb579ef6b23b4cb,13.0,0.0296,0.4355,0.0303,2.0,0,0.02481916245945234
000e95de2a94dd09611f0d330e65022ad27ec1dbe3adaa72525b3ebb4d3c8a81,13.0,0.1204,1.279,0.1499,10.0,0,0.17470547146687646
000ee46c042bfab551c28d92c93969f8a3539fe1e9fc9cd2d2e188f838f7d8ba,13.0,0.1336,0.979,0.0447,10.0,0,0.023678476504206753
000eee12732c9c7b790870c556bc33339d6d17725cbeb4a7da6b2a5d2c8386aa,1.0,0.1537,1.0,0.1062,1.0,0,0.16700439227706254
000f1c950ae4e388f44e9ba96dd6334dfa85d8be0416d9d0d30228301f2e4cc4,13.0,0.3183,0.5717,0.0138,1.0,1,0.08655565560768069
000f446ef66e08fddf9fd852afe788386bee2e333a7d70a815ce7a7f1c88e504,13.0,0.0,1.0,0.455,1.0,0,0.27358916275789685
000f4b8159b2bbe635ace9493931e7ada2ddcb3fdc2f88fbd9f89d463b93b06b,13.0,0.134,0.777,0.0255,1.0,0,0.021788826803078972
000f6da00ca504da14c0079936e8dc9f4971fc4405e45db424848a3015dde525,13.0,0.0,1.0,0.0091,1.0,0,0.04903203178629834
000f8675ede66cc6affd4c048db11a00246d7ee623f453aae22d693c4a82f832,13.0,0.0,1.0,0.0082,0.0,0,0.037720949013385574
000f8fcfe7ca030fc553a55027ecdd0219fc8e2794c9af713f1ace182fd3064d,7.0,0.2604,1.0278,0.1422,4.0,1,0.592147457363751
000fbdd8416278a0be960edf1b06e37eaa94db5c3536fe91eacca2b83119ad5b,13.0,0.378,1.0264,0.0069,1.0,0,0.04153444020180685
000ff27e5fa776da26ae9b404699acdb036f79875e466cecf05765dcab50d447,13.0,0.1475,1.1422,0.929,1.0,0,0.42630818609649646
001089806583b378098bd81a88eb877a821202b1dfe257f963835d803c4debf0,8.0,0.6195,0.4563,0.3508,1.0,0,0.54443099939014
001089b6fb7c690f753cf4b6f05344e693f1c9248bd642d30e5f7762694380ab,13.0,0.0131,13.0,0.0102,0.0,0,0.1140845326176538
0010fc44055df7e9d81c24dcb4a9b10c16a1d01412c12c053632816a12b1c1a6,13.0,0.1325,0.877,0.0418,8.0,0,0.02124791902840509
00115d9ba7650295cdfc73537fe5efad4f3de6838064ce805e5ede8fe772bda5,13.0,0.1717,1.0426,0.0973,6.0,1,0.24838597581042657
00116df300d0b6762bf4661c53fa499bd4b8915b6a6636012f1000bd30fabac3,13.0,0.1669,0.5448,0.0255,2.0,0,0.02162059215665824
0011c2e793d6eded8ab7d4c76c14278bfd870ab91918a17fdeba7d287f0051a2,13.0,0.2471,1.1882,0.5131,4.0,0,0.6129742029905958
0011d1930636c6a57fab755d232cab01d68d838a090ca348b0c5aeaf66e982a3,13.0,0.1689,0.9066,0.0591,5.0,0,0.07972843363322808
0012251d7f58c0b74b04235aae964e2bd0057f9063c3b43b628ddc4da73dac32,13.0,0.0,1.0,0.0065,0.0,0,0.020263886945132575
001248c3a0838fcab80ecc8693ac841053c114b9b1316dd60057e9ebfb992577,13.0,0.139,1.0957,0.6796,2.0,0,0.3591673081951429
00125d34dd5d1927e7a37a0824aa449477a596240870938999265535443c6d34,13.0,0.0774,0.9081,0.0718,3.0,0,0.060230317967519875
0012ba67e6f054122e685070618c45c5cac9730ca60415710a629d8c5f22c58d,13.0,0.2088,1.0608,0.7624,11.0,0,0.5837807271595744
0012d8a68050cb362ce5ea56889ab5a6f47b93061b2642e88df269a757d257af,13.0,0.0423,1.0024,0.0179,3.0,0,0.02146030574050065
0012e41fe6caa3ba31b55b3de2030cbb77b01203aeb4a5c6677de5b80f15cebe,10.0,0.0,1.0,0.0067,0.0,0,0.02219398911428473
0013037420169086d185f38034d9c49d748867436f88113fa2680651b9c98384,13.0,0.4945,0.362,0.0299,3.0,0,0.06460452111988269
00130d73f6ebd4c0066dd5ec5c290378ff29d4fc62c17735f57f88cf3ddbb1e7,13.0,0.1329,0.8805,0.0434,13.0,0,0.02701141346240813
00133365385097cee11a8991c143e1bfb2700b8dd8a2130ce654c76af59f3b5e,13.0,0.1246,0.8268,0.0484,5.0,0,0.01907007190731251
001367d141f4934b83746b5f9c0335032b48f45c63d9b7e29a0448ce5c49389f,13.0,0.1573,0.9776,0.0542,13.0,0,0.04706984772144991
001371860325f7efd83b1351d5a9866714f0a304ca723cfa2ce579f8a8f03fd6,13.0,0.0891,1.023,0.0428,4.0,0,0.020015154548880868
0013aec23ec43115b36503ff93354be5ef6be81071cf8abb5301740a15d3c1f0,13.0,0.1447,1.0487,0.0421,2.0,0,0.03281938680450081
0013d20434fd2e0953a135662fe2ff53583153b6bdf6734c7610d93166f2f283,13.0,0.1219,0.0,0.0092,0.0,0,0.043118386583771276
001404030d4c78b76bf02e809387611bdf6b708a42c5890ecc057970b51bff87,13.0,0.3035,0.8324,0.0392,2.0,1,0.14391231750430566
00143562662d1d9dd8316e172f7341c009d2999f59ebf002997f980a45edc754,13.0,0.063,1.4781,0.9314,4.0,1,0.5226704943874363
00144998273d201cca895e6b7cf7f637abfbcff9fb59c757c54f7a245e00c3cc,12.0,0.1749,0.5671,0.126,1.0,0,0.1876970431356128
001464e684ef9332f7dc98b2e4bfe8f9d37a0327b1fc4cd1d461c1d78ed76afe,13.0,0.1342,0.992,0.0863,3.0,0,0.07475853262940517
001468095f1f3d2b03a6f5a5b98bd96fb1fab062796e53135b66e95e9814f4c9,13.0,0.1429,1.0702,0.0298,5.0,0,0.02178956659669032
001470351ad71323caeb224578fde4cf9316c7813a28a98ba028bf3b9d70cfa3,13.0,0.278,0.3633,1.5793,8.0,0,0.7748101280181338
00147acd28d88cc2e85209eef8b2001aed34d811e76ff1218dc7eb482f00e1fe,10.0,0.1548,0.894,0.1656,3.0,0,0.2655869580351739
0014817ab56d84f62bf5f8a34e95b0338e7c21a71281d154661515bf602d72c4,13.0,0.1098,0.9375,0.0669,1.0,0,0.05023218418938584
0014a1298865808ebd775c14c8a1b7cccc80affd9292097477377eb7835895ce,13.0,0.1468,1.2386,0.031,5.0,0,0.027446123276332487
0014a144633289401232618fa318c27017c3310e42e306ca93ed3e17dd65bbda,13.0,0.1418,0.9279,0.6212,1.0,0,0.3607852392459532
0014d127fe17a4b9a25e73c4bc207f3ab2aae8f870e546dc30ddcd231a816e9e,13.0,-0.0184,1.0,0.5797,9.0,0,0.2951892044891005
0014d951622647e823722b75013b52df120f9ca0f8acc57321616e6a4a1f80f7,13.0,0.1955,1.2233,0.0263,5.0,0,0.03981110261059075
0014e205f5024d839530a6895edd5151ad5378ef690941ef24f5d92e1cc16982,13.0,0.0761,0.0,0.0216,1.0,0,0.022892044767834064
0014e4c67ceef08a476bd84f4a64dd66360c9c4df7caca2b08c705798ba93dca,13.0,0.1282,0.7012,0.5456,7.0,0,0.2547807564758802
0014eef7b7aefc114ea48847275fe8e5c14455e5adb43a7487498aecc39d258b,13.0,0.1155,1.4186,0.0413,2.0,0,0.02454671967139492
001520e3f8e1500346051bc74ab3f17371d56ec15062572a815ffbc42205fbe6,8.0,0.1511,0.7728,0.106,1.0,0,0.1555198624423601
001555fa1e938a37a12b972a7f4457eaac6c87975e37584ce15dd323d9f67bea,13.0,0.5515,1.2239,0.4756,4.0,0,0.7423447766997135
00158cf08fcf7ec058529dd71b4cff04ce89314e79840b76a183afa0ae941c34,13.0,0.151,0.9372,0.0137,1.0,0,0.023623551171624558
00158d184f930e405cfd489bb7767faed1533df6c7552587643baa878bd04a00,13.0,0.1462,1.1658,0.0225,1.0,0,0.0248997336036635
0015d621bacbfd59cc1479aea405645ecb480f6ee779e06d66ce55da3bd397fd,1.0,0.1783,1.0,0.1355,1.0,1,0.2634123390427585
0015f17c5ac57874c05c4a4d0f9b59fd352d2d242d5f917c7ca05b29d96c8b6c,13.0,0.1301,1.0612,0.0177,3.0,0,0.021382743235281797
001622b52f6cf47344ffc23ab4e468fc33104a52147a419e18c855a027035d44,13.0,0.0,1.0,0.0113,0.0,0,0.07688026147883344
001626099060b23a2fccf651dcf67b1f22aba9f24433377e94bbad4daa64296a,13.0,0.0,1.0,0.0059,0.0,0,0.021280478197017946
00163cf7b8cc9cb2781ac05331d83c3ae7720f4860ee8aa2a3f0fb70b13f2f25,1.0,0.0,1.0,1.7783,1.0,0,0.6189234741687101
0016b9485e459e660a7b05fa1df47c5e206bb3e62836b9c24e004dc87ec7a2fc,13.0,0.0,1.0,0.0061,0.0,0,0.020263886945132575
0016cd50ff138dfeb9debf1cfcd4cb086f6e44507061c7389b2cab8e7283e752,13.0,0.2698,0.9486,0.1023,7.0,0,0.4141487266787952
0016f5abba737a65efb60e50c9088ea2ae3f5d157f0c0030eb488b1de0457cd5,13.0,0.0863,1.0281,0.0288,3.0,0,0.020079311343738016
0017039b6f3eceb538de3d312f77028bf274cf61f992a3990d0fcb77883846e5,13.0,0.8659,0.9209,0.061,3.0,0,0.3546672157001096
0017487d48be1c9137ccd39585bf718aa0e97c12925326c7afd4df5a90a0ce83,13.0,0.1581,0.9106,0.0301,6.0,0,0.019720570905347096
00180f888f085461977442e936ab051e02fdf3ea94c2a1b6d900ae234758ca49,13.0,0.1792,1.1648,0.4325,13.0,0,0.5081924217523927
00184f2c2f7711251d61f430f47014e398238b6a097aa53a121e28f4055241f5,7.0,0.289,1.1107,0.1941,6.0,1,0.6372904800697368
00186b3924dfe0b73426f31ac691a272697c0794f512d613fb200e4fbdc4c198,6.0,0.2892,0.9993,0.04,1.0,0,0.07911572837687453
0018753794d55ff4ab24aaa7f8e65d504fd1efbf04e369f166dc2f2158513462,13.0,0.1747,0.8935,0.3838,1.0,1,0.3696259669785052
0018b9615720ef360b4036fc8abc25f5412c4d258d345d5e040c52382ac802bf,13.0,0.4308,0.9141,0.0144,13.0,0,0.06368249484961055
00191800f4a05e90f0afdede2c04fecc362f48be289ffffee67ec5b431cf297e,13.0,0.111,1.1065,0.0312,1.0,0,0.024466902738870765
00198271158a46bf89b3df6184e3a84bbe02331637f56e7c22d502da5805c487,13.0,0.216,0.8203,1.5579,4.0,1,0.7619715008414574
00198d342a10d2153efeff31cd500be958a226204a6bc3058e17fe51dbd27a48,13.0,0.1595,0.0,0.714,13.0,1,0.4499458006300723
00199bc3b3a6c6ed3e418dd53721d1c29da9bbc29f00bbd922204710eac5c8da,13.0,0.0858,1.5574,0.024,4.0,0,0.019869527167792538
0019b0b705b2aa3aaaec7e1d74b829dee8a38502907597de78c252f5c2670251,13.0,0.3195,1.1003,0.4656,7.0,1,0.6570914485341978
0019d00f6dcd584a6829b7b971e2f3394b9f2bcccea73457e5104bc52c3ce1cf,13.0,0.1324,1.0424,0.0484,8.0,0,0.02455358758419689
0019d85b7b76f91d1a9be0e2344acceba20ddf500b7a106963decb50aad22209,8.0,0.2236,1.3129,0.1159,3.0,0,0.364886951574269
0019dd523506d023120548b46061ed4a67ab6e1cd88c6a90108ec0bffd88cf58,13.0,0.081,0.0,0.0084,0.0,0,0.03646277077981743
0019f78139490fa4b5d8c589d87656d7277c47d4177b7b607d47b93545962080,13.0,0.1036,0.0,5.19,10.0,1,0.7402459642107938
001a152e1893ab8372e7c9627c9de2e024399f2660d5d8c5dc027bc5083144a2,13.0,0.0894,1.198,0.0387,3.0,0,0.019466854691321776
001a269af6a59cf414110824defc752f363f7c0dc23af3bbe7edf25edb9923de,13.0,0.0306,0.8588,0.0745,6.0,0,0.07456412193082489
001a3fbd90f8063452fb7e136b6e2d4b43e111433ebd579bcd8ac39129bdf89e,13.0,0.1045,0.6889,0.0509,6.0,0,0.01926340130330191
001a4c2322fbacb33598adb0da17c43e18fadd129bb1d71fad52173da8e1c053,13.0,0.0,1.0,0.0083,0.0,0,0.037720949013385574
001aca2a9e2932eeaa19987bdc6e10859e8724696e3ba1da21bc075afb8c5e50,13.0,0.3786,0.9578,1.0391,9.0,0,0.6836600897997903
001ad1496eecc50eab1dbddd669a824cfc257cab6297d7e86f10b8c15bc1a8cc,13.0,0.1519,1.1313,2.2115,7.0,1,0.7770129023414724
001adb0774c0df8e6405c3f27dd84887b633b8143f9147d0b29a3dcc3489caa2,13.0,0.3453,0.5627,0.368,2.0,0,0.5558836773810877
001ae0d30660eb6a5182b87e7d6869d45f53892edf993435538104d0db3347ad,13.0,0.0,1.0,0.0063,0.0,0,0.020263886945132575
001b32e4a338c536f2a2237b90f7c40b19455ad2aad94f13d7bbbe0d2cd55667,13.0,0.0895,0.9953,0.0231,6.0,0,0.01861274868819494
001b34655780067d806954c2129027718512d0ddf1b0f11b8da3ad6af6926511,13.0,0.2402,1.3447,0.1044,5.0,1,0.44938857671725463
001b3bfc1c9791df630786495eb9f6d7b6f0a3f213d6819652d2c42581a16493,13.0,0.0428,0.4421,0.0085,1.0,0,0.02526834027779464
001b7e638f4a586101544c5a68c1d62ac5db920c7498f363b739fa46e4ba6acf,13.0,0.1625,0.8719,0.092,4.0,0,0.17044548998987402
001b7ffd50e362afad337496077d43ec17ad1a3f14cd9652b3b1065c9e208589,13.0,0.1089,1.4521,0.0149,3.0,0,0.01992416448609311
001b86346f6b042e0fde740d586edd2eca871141e4d890107976692bb1f3d936,8.0,0.2282,1.4183,0.2279,4.0,1,0.6222816743384209
001b8b68722cd18ec85f1be00f0d4bde43a27931057eb4f93faa75c38ed244df,13.0,0.5599,0.8621,0.0062,9.0,0,0.0564155223873755
001bb176e664951c898309e2fb39d0e9c76d0bded13514d8193c25867eb05d6c,13.0,0.0,1.0,0.0119,0.0,0,0.07704350507592042
001bb94dc268e39c9345ae6d3d3c07a87791092ec63d955a897fd1ce5613042b,8.0,0.1466,0.5082,0.0516,1.0,0,0.029935578915623845
001bbdaa59cba9f0a65c50c808ccae731c8fd947b69eed5cb9f744d005c68981,13.0,1.1399,0.4758,0.4728,10.0,1,0.7178385209521484
001bc08002389732bee5aede54b2b97d226136d15e61a6a7e4eb3344698cad92,13.0,0.2054,0.7876,0.0376,2.0,0,0.030221592431604972
001bd5815ff1a2dc44f627d298ae27c2d89fe7f37a9e25cb5b6c085803f36010,13.0,0.1886,0.8303,0.3199,5.0,1,0.5028777217584517
001c135588af2ae218a4a69f2acc6fe6b91f72eb470d82eed49019275475d175,13.0,0.1105,1.0475,0.0348,6.0,0,0.019088190266165435
001c886240970cf7f9c6092f0f8bda6d17100d4ac244d5fad72497711ce2d341,13.0,0.0824,2.1187,0.2672,1.0,1,0.4513135324979152
001c9e6229cc6e64c6e45a4f8a8cccb572abe238224afd6a705dbd0d472e6e4d,13.0,0.0145,0.0,0.0069,0.0,0,0.01769300875936031
001cae3f34d6fade52105a5bdace54faad96eaff5ebcf6173a770f981c2c2555,13.0,0.147,1.0019,0.0895,2.0,0,0.11474195906504989
001cdb20ffadc532a456ed4d8af7f8d6b9e1924dc867440d6b79e0eb6dd60739,13.0,0.4753,0.3446,1.0185,2.0,1,0.7085417597284946
001cde1044b029fab66773573e6c69c7270b0c0c4b94756ab2bd071f907167bc,13.0,0.1632,0.9991,0.499,5.0,1,0.4324726737884936
001cf7c4466fd79fe548cf3cf8603efe2e89d6b25e457014c26e3fea9c361c37,13.0,0.0,1.0,0.0065,1.0,0,0.023703382106237746
001cff857e3644b5d2119188c19036948979eddea5db37dc23720c1a921721ee,13.0,0.0,1.0,0.0056,0.0,0,0.01978947117409603
001d09cc9aa6ded94f20db9cbe0b5c384945e716b9f16b13ca3a63f70059c904,13.0,0.1449,1.1263,0.0276,4.0,0,0.02069940745099566
001d1f5a920edbfa679f09be6319f95531020b8be9a5b60cfab92b35747d1edc,13.0,0.1298,1.487,0.0384,1.0,0,0.027599387280466684
001d44e49a002e8e641d3ff4dcda79aaaea657bc8857bac4173762b3748bfed6,13.0,0.1275,0.9916,0.3458,8.0,0,0.2727286839463233
001d474dfb85feeabd59ae7b9d11cbe171c32bb8b0d95c5c88ede77aa4fd7d5b,13.0,0.1505,1.0471,0.0282,3.0,0,0.0247791284795967
001d5bd42389cd1cee3f0a51f1604f1cf260102253190690451c10ac221e2560,13.0,0.2343,0.7456,0.01,1.0,0,0.043154534391256015
001d7c75a4bbe4653d80a8ece03f356fb406dcd551151730cc0da6d521d012d9,13.0,0.649,0.9182,2.2938,5.0,1,0.8351759845058112
001dd05e0f5c28a08463f1715a096aefd7062bbb3d7da582ef1d0104f2d085d0,13.0,0.1566,0.0,0.0311,0.0,0,0.08658286500243577
001e0caf68a69655bd8d08f13d3a1f022ffc199af27ccc612721d2b988b19968,13.0,0.1558,0.7849,0.3424,5.0,0,0.3617016778462541
001e2035091bc8fc6d3a772a944ee965dc2abb67c195cfcfa7c61b88eb77e969,13.0,0.3069,0.5973,0.6568,6.0,0,0.6469319815814694
001e2ceaf1421f1477c0de9ba1c9357b9d278f7b670ab71f5184e4a2436061ab,13.0,0.0,1.0,0.0072,0.0,1,0.022280945636023855
001e31ec62f389987c11f4a164245cb84b1876c7c814453461a617b4b326ae18,7.0,0.1304,0.9339,0.0574,2.0,1,0.07834837442047554
001e357892288160c5e16cd84e79c1939c3caaa2cfe60602204628a90ef0f804,13.0,0.0953,1.2021,0.0328,5.0,0,0.0176987594936555
001e505b4ee0ca27188921c511fefb2de57406cc647aebd23f1c55312ddf206e,13.0,0.5421,1.0569,1.0977,2.0,1,0.7406310399855625
001e59e35cb9fff52215ec8ab07f325555364be80a409b873e2a7546663be173,13.0,0.1615,0.7753,0.1099,4.0,0,0.22837957269798037
001e73379368079e9f00d72d4e4839dd6c684a8c9f34aaec51eaaff3c02adc58,13.0,0.2624,0.7089,0.2362,3.0,0,0.5937919121791525
001e8217c5b5dc672993bce94cee7dbaaea8cc401244979e95ad989dc4efc90f,13.0,0.1307,0.7859,0.2294,4.0,0,0.2567689448227582
001eb25f7956562f26228d307942c5a40b7eee1bb9b98791c726b16f0a0e5c0a,13.0,0.0729,1.1473,0.0193,2.0,0,0.022338433228647814
001ebaf0a7d91c46709feff7129c9ed613b9a25d9b07d97e9dda8adf3c5e983b,13.0,0.0,1.0,0.0046,0.0,0,0.019980332496187008
001f0681a75ca4c48191fe04f19cf5b66c6ce0c546ad4a3e61f2fa5ce026ae58,13.0,0.2178,1.5765,0.0858,3.0,0,0.22640508773147314
001f781c7913e962b9fcb8e7001663f0a31e0646b857f0f57643942de49d80a5,9.0,0.2112,1.0162,0.0863,4.0,1,0.26392205202179675
001f84a87e8bce32612d776d2ac0e2ef42b3e5c619d2b289bac1552634b8d539,13.0,0.873,0.436,2.6298,6.0,0,0.7500206292143777
001f96314444a9296f5d5322fe6f9b647888127286ab0d3a8d356202bb88557d,13.0,0.1142,1.0777,0.0274,2.0,0,0.022856672574799144
001ff5350ab524ad281b84d191c1d196bb575935ee0bb72405be692c9b0eb1a5,13.0,0.371,1.0764,0.1072,5.0,1,0.5224733804550035
00203c34f17229aad6c484fcd71e4aa540065c60733d7fde0715777a53787b29,13.0,0.2933,0.5315,0.8228,5.0,1,0.6723708416160973
0020428bc1416872951c7405ff9d384e448eaadeee4b893876ed39b1d881795d,13.0,0.1761,0.872,0.6952,4.0,1,0.4633013664846332
002071212ea5e4a9d45f96003c41a784715014736ce63eb8f6c62ac075be28b2,13.0,0.1403,1.113,0.7227,4.0,0,0.48208304834384585
002087bb823a03362cb7bab0f04164f3a4abd1358c1cd4505463ff0463af77b4,13.0,0.8776,0.9788,0.475,10.0,1,0.7289453578959152
00209fa047a2bedb391dcdb7bda23f1976adb3d382d039bdaa9b656398def9b4,13.0,0.2959,1.0451,0.0522,6.0,1,0.22539054636953473
00209fef142c540fb6c1f521f65825ac0b514ac53efc3486d80186064e1eb969,10.0,0.1627,1.4871,0.0405,2.0,0,0.031515868435430014
0020c0d122674879c826799724a4d6d1c5d3de82fdec4afa18c2dad3c84c3e6a,13.0,0.1478,0.0,2.0237,8.0,0,0.711582604614
0020f8282bfac35e4f1f7fe5b59b2bcc9df6c3fd25ccf210de579f6bc9a23508,13.0,0.082,0.9183,0.0274,2.0,0,0.01990925289085431
00210a9c1561549cd90bcb3b1cab8d2ccac151848198514f15c66fcf08a9c844,3.0,0.0,1.0,0.0065,0.0,0,0.020263886945132575
00213e82686dcded496000d4440b2d94aae70e815ab6551c3e5570118eb1d160,13.0,0.3329,0.4212,0.0864,5.0,0,0.2935870842814332
002159884afacbea46113434fb368a58cada0185266fc239299035e6f648a54c,13.0,0.0783,0.5697,0.0331,10.0,0,0.020475053648470826
002161a6cf464a69978d4459cc85af8bf6ae4f03efcd9cafcc474f5d9d649285,13.0,0.5844,0.4827,2.0647,8.0,1,0.8121067252035516
0021abacf5a46170a4db2cf4d3f133d8823f691fe927ab26a4e0b9c00519218f,13.0,0.0,1.0,0.0068,0.0,0,0.02219398911428473
0021daa696e5e63512de8297bbd3b9cfbf476a34309d6e2fd71d72ef6e4538db,13.0,0.1674,1.9502,0.0095,2.0,0,0.04335893851733585
0021e230eafcb9f8229d49f717602e6dff5d3448041f707527f6e037540907f1,8.0,0.1726,0.9284,0.0152,2.0,0,0.023743225596032685
0021fda1616bd44277fc444066dccfc5078d7625427e69845be6b212317a4556,12.0,0.1252,3.2018,0.0464,2.0,0,0.12257790484654389
00225149c16c9a4c37a3e97ee0358ff482e588423afed1a79b0304221ee5e8fe,6.0,0.1944,1.2164,0.0158,1.0,0,0.043394795942037837
002259d195fcb87b15b98503ac5d2c4d29bc8383053ca3ad8951c598fbb6812a,11.0,0.1553,0.9602,1.0928,2.0,1,0.5093931286764997
00228dbed3f091f95c3668240a9e304551e8ca063b534d8cf06cb85b7aae7491,13.0,0.0731,1.2469,0.043,10.0,0,0.021585176784647
002296c2308b09fcd67c4b1b24378843c3237e1509a23913141fca18524a1781,13.0,0.6259,0.8913,0.085,4.0,0,0.3727141245878813
00229b900623d8826af93d0246efe7434a56c42c35c9f239728ebb50833fdcfc,13.0,0.6192,0.427,0.0389,2.0,1,0.24466812862654716
0022c2a2417deff2632c5f26a23154ab2b5dbe3c98bf73467aeffd63b9eb66ba,12.0,0.0927,0.7358,0.0554,2.0,0,0.032683641864767694
0022c67e5523bb50b4d15fd20a7db6add64dffbaec7a38c3a61457a91872fb77,13.0,0.1064,1.0551,0.0687,1.0,0,0.04920451103989772
0022cda28ca2851c2b46b4bd1615f6d4a380710585b1bbb0db35b3ab8105d77a,13.0,0.1768,0.7057,0.0271,3.0,0,0.032196355366230764
00233f65ebe2a29b2625781b3eaa3646dbe470285695cb2bcac4a883e90126ca,13.0,0.3289,0.5363,5.4316,4.0,1,0.8808613206244229
00236b7198b9c9a91cae37603f0f2c50d9c6a089788a4cee7057e9be69eda1ed,13.0,0.1165,1.0309,0.0556,13.0,0,0.03406895687095932
00237aac0b2f8f6765ab8ac6ea3212afa40fab21dd3470af6f78ac4ff7b98a5b,2.0,0.3581,1.0121,0.6509,1.0,1,0.5754084912442303
00237be3e4f95823b5777a4bfd96a0eb02c9c34227279d4021c48c639bbded6e,13.0,0.5838,1.0892,0.8928,11.0,0,0.7368162617499249
0023881c865b09ce459e27405bf23da2eb39d57084a5446d7e8e1085a171a805,13.0,0.1144,0.8546,0.0424,10.0,0,0.019550488904877407
0023b642e4c492117002174d12b6509635b609c3d83a90ee2e859471394e4cef,13.0,0.0,1.0,0.0072,0.0,0,0.022280945636023855
002415c4869a42f5abc32afc8949a79539166e976e3e7324ab3c648b3d73e179,13.0,0.0102,0.0,0.1191,5.0,1,0.17212215149503354
0024753e67ff07c9b87a98b45ccb4e8a6adf509bc38d9c50a5bd86aa45339db0,2.0,0.1737,0.9876,0.0213,0.0,0,0.06548235346394424
002495b4dbef63be0581e1763ba67322cfeb9d4da17c0c1a111f60f0517fd86a,13.0,0.2058,0.7571,0.542,2.0,1,0.5176543806875368
002495e9c135c7a01a964ba0def139b23d5e66927186aaf914d997390175d963,13.0,0.0,1.0,0.0061,0.0,0,0.020263886945132575
0024ac40b501559a3eac7b555d0809966772cbb7656dea5d7662454e392dc641,13.0,0.1293,1.3791,0.0701,2.0,0,0.061048379315707973
0024d9dc667535be8ac3d513003e4190cd687cf7d71008c4fd6a88ebcc34ab04,13.0,0.1935,1.9276,0.0051,0.0,0,0.08783320352928398
00252a52c9d997f25742e8d4e026cda5b1b94d33a850e3b2dd13de2609c31e6c,13.0,0.2131,2.182,0.3529,3.0,0,0.5812576272837005
0025bc382de57ed77c1688817331aedecf4195c900ff0b55c3093a6c69aff37a,13.0,0.4034,0.8295,3.0024,11.0,1,0.8697339086990336
0025e7e51155da48d85ec08007dad0a7b981a88e88dfb795eb3f6f905759fb9c,13.0,0.1574,1.006,0.0545,3.0,0,0.044857704640669994
0025fbc119154ef74871fd820ae5eadf602e42995c7b7b104c9f3e3d6da71342,13.0,0.1171,1.1209,0.0373,6.0,0,0.018841998632061194
00260f508cae134b286fd4deeeaef5b7dfaf92c53e147d06c7794d9f72c536f3,13.0,0.0,1.0,0.0065,0.0,0,0.020263886945132575
00268773e3b07b3d06b06e41f96d460184e3a5fb3a4f44c79d1d6bb9ee512f71,13.0,0.149,0.9575,0.2058,7.0,0,0.3390751788079028
002689a0dfd98a10b1db28c4515c8ec5106f07e0837271a9c5b2a8b12236d511,13.0,0.0,1.0,0.0059,0.0,0,0.021280478197017946
0026d93c0e76d575f1e7120d5bd83bac6b1ff4c8ebe65289c80243d6f80df250,13.0,0.1171,2.9867,0.5134,2.0,0,0.48355784919806316
00273a85b50fd2f0db9b6ac44b2866c4a4548e508492c1d7c149efba0608b9b1,13.0,0.2375,0.7579,1.1849,3.0,0,0.6228170605265155
00277dfc8e04d2617873acfdca568a94f49ea8f99c81ade27303d3ca9ef804e9,3.0,0.1643,0.9787,0.4115,2.0,0,0.37568980123791107
0027871701a9fbaa3889316ecadbb8b7f3564cc71507273aa45934a6bc9fdf37,13.0,0.0751,1.0885,0.2478,4.0,0,0.2508657596407698
00284a5b7b7263197c4e728a91609381af305b9cf7a04c1241cfaac199e68507,10.0,0.2387,0.8122,0.162,6.0,1,0.5876455332730575
002876fd0f5efc5ca084177ebd0dcb3ce096f5422b93c316fc56833a8bd9f85b,13.0,0.0746,2.1609,0.0069,0.0,0,0.03665839886158302
00288bdd72b037c39540af3ec7f309cf00378ff4889786c50fc025c0d9e67ae5,13.0,0.1429,0.7647,0.0582,5.0,0,0.07349586935763087
002890a84241e45593a3fe6288836eb5a5f128eeaef7fc2a5b44f376cfbc1480,13.0,0.0985,1.8541,0.0329,4.0,0,0.033102578418624545
00289ca330b21a57eaf8d2251ae52e007ba2baea743fa6e0ad153828a1ba411f,13.0,0.6053,0.8362,0.0829,2.0,0,0.33273582297890647
0028c7d508f727f63d5d81e667ce662946e8a36e07c7d34adebdb1decd312382,10.0,0.3197,1.4302,0.6051,4.0,1,0.7227451044154202
002905d909ed33590b535fd0ea8d8460d9930ae0a387dec48c547443a7889d99,13.0,0.1348,1.1088,0.0288,6.0,0,0.018160522764928827
002907d1006ec299d6b4c756ed92920c915ddbbe34434a4a667221ce259e0b12,13.0,0.1282,0.951,0.0428,5.0,0,0.019390462708957657
002917e61057fe0fab6a86b0a3dc4ebd104de633bfb1d1017ffb0ecf2df8a706,13.0,0.161,1.0551,1.3477,5.0,1,0.608518136041549
002918cd5d64f47f6e1390b4e78cac2f417c91fa134d9bdf6b80b5e8bc0911bf,13.0,0.1566,1.0711,0.0699,3.0,0,0.08725756103876614
002972bc21889b65af21667afbeb986fa4fa097469308848a3fd171fafbe1de4,13.0,0.1826,0.7842,0.0212,4.0,0,0.03123542061584921
00299f4c6497510127af0f53cc0b363a9021ee71a9aa708a3869618d34f1790f,13.0,0.114,0.0,0.0157,0.0,0,0.047687053969463024
0029d45c7fd5b96eaeaef3dc73d88a9aa0f9bf22c010ac78e0cb59a643379fb0,13.0,0.365,0.5476,0.0108,0.0,0,0.0563241254594819
0029dc52de61302d1db0a2bc4a2649c0cfe3287b493db39a9e20d23d791b2a11,13.0,0.201,1.3909,1.5922,13.0,0,0.6942938935512742
002a5292e5bf39183ce10d0d1dfb262863f06cf6cb6b2aa76c7ab307abf047e4,13.0,0.1608,1.0313,0.029,3.0,0,0.024077830889864975
002a89c08c62a36e0c08816bb4f6eee3b3baeff362f2a0d1df2475c56a82477e,13.0,0.108,0.9743,0.0369,3.0,0,0.019854856701266868
002aadcc911c73d7cfe49da42540698f87bfc01469e791ee233cb272a5971276,13.0,0.2252,1.0827,0.2197,5.0,1,0.602790812697406
002abf4ab6b6b6b1f05369304c0dc8ec61ba078abbccdd015d7d7136dfda6ca6,13.0,0.159,0.7268,0.5918,4.0,0,0.40427928928289264
002ae7c18dbbb0262b424c78589c22902b7bb98591f0cc5a62c834c0b65e5f74,13.0,0.1147,1.0742,0.0548,10.0,0,0.028300580223352384
002aecefb7eda454013049ffe6243484f7f47d97158a5f96468815b12809ba93,13.0,0.4952,1.2947,1.5987,4.0,1,0.8465944968162981
002b0d5883820427536a2a4ce5b3cfaab73e1907cf8b561e86fc67d7898c13a0,13.0,0.0652,1.2023,0.057,5.0,0,0.048947757556913246
002b2925950c4e319887f30494aba09a5629345a71a90eef5e899f54da3113f9,13.0,0.0,1.0,0.0104,0.0,0,0.07688026147883344
002b4831b4dbff67f987b2818b9d7d1075f6e6e7e32bde8638d6ce0fc2f4eb36,13.0,0.0927,1.7995,0.0287,1.0,0,0.03326975707522415
002b66a636237d16b2344db6c39210bae5f091c9caf8479e6066101b4a197ce0,5.0,0.7978,1.2739,0.2193,3.0,1,0.7169514968141937
002b930ad6a7e6551482b48a4dbf0f43003e80877f72244acab3cd43088249fb,13.0,0.2328,0.7989,0.2856,6.0,0,0.6057753303254716
002ba04d6b08c2c2fd24603ae2fb3dc53396342c9eb39ac5575f7bf07fa09e87,13.0,0.4166,1.2836,0.0287,4.0,0,0.09113300318627429
002bd199507ddd0e570085047ac57d8ba6c79890aa36df7e86f297442a3fd9da,13.0,0.1489,0.8829,0.3663,7.0,1,0.38533935371495676
002c2afa74ba1eb4cb6a17e51b9f5c77162f83aa5ab756abb6eb330352971e45,6.0,0.2395,0.9617,0.4699,2.0,0,0.5478606081472047
002c354aee001377ad35ed449c58ceef28fc483fe8d755f611cb63aebe83d898,13.0,0.1356,0.8143,0.0227,2.0,0,0.01916533467682402
002c56c946221a438f997882f6be23f162d91785ae7ec38a72244457d84b51d0,13.0,0.0,1.0,0.0053,0.0,0,0.01978947117409603
002c5fbf291478819754559d7abb08f6e6d8368b47d38143bfa7c1ee19a25470,13.0,0.2216,0.7928,0.5061,4.0,1,0.6073180080383714
002c6f85a397c09c84510575a7ae2d46702e0ad5e4ce5230ca99f2cf8905ddae,13.0,0.1657,0.825,0.0536,13.0,0,0.04765818355918728
002cbbf6cb777d7789f9821d4edcffe5b9b607594fc53b6e75a0b5ed03ea96f1,13.0,0.1985,0.8387,0.0412,2.0,0,0.045528422807473795
002cdd75b5aff0edcd3c10ad0c5a05c48e23c86844689eaa34103a206606fe65,13.0,0.3981,1.0874,6.9546,4.0,1,0.9095143892031075
002cffc181268e68c0402dd09e8114e3be4c8407f2a7065fb9ad08e6858729ce,13.0,0.0,1.0,0.0057,0.0,0,0.01978947117409603
002d40e0f4aa8c81f44e09c6b90cf76bf9dcd1937cc904fb2c7902c307c5464d,13.0,0.2019,1.0358,0.3501,6.0,1,0.5468955368280951
002d43ecba89678f115a51dba7e87787220e8bbdf966b88dee723a57f12f891f,13.0,0.1504,1.1609,0.0955,4.0,0,0.20069664438324838
002d50aff000239afe145df23b63a4d178fc084a52b349803d3d851e7173db33,8.0,0.2892,1.5034,0.2186,3.0,1,0.678176781542312
002d6c879b55da7dca6b7ae8bb5054a8ab9c5b24e0b15717f46c900f01977e59,13.0,0.0,1.0,0.005,0.0,0,0.019980332496187008
002d86c8c1bbb7b72fa6d8684dfcf2bfbeb215597e7dcc37abc9edee6703bf95,12.0,0.1482,1.0004,0.0513,12.0,0,0.028558441122317868
002d91896f5792a0a8cf1f0ae0395a114a7e58cae4644ee19f857784097440ce,13.0,0.0,1.0,0.0055,0.0,0,0.01978947117409603
002da05f7452c77cd4acaf72567594c2b99ece16a870dd84c14c3755845a3e41,13.0,0.0714,0.8436,0.0452,6.0,0,0.019088657647956885
002daa6a5a4fb77c2d5e6dcc0c7c18101f804f6c967955b44193271bcd65d4f5,13.0,0.19,1.1669,0.3412,2.0,1,0.48814885996140644
002df19719e0c4f38ebd26aefe15f12b9d0a76d78e7384832ff49ce43b21457d,13.0,0.6941,0.787,0.9129,1.0,1,0.6951858479201072
002df8c3c81391f9d324b87da24a0f8e03433a047d131a89e9537f3c6871a99f,13.0,0.254,0.5799,0.1579,4.0,0,0.5476657213238614
002e0d390fb2f8c6ecc5a60dc9a5ab1412c2a2de2486af1af96155ce2658b0a6,13.0,0.1526,1.1308,0.0397,4.0,0,0.02426907406516783
002e4014387dde9040ca3f17b87057efa00e0a317b049c20ce1bd6d9e999ed9e,13.0,0.0973,1.8143,0.0531,1.0,0,0.053429725585971574
002e4c7a834f780483e2a88a055f48b360b45c69bfdfa3f610a5253d2272b9b4,12.0,0.1985,1.7196,1.5752,4.0,1,0.7352700017459817
002e53f280c37fda8935a6c007da11496e295abb282416225af22f0e78f1448a,13.0,0.1683,4.7321,0.6135,5.0,1,0.5446022934371848
002e58f1488e06ba0ef0c3d8a19f49fcb1aa5ed35c6a31a43229e80eb067b011,13.0,0.0,1.0,0.0067,0.0,0,0.02219398911428473
002e667494c72bd58c8d85b9cdb7bee71da07c2c351fa9debfebbc1c23639dba,13.0,0.1417,1.0301,0.042,1.0,0,0.029031233444205235
002e68ffe40c89b51dc6d1aa5abaa05f2455fa60f17baff170e60b7cc3277693,13.0,0.0799,1.2273,0.0483,3.0,0,0.021303198081283406
002e6c7e69fed262546d5c5892f4c68a9f7c8ad7cc647d9efa38ed0b40acfafa,13.0,0.1999,0.9203,0.0433,2.0,0,0.061050973506102106
002f16c99ff01e456cbbb2c6a623492f06d1d226411ef6c73574a2bf8e3fb7ce,13.0,0.0,1.0,0.0064,0.0,0,0.020263886945132575
002f580130df88c397eb3187992b0b53b9aba30386b782d98c600827e989a47d,13.0,0.178,0.0,0.0192,2.0,0,0.030681495661183528
002fb2476d25d1c16d7803f03cfc2443ce9ff6c7d209b29a642c015be64332a1,4.0,0.1215,0.8477,0.3669,1.0,1,0.22845320109908612
002fd67de9b539d117bd84d5cf6230088591bbb6c41ab12f6a8699d5e1ebee91,5.0,0.1655,1.0326,0.2862,2.0,0,0.3780918235442772
002ff6a118758f1a4f0823fa2af1ca1319f22df93f0a02af5a3f6ad52a367139,12.0,0.5226,0.7617,0.2603,7.0,1,0.6847650924029729
00305974968b8192860080ea2c08975092acb61aac1c9be6622770c3716b3201,13.0,0.3516,0.8211,0.2971,3.0,1,0.662605199569589
0030b11b1076b97b4d9a7afe72ab455362877c109d7f698b528c2b0a0ca4974b,5.0,1.0418,1.0055,1.6746,2.0,1,0.7630914006534207
0030bd28242750e9770dd14ae5b9ae16f1fd29f26203fa2b984e3111db483040,13.0,0.3021,0.8097,0.0418,5.0,0,0.10058132030482493
00315d5801abdec8790f873ed4d3c1793d6aa541c94ef9654d353cce7f0c03a1,13.0,0.1428,1.1,0.979,4.0,1,0.572195367644109
00316e721ccf7d9911008588b42cbb8966e1373dbeb460e484b5bf706687d226,13.0,0.158,0.9639,0.018,1.0,0,0.024179191590076157
0031f2c7b79d4b15188f04b1a48302836c07542e4ff97f307b1ab0f036b905fc,13.0,0.2173,0.7866,0.0826,8.0,0,0.1512713719568162
0031f2f97d9828b50f0a65d81c14e369af79abdd877a7e08872810ad747edce0,13.0,0.2217,0.7728,1.37,3.0,0,0.7064082228418903
0031fb6d21624e95989be3c77e7cd2ae1cb50b12739541803a78909e272086ee,2.0,0.2047,1.0059,3.9141,1.0,0,0.6517709724355457
00329dcb99f46f998ebecdadc7882c640932b0eea2d4c800350933f95fef4b8c,13.0,0.0,1.0,0.0152,1.0,0,0.05165338435105394
0032e2195907ac2e53102d7c224191805f883a07ed274082c23b588735cb41cd,9.0,0.158,0.948,0.1751,4.0,1,0.352848752493112
0032e60f9f2c7204d93194cccf4118efba938c8d0deedaa59787a6ba7daae74d,13.0,0.1144,1.1191,0.0406,5.0,0,0.018032006596470387
00332d2f96c998980cfacc9e91ba22afe73beda726ed2dee45cbceeee70cf1ff,13.0,0.0728,0.0,0.0045,2.0,0,0.013873695482127768
0033a4ad2e579999fcf4bb7653af3eaac19fab594032a15a7a8f2f59b4e8fc3e,8.0,0.5253,1.077,2.2059,2.0,1,0.8740809568518187
0033a54b7a8bf7499a55c2bc198ec5a7879e7395ef2e7e468762de63fd2c063a,11.0,0.1237,1.7444,0.1302,3.0,0,0.2484393838075297
0033b79c1e81f54092fa9251a781567a2225d8f9d5468ccc9a87ead6ba63e747,13.0,0.0413,1.5393,0.0704,2.0,0,0.07199702980001434
0033b8aa51505dda1bde94b7a963a00583318f1648e4441465a3077e18e9e2ee,13.0,0.2274,0.8532,0.0315,6.0,0,0.04316021986595018
0033da35db3a15c28cf5af0ff61baeeffcd078df78b61c70375ca6a14abb41c3,13.0,0.7671,1.0293,0.1418,9.0,1,0.6861801397855285
0033f440ac4cf87ba555f1cef179e20fbcb337ce87a8720fc5fa3b840f63b711,13.0,0.0514,0.4459,0.0365,3.0,0,0.019333842104348405
00341951b43c9632a7578f364d1fc0551731a2a415edd18a31e7733e65e39ab7,12.0,0.1626,1.1972,0.4091,10.0,1,0.4936075474999735
0034654040fc5a987e549323ac5ccdd24cea7207b3e4369e267eceac5cccc569,9.0,0.1291,0.8673,0.1125,1.0,0,0.11106146137694108
00347f22de6abe0d38d68cc8e284ee2e2d27acb4da3f669f1d7989ca930ff56a,13.0,0.1624,0.8366,0.5376,4.0,0,0.40526552403372773
003491636f5638e541423c45a53830303c05dc785e8e6745cfbf16a482e88eec,13.0,0.0,1.0,0.005,0.0,0,0.019980332496187008
00349c9fc886c9a3a79337fe382e73d075fa92217a63a7327214524bdb1316fd,13.0,0.0747,0.0,0.007,0.0,0,0.017565738014278208
0034cd7fb57a114eb31e360664aa861bad6634c227437fda488b57258ea56275,13.0,0.1221,1.2053,0.0396,4.0,0,0.019253456592656343
0034f7e366a41d2500643c7dd0faa6302ce944743ccdf5c2bf60b52532742922,13.0,0.1553,0.9627,0.2495,3.0,0,0.36521533724367755
00351a596ea7014bbbb08b05cf0232718bfdcb5120891279c923fa006984e879,13.0,0.0,1.0,0.0061,0.0,0,0.020263886945132575
003539588ae1ce7175301dcfec50bbaec184878f9e9ba01188be2f6ebfe3f9ea,13.0,0.1492,1.0129,0.0871,9.0,0,0.13558308639156322
0035959e28e4ee910304471d7cc36a49c977dc7188315276cdf4ef824e77de89,13.0,0.7544,0.9074,0.8334,3.0,1,0.7466017139442498
0035f63615f807fefbc668882e83f7d0be07176e19391f4671d879d75ee28e80,13.0,0.1738,0.7255,0.0369,3.0,0,0.02690686266148503
0036151299f0985d4e2bff610a6f9bc6a221358a70085c4852fd026ac6fe1503,13.0,1.0609,1.3145,0.041,6.0,1,0.38250947329508456
00361b1099b8aaca5e7577f4ff094df9c30899a60f65d29ce2baf95f495fd395,13.0,0.1058,0.0,0.288,10.0,0,0.18353256479030583
00368a9338bc4ee45b63c4586fe1c69dfb3bea243cd1dc0ec56c087ba855b5a9,13.0,0.0,1.0,0.0072,1.0,0,0.025174868857605906
00368d9e468abde29f62e6bd0695012c3b05d1ce95c79c79e38fcc117b314267,13.0,0.0847,0.7213,0.6344,9.0,0,0.23971707355534133
003691dc8e44b65db531fa7057c50c637310772ea7ea022a50977b2a7aea54bc,13.0,0.4249,1.0703,0.2255,5.0,0,0.6695367852131959
00369ad39c06372b95bcc6803f72378adc1fa19ed477235ffc0665b5a305716a,13.0,0.5518,1.0933,0.2903,8.0,1,0.7377842241494693
0036a3000b078ead26c1a8b3273fd125aef0d141c88a671a99d974fba0f4dd27,12.0,0.868,0.9836,0.7163,1.0,1,0.6812645546468953
0036aa46cd16be50389b47930dc2b6ba5b0ead696b388940314dca170c80aec9,13.0,0.0545,0.0,0.0053,0.0,0,0.01572805593170433
0036d60f593213599206540420a5ac8ede0f42bc4553945ff71fe4497547fbcf,13.0,0.1302,0.9327,0.6234,6.0,0,0.3329512055080974
0036eda1ee0ba83184bf6b7254a95454bd9c189061eddf6082b45e7eed023752,13.0,0.183,0.8874,0.0141,1.0,0,0.028979449377652965
0036f5ee6b18386746cdafef5d5edee74a0722b60ad0ee4e3b86366876a8acae,13.0,0.1442,1.044,0.2888,4.0,0,0.395828157992933
003725d407762e4231400cbb803a3ac31c9e3e358771261d6ba641a84ea5bc1c,13.0,0.0894,0.0,0.7541,12.0,0,0.2841161857084793
00374d27371a250d1b4f912448990e396f67c057cb77e1c73d8c72c0d03164c0,13.0,0.1814,1.2028,0.0709,5.0,1,0.19681621992624102
0037688172f02cad6a69ea7b848c1bcec8ffb8190c8e33a6e0f27a3ac9a4eb2d,13.0,0.2203,1.1936,0.0373,3.0,0,0.04167071516478843
00379a8eabaedbceccf2d13a1496a51643e2a832c577a269ccd12906231a5451,13.0,0.1334,0.98,0.3003,4.0,1,0.3202467456413989
0037a425cf7a38eead71c97a01929df70263f53237bc0a3191d0ae7c4ecb290f,13.0,0.0758,0.4275,0.0368,1.0,0,0.023216412239248106
0037e0080bb0973f46cee0aa17c50fdfca769470af6bfae29b7b53f6d3848acd,13.0,0.1632,1.9135,0.0417,1.0,0,0.04111926707554867
0038076c133c894e0c5b18a45c40f9e3d94270a85bf8bcc534d3ff77bd142dd9,13.0,0.1552,2.1297,1.5819,4.0,1,0.6704652118320529
00381add71206762a785c997f2bad2fba44cd5d5235b3ee1d2789c1097b7a80d,13.0,0.1557,0.9074,0.7485,5.0,0,0.44214318025218324
00381f002b2db6c84bdc4dc1af4a7dcb6bdce74cd5d6893ed43de492aa49e5bd,13.0,0.1598,1.5846,0.0062,2.0,0,0.021173137956283904
0038bb758b0f7c3d346352f548af6e7e494a13ffbb2532ddf3535bcd488646ff,5.0,0.2807,0.9031,0.2066,2.0,0,0.552612683705466
0038eafc06edb305212a3fee4e4c9a362b3140c6c935238c259dfe31809f7d68,13.0,0.3382,0.4938,4.4759,7.0,1,0.8541817766891567
00390aa89af3921a1109b733d8686223f25e4661889437c49b6d89fc37fa14ff,13.0,0.116,1.0251,0.0391,7.0,0,0.02194603969431161
003931dae5e905bf7310a5162531382a35c015ad6f819c2ac4b4c927ee13d971,13.0,0.067,0.9096,0.321,6.0,0,0.23621384257667694
0039414efbbfe5194b78626f9f31122359c2c9e8f753ab6afead05497e22386e,13.0,0.2109,1.5822,1.1498,4.0,1,0.6520348163805707
00394e07aa3f71174f8bedfd16d64f194c80ad9445e17f299487d15709a49c00,13.0,0.8617,0.9136,0.0832,10.0,1,0.4932786856493668
00399a8792de8df82e7206f45a0687343b2d5446781323d71047d71f473f3936,9.0,0.1511,0.9428,6.4594,3.0,1,0.8017482899103335
0039a84045012a69e4c7bec971f021613fb0767a80cb88c7f0245d951844e2cf,13.0,0.1475,1.1343,0.1055,1.0,0,0.16728320033492708
003a317b168bc72785cbf9a05645c9b4e597d60d7a2cf023e7b5d34f8bb355ac,13.0,0.1284,0.9761,0.0409,2.0,0,0.023044867727994682
003a4978c32edab1d1e1f2a166f12a56349058d38e57bfbf459c3951c55c45ef,13.0,0.0607,0.0,0.0057,0.0,0,0.01572805593170433
003a7cb628b0d1d6ad9709c63ef387d7b83f100fadaf457df5cae2a67cfa414a,13.0,0.144,0.9414,0.5251,10.0,1,0.40335291768946646
003aabfc58b05ba200e495df58b6c46170622f5e95c67f5b1cdc3c0e1404f6be,13.0,0.3804,0.4285,0.4491,8.0,1,0.6331146985127034
003ab48d6219d622b3423bc336d19bdb90798ea1c3b301f5b73c72f5c01337de,13.0,0.2065,0.0,1.6584,11.0,1,0.7488174646383279
003b13ef794a8713741694cb718c4b782de5de42c637b3bebd56a0b1a0b58d83,13.0,0.0,1.0,0.0193,1.0,0,0.05165338435105394
003b3aef993cc84359d774f6a1846c0ea00768f1459b6c4a1550bd9599bfbbd7,13.0,0.2738,0.5099,0.0192,2.0,0,0.03852472195193465
003b8acbe4a0440cc0793413cb667ff2aea374ff675c672aaf15f4468614245f,13.0,0.0951,1.3412,0.0512,6.0,0,0.020772659599095293
003bbd1b2d52941af2288c0bc80a391678dfcccd6711ae1cccbabf2a6dd1afc1,13.0,0.0,1.0,0.0048,0.0,0,0.019980332496187008
003c0f16d4880367a964225fa6144520f61813387e382ed32048535ef8ed34c1,13.0,0.1186,1.688,0.0073,1.0,0,0.021016003272753284
003c505092f7f13c238d71e08814893db40d35740162a3973997ffc66c136985,13.0,0.0,1.0,0.0074,0.0,0,0.022280945636023855
003c826cfbd363ce035d9f5add8aa71d9d0d24f0d61fe6ef69e4d0cfa7627ab6,13.0,0.1763,0.9106,23.6278,8.0,1,0.7877962541456985
003cafd3bcacf475ea0e99737d88f2a6d1e24f3f798c83127650f8eca92926f8,13.0,0.1303,0.7435,1.1914,5.0,1,0.5392605994719181
003d23d840faeee6f45ff62dcf9bf1a12c3e506367195ebbf2f0dd981c9b33d9,13.0,0.8801,1.1448,0.1823,2.0,0,0.6387852745922055
003d320da59caf93ca96e9701bfd664c89861f0fd2b820407f1b849c765500a5,13.0,0.0649,1.4166,0.0385,5.0,0,0.019253690855877612
003d6a5c20006cc52ff14a9cc7210a1b932ef36f3a2b34b84329ca7a1bbf17de,10.0,0.2494,1.0981,1.7544,4.0,1,0.8340175794955086
003d6b4f885005b550a00fe3d1db08e307072ace00f32276e4f5f442239d1a71,13.0,0.1324,1.0532,0.0444,4.0,0,0.020831865245296313
003d73b980a0824c3aace3feb54d97c0b30aa926dee9ef2745ea5651cae6e596,9.0,0.137,1.4347,0.2858,3.0,1,0.4007434536147447
003d93899b43f354d8d8530eb7ed5a0ca37f4c822dde10dd692b86be13e92a20,13.0,0.266,0.9337,0.1251,5.0,1,0.5182954606898827
003db509d9130c332266ee14f7a4ee56a3251f10b77c3e2c65717d6760505703,13.0,0.1623,0.943,1.3691,4.0,1,0.6191624696132396
003e0b13da0f506f754188eed55959f7f31715d71c4e341414c8280b4a46ba9c,13.0,0.0,1.0,0.0043,0.0,0,0.019980332496187008
003e9362be843dd4d44ec80df17cf1b2400d499d677de31a4633270a9ebe009a,13.0,0.1004,1.4957,0.3765,3.0,0,0.3567720042104844
003f2a26365f1aaa95510d19bbeef0ce4c37fb72f8d515548483dc405e392351,13.0,0.2721,1.1938,0.0249,0.0,0,0.07291999795082271
003f56dff9ddbe1ea99f99041e116f302b52abcfe4640fe478a805aa467a68ea,13.0,0.176,1.0067,0.1757,13.0,1,0.4310652870924768
003f5df28d0b29eb0021cc20c2c79b53ea6eb05384e81c2f9bc8a96cb5643bdb,13.0,0.4716,1.6382,0.2011,5.0,1,0.7278224899173174
003f61c8ae858f303a359e09dda1c938d2af328e22a63eae4d3d094f05be66ba,13.0,0.166,0.9502,0.0752,3.0,0,0.12591772987957056
003f7b33280fff05312b2b0d091c08feb864a99cc28e7ebc71a73a7dab41caa1,13.0,0.1709,0.0,0.0116,0.0,1,0.08164834956523133
003facbe391d8543ce7eef765d3b782e9ce3ed52ee032d6a7e3ef58f9cf734de,13.0,0.5036,1.3728,0.1158,7.0,1,0.670111580240814
003fb2fb61d1920280cfe5fb1a18aae1b93409f13bd0f30a08491438aca572d2,13.0,0.0995,0.6483,0.0233,2.0,0,0.019017370277784263
003fb8a461dae32a45451d7104111111816785abf74b369e78d1927349e12e9b,13.0,0.1764,1.1566,0.0285,5.0,0,0.049005857607713546
003fc16fa2b9edbd251ab39b595789f7341ca4f8ebcb8dfd6a19eb5f6ef9b962,13.0,0.0,1.0,0.0059,0.0,0,0.021280478197017946
00401cab6fe365bd161238f08ae1cae0b188f6bdd61c8af39e3df05cb00828f1,13.0,0.1383,0.9162,0.0427,3.0,0,0.019563572476779537
00403d34ba512d4c72dc6fd805b84498d0dcadcfbb58cae90be58baa293b5d58,13.0,0.1052,0.96,0.0522,7.0,0,0.02470231672361161
004055ffac45e12b44535fb1548a06aa8e7354579f0d1497a145de143dbbc521,13.0,0.1593,1.1719,0.0184,1.0,0,0.023787493924011017
0040899a63cbdfa303496756b4d3764e8e95c3d7f73723dc3672e2fcdda546e3,2.0,0.1653,0.9449,0.0605,0.0,0,0.12077034055641675
0040af9d286a0a25b8b72ca951cf4d63e9269e252238da55b30fe47b7101ba42,13.0,0.0,1.0,0.008,0.0,0,0.03828730443968284
0040b3d2027b99b1eeb35fcd1892d41db107a62f71c5d8bb488317b1692471df,13.0,0.0534,0.8916,0.0282,1.0,0,0.025533187914470918
0040c6f7068533563af4c58d78fac34fbae6e8c1b584b8d1fc99762e0f4125f8,13.0,0.3293,0.9143,0.7138,3.0,1,0.6654783720285273
0041095231a7710a0ab39b2ff869a147a040ff1ffd8c4c0e7f43bf5eb0dffa35,13.0,0.354,0.0,0.8192,7.0,1,0.6430838935836333
00413137e2bb6262f43d1e01aa269270d4c14ec27b34dea8d2cc9007f600472e,13.0,0.0865,4.4598,0.0423,1.0,1,0.5017561771332989
0041412bdbac0d5f5b465de8b80e233f5a56385749d83293b1f1a583024ff351,13.0,0.1659,0.8659,0.841,2.0,0,0.40337329822401713
00415a4f4e5d38a5f30fb20726553afc72af3ee675ee7b4504d72af0a5baec01,13.0,0.1578,0.9486,0.3751,6.0,0,0.3942813944170839
00415f41af81017f300e79664240a0ac48efd1fc0fb25213d97a42d91e9834d1,13.0,1.5121,1.1851,0.3952,4.0,1,0.7474123549675211
00417f1f5eeefd100dcb9be997dd6b61318b2078946cd75077b7d13cac91db54,13.0,0.8377,1.0225,0.112,5.0,0,0.5470369181377798
004188a2fed5a3a4411d3b8b7357b6f67901382dd39ec2d681be5e6b04524417,13.0,0.4886,0.7429,0.007,1.0,0,0.03634592765637531
0041c82e9830c05b823842047a9c3a0f8a2e9cb6351825f2ed44a27b8328a849,13.0,0.1047,1.3892,0.0168,1.0,0,0.026633290004261134
0041d5da29cc0fe7d4e37bd98da8095390a2c397c3a80d5656a17db56586c5b9,13.0,0.15,1.043,0.0621,8.0,0,0.0847731701427899
00421ea61ee86fae5dc96202d5663b31d76aa12f6ecfd82ee4483fb66996de1a,13.0,0.1569,0.8098,0.0466,8.0,0,0.026525446134862612
0042910d2519fa58a665bd22eba617f3bea6ed6cd6273d9917e08f002730bd27,13.0,0.0821,1.3452,0.029,5.0,0,0.017567732666933872
0042a111a1210ef1f9e864e7fc94714434bb23d7623db90eaa662b85a5844c45,10.0,0.361,0.6652,0.0968,3.0,0,0.35856167241992837
0042bb672ecf91858c1ab3d667772198f3b881a1a1a4c472374939857a4da990,13.0,0.0754,0.0,0.0127,1.0,0,0.022892044767834064
0042e434619d6ba8620f36b363a2d8b7dc372af31690dbe87759f10861d438e3,10.0,0.0,1.0,0.0058,0.0,0,0.01978947117409603
004343ebd569fcd3832d5b4b6b23b33e3988601c1fc6d9111e1b2e01e8bac173,13.0,0.202,0.8893,0.3079,10.0,1,0.5416591945252329
00435396e45994317b41ec36b834b61ca8ae04c61a24f9857efa1bafd97a9307,13.0,0.0,1.0,0.0062,0.0,0,0.020263886945132575
004365328cdb06ffb10d63ea21aced6cba04e9f2264cabcd9ce1ab29aa47da87,13.0,0.0655,0.0,0.0053,0.0,0,0.01593955253905294
004392956eee271cc6ca0418c62b17da854d2910c2e70f9937e205f34ecf1332,13.0,0.227,0.747,0.0502,5.0,0,0.055657441025642004
0043a279b80ee9210926edacdefa4264a3694ce0a767260e19eea501178c1d1f,13.0,0.1702,0.841,0.0247,11.0,0,0.021347479456172574
0043ca092251de59462561cfb439fefd9658afaf40736a942bb9db901ea1e788,8.0,0.1496,0.9626,0.3257,2.0,0,0.33556231875327713
0043ccc45b20ba64ce2b2bc9d47b4cc8484bc170c4533eaed5ec30324f021bb1,13.0,0.1029,1.036,0.0238,1.0,0,0.02592335015904488
0043dd9368cdcfc3395c5d7e3afd0387e8cf5299aeef5b111aab61facac45a44,13.0,0.1416,0.8431,0.0577,2.0,0,0.0679571490802539
0043f33a370c48f114b4c9864bd73a381ec4af0970f2cf80644583a2d2e76224,13.0,0.5544,0.0,0.7776,7.0,0,0.6420440384209598
0044148343d6bf10a20969c58a68747548025d0d16965a2e3723fbd7d93651b6,13.0,0.1137,0.0,0.0177,0.0,0,0.047687053969463024
004426797f61513ff9a46b97da2c70e025a7183a678a1fc7ac63e0164be1ac81,13.0,0.0996,1.1661,0.0827,3.0,0,0.08147582028287101
00443a1dbd0ebeaec87d957a082210fecee61fafb9a5e6145822f7b874a16082,13.0,0.1363,0.4799,0.0735,4.0,0,0.06111788993258431
0044462d6524e0c8f080840f62919718f1b738f8affa20f811b42ff0d53fa7e2,13.0,0.0875,0.915,0.071,3.0,0,0.04923748660237978
0044d8693a5c204d5e22297b11e566d9de1c1610899d20f46abff9a163f78b3e,13.0,0.0,1.0,0.0065,0.0,0,0.020263886945132575
0044e52546003bf8dc7e0234a971910ea411d932148813f0a1687697af18d8f7,11.0,0.2176,0.9131,0.2999,5.0,1,0.5770316003171077
0044f11b5431d326feefaf34642a86e8a38d8b215522b20b0383c00022d029c8,13.0,0.0,1.0,0.0041,0.0,0,0.019980332496187008
00450b96781ab9e1961e2fd42bf0575a450dd340dad541dff699dd9c799a4b99,13.0,0.1937,1.2171,1.5017,11.0,1,0.6968204535957332
004560462223c3e34e6d96f4d3aff34a49bd20b037b2389e235e9280d8c6c2fa,13.0,0.1463,1.1421,0.0901,8.0,0,0.19288920988415065
004593135222fe4ef6b78a1893e52efc0f8556f3a27feec994976fe6f707392b,13.0,0.2458,0.7166,3.8819,2.0,1,0.8414305819102385
004598cde3b52cc316dac551e1d7495b762f269be1f8f728836c5b713f54abf8,13.0,0.0,1.0,0.0065,0.0,0,0.020263886945132575
00459b47a0e4e5bf0f7c0a4646111550c4fd535386131fef0203675133b306da,13.0,0.0,1.0,0.0072,0.0,0,0.022280945636023855
0045a4494de5cfcbd98839d3df2f28e30fad352a59c2d997cf23e5fabdad977b,13.0,0.2814,0.0,-0.0111,6.0,0,0.09378566267342209
0045a498e2073e912f920201773e9d7f9148a58e7efbb42f75dce11b28ddc19f,13.0,0.1491,1.0742,0.0398,0.0,1,0.12046102787687786
0045b0f1298fc78f8412d96b895c040cf9077f3f5a34c98904d8b4d49dca8b87,13.0,0.0735,1.2625,0.0144,2.0,0,0.022338433228647814
0045efbcf43eb88aecc5f583d94f8c4df199e1e3ba77aaa70f5d3f96dc57b774,12.0,0.2335,0.825,0.4326,2.0,0,0.5503978323717432
0045fe70f76ffc889c0f412944169876e1bf7637519bebe8de944bee7984df85,13.0,0.38,0.8835,6.837,13.0,1,0.8679218280018258
0046022d3d079f57eeb2a9e69bedc6a87ec40a1bca31c12d30d85ce5f633f507,13.0,0.4377,0.6466,0.0127,9.0,0,0.060933733344080136
00464147a06f76c0ffa9891604b71e2ff6050398bacedb6574df327905333f38,13.0,0.1572,0.8638,0.3843,3.0,0,0.3794680906694912
0046a1d71d1ed0e030114c48e4870f3bf88ea7b9a75891d55b38de580e7717cd,13.0,0.1516,0.9915,0.0131,3.0,0,0.02282443393209505
0046c97b0fb2c627ef5b59dd40de8cdb945a36e4eddf9ca053218409099e2d76,13.0,0.0966,0.871,0.0742,3.0,1,0.08380565824105743
00471158245f22e40b9211db55ef165190d2d7c7f4d4d52a03db20591326354d,2.0,0.1078,1.0042,0.2035,2.0,0,0.19127739107563865
004799e045bffdb138931b1bcaa66c96c6b256b9bd378a798f8a6ed1541391d8,13.0,0.2314,0.6736,0.0392,9.0,0,0.07511484388668936
0047a75e063fb132493b0dfbbaec01c2c0831e3fd0ed39990bcf67ec7b53ee2c,13.0,0.1631,0.9934,0.7915,3.0,0,0.4508899987472688
0047a9811b85e0577dc6bc6c354919906a9f8cba1bc9c9c7c5b72c5328f944cf,13.0,0.1159,0.5339,0.0443,3.0,0,0.019551388569000155
0047b15819944a8f1860dd2a9b217b18088866b68bbdd1c264715157474b3648,13.0,0.2396,0.8039,0.0203,2.0,0,0.05571408659081731
0047c2efa7ba672b5fe7202d5b883437deca3a6cc6b3ca47e34c4eba003b14d8,10.0,0.3936,0.7213,0.2607,6.0,1,0.658065892313037
0047c977b057a6c762b113a6bac785b62b96c988042594e8cd2b354843fdc4c0,13.0,0.0771,3.4383,0.0352,1.0,1,0.24490797504031964
0047e06feedf32e8a0aed1edcf4cd6e47350448b3e6bdc3c3938b5d56cd40862,13.0,0.0709,1.9533,0.0209,3.0,0,0.026129959006889792
00482d92a56c79e950955b090f389983df02b9e5161792084c6fe0fcaee2fd74,13.0,0.4533,0.7177,0.6603,5.0,1,0.7261208314193491
00484a04a98d7d00d60c8d4ccf4cc9d17751afe2de9b9d8a33c2fa079c5b0619,13.0,0.2479,1.2039,1.0649,8.0,0,0.6148367430731304
004856bbeda4778199fda5d1911255cf372c9ecc95fb6e921c8d1d1d073395b5,13.0,0.135,0.8386,0.042,5.0,0,0.01755597177255428
00485921c5309046401004d1edfe06dd7e67b23ae42df3cd609fe2c0c0a98745,5.0,0.114,1.2895,0.1621,1.0,1,0.21759029219086784
00486658f106ef9876c1d7514fe3be1ffbadf8493d6ba73084c1f3b0dcf1418f,6.0,0.1315,2.0185,0.6868,2.0,1,0.4945154610952375
0048a680ac2f224a69b507f6872178506329ff9f826ec23b1ce432082fd463ec,13.0,0.4038,0.7055,0.1805,5.0,0,0.63422469568958
0048ce80c922ed9bff9ae318cc5f15fe9635e6ca037ab97b6773879a8e1e5b51,4.0,0.4875,1.2209,0.0622,0.0,0,0.3803881356599878
0049322a3e2ed77ae1ef709e4bcd76b460c52430855b7b3217f4568a45a2dbef,13.0,0.1263,1.0614,0.0158,2.0,0,0.023015165713271793
00499285ddded2886d68c069700f0a96d9873585a0d8d947bd6bca5a99dddedb,13.0,0.2254,0.0,0.228,12.0,1,0.5800152832298967
0049a25d945a213d193844dc576a7206178e572cd99fecbed8d43abd30e366ff,5.0,0.1412,1.6815,0.5687,2.0,1,0.5048236670519192
0049bd3dd2b68490f2b5131279fd534cfee6e270a0d41ebf817389a2a8aba3e3,13.0,0.1359,1.0671,0.041,3.0,0,0.02181529953474616
004a062e0d4a3fdbd7d80af717628a4b24cc92a9b3c94b176c5169c4d1acb6e0,13.0,0.2911,0.5301,0.0271,2.0,0,0.059167285140618954
004a2cf034dc0d6152b63bd174680cf51e4389aede95a51c369e66cb551fe330,13.0,0.1469,0.8971,0.0609,5.0,0,0.07808100889776204
004a522f4ff3548e6c1fd1bfa71e60f3f75560eae4fb189ebe0c1e8b9d91cb27,5.0,0.2275,0.9774,0.0538,1.0,0,0.1212667560517154
004a6fb9a5b738fa13c6c0e57aa4b64098fbfde0276b7baaa1aec461ce5797e8,3.0,0.293,1.451,0.185,3.0,1,0.6861954465849562
004a6fcc9b77edf82365a6700b7a6f5d9387d2dfa42466376c1985f92ed4c714,13.0,0.2157,1.7014,0.0223,0.0,0,0.08195892201375904
004a7e5c082780bb368dc3174d752ddd7fe3a66e59c63b84bdc72cf8759ed206,6.0,0.1549,0.8711,0.143,1.0,0,0.2210691060514171
004a7f2f6360fabf847e4daf1c2b734d9aa342cc208a9096ab5a8d28bb15b225,13.0,0.0,1.0,0.0073,0.0,0,0.022280945636023855
004a9d56e625fbe15dd5ee4bfbad1a577da18696f55f92545c109444e6bf47ed,13.0,0.2361,0.8073,0.0248,3.0,0,0.030627539176229634
004aa5d34c12217932cad434e29db7a38d1fa7699c51631c0321f2a70603185f,9.0,0.1614,0.9666,0.0076,0.0,0,0.0255888607277028
004ab9f30786614766576699e6882a0ee5085d41d350e4425a0d59fddcc373d6,13.0,0.0879,0.0,0.0282,3.0,0,0.018867686876141456
004ada9f90b75b78aa1992f641d58daa8ceca65312afd67b9d04269fdb6d9add,13.0,0.0544,0.4967,0.09,4.0,0,0.0668451587357898
004af80f3576faf52144aa09d9f2fe30f8861345fc005b695658e74cbbf03386,13.0,0.1166,0.9492,0.6468,3.0,1,0.28697121812506987
004aff6549811ee4b889fbc59fb7cbedf7dc52c7faec37471da5860be3eb5bce,13.0,0.2492,1.5202,3.0101,13.0,1,0.8079546504427705
004b45a731674e2a4d290f6a9095d4f2e860e6ddb7236356ae983bc032af0530,13.0,0.113,0.9083,0.7788,2.0,1,0.28362083185710374
004bf15cf65c01b2173e53c5284933d41650e69d977ebd737e0c8cda9af483d8,1.0,0.5958,1.0,0.0466,0.0,1,0.3356900106930767
004bf9924e386371e29e77f7bcfd6702a1fe695724ba371e41c9867b0b096903,13.0,0.0716,1.4043,0.0968,2.0,0,0.12948883078831883
004bfe6c320e442be2dcf157e2262ebd815adb3db589de61e2afed0e7ec3a32f,13.0,0.3914,0.7452,0.1243,4.0,1,0.5343433987403771
004c10aa16a048be585aad41c42981f06a7757ea3f7636d8151ece35f410641d,13.0,0.5864,0.6516,0.0872,5.0,0,0.33629207684872514
004c86ba4f812ca06b8da62bd7fd487886f6ca7a58b28bda0bf4814afcc06b59,13.0,0.09,1.4631,0.0371,13.0,0,0.02685992204604823
004c92e29ca6ad55104a0d1430054bfff2435b3ac086e40b4a54234e0484f1ae,13.0,0.0,1.0,0.013,0.0,0,0.07704350507592042
004c9c75643cfb64691d34cd605f0c86a01d5a585d90d8088386ebcaffb04b43,13.0,0.3788,1.3695,0.7791,2.0,1,0.672497809504215
004cab0ff565ccba868695559e9a74d7db19c5f1a73c2803334fda917cec9ec3,13.0,0.1676,1.4887,0.0244,3.0,0,0.02952537974641962
004cf587f8db6d3edb18bce27c6c4855e7c117ef8b25010db3cd7174448f84e8,13.0,0.1469,1.0053,0.0294,1.0,0,0.027261687125883945
004d1fd5e19420d4c612ea8aa47cc9f733ae1ea7db29df5bb45822ce7bbcbeb7,13.0,0.1275,1.0924,0.1962,6.0,0,0.25655595521004154
004d5f43b1275e264b44775a3ac302dc47da6fc4bb5d5a4471b37ea358ff9636,13.0,0.2444,0.6641,0.0191,4.0,0,0.04829250209552919
004d62a3e53f092c435a055f1d2f3d746315ff0630d63570f016485e70b59429,13.0,0.1445,1.0318,0.019,2.0,0,0.026034869722383395
004d6c3d14b71a87c42b548ab1817c8b6058ae7a307902c921352ceaa1d88c11,13.0,0.1754,1.4534,0.0261,3.0,0,0.029663294948781425
004d712d7567902fa394dda2fb878dc3eb5b3f06de886e6dd34b37a8787fe95d,2.0,0.3315,1.0496,1.2411,1.0,0,0.5911927570636832
004d74e9547b2e2e176a6dc2cb7652e159307eb670767653c05c7c0781eda5ee,13.0,0.0956,0.8905,0.0279,1.0,0,0.02287397481591185
004d758b99c7db659b7dbbea48f70ae2871cc02c7c709ccf0faaa0423d82d252,13.0,0.2493,1.5162,4.6515,8.0,0,0.7984663204628416
004d949bdb1e180ffb1918328292291e5df6ee236ad651ab87e9c0b0e9336b1e,13.0,0.0,1.0,0.0085,0.0,0,0.06425341129100266
004da9ab6a4af80b16dd774594c28b12bc22571487610f96eb7e2d10d44f523e,13.0,0.1127,0.0,0.0106,1.0,0,0.023139808766602318
004db0824a5480930fb797247941c5a03e9663c18891a52aad9ccce17bd72a6d,13.0,0.2113,0.7592,0.9426,5.0,0,0.6277124103109254
004dda672cd3fa1cf3e99bf0f7c1e2973df343c6fcb7e69901bdce3fde30beca,13.0,0.1287,0.9907,0.0462,5.0,0,0.01960724420491972
004df3f55fd13d07447c74757281ccd9b187a07150792683fac6eccbfdd953e2,13.0,0.0904,1.2279,0.0327,3.0,0,0.01866682762146961
004df5a9619037636c79e0d648189641232666b9494dda812a18e189516d4989,13.0,0.0,1.0,0.0088,1.0,0,0.04702208224538105
004e38cdfb30dd083705cbad927579b0e1cb61d15d0cb51ac7c12588639f8bbb,13.0,0.0658,2.5988,1.696,12.0,1,0.7884793585583769
004e5bbb8ec6dfba9eb6186ae625e65c3303a391efc8a439490ac4a108925a9b,13.0,0.2895,0.8676,2.2313,13.0,1,0.8222995412507403
004e7ad028cfa952679bbc017a6fb7bf478462f2584b3b4757f598073987c1d2,13.0,0.0131,0.0,0.0114,1.0,0,0.03431769106077641
004e973e65881a475caf2ac04bd843a3a20f163d59fea7e54419ae3c9952bb76,13.0,0.1678,0.8593,0.0346,2.0,0,0.023765771386046835
004ea3a8ddc1b7c5fec84e3216a61022ad5cd48014ef38bee5bf383e3cfd596b,13.0,0.2358,0.0,0.624,6.0,0,0.5650309521975488
004ef04cc6c065db9ae1c91bc98afd248c0f0eb1f8af9de8b525fb1d2cdd405a,13.0,0.1406,1.0539,0.725,6.0,0,0.4894304537720657
004f0a4ff711d3f9992645cc7d25f93cb0517de7d73029bd99abebd20a0b9a72,10.0,0.2885,1.5367,0.3858,8.0,1,0.7068509140916978
004f210fc267fadee74094279a45426518c3b0e0e37328d5a82ea0873e1c7e78,13.0,0.0847,1.2618,0.024,2.0,0,0.021698430717110445
004f26c6740c0fd1787c19052247c61783fd1b9db2734af158da9c653fcf1899,13.0,0.1284,0.9666,0.0189,5.0,0,0.01847715575447224
004f32dabf27a2c679cc2686c626a305ebe9a8d726486dfdc574e2c3537ff5e1,13.0,0.0,1.0,0.0059,0.0,0,0.021280478197017946
004f396b404f8e75cc4a000ed30b19acb51f298a0917366186c78a4da5338106,13.0,0.1587,0.9629,0.014,0.0,0,0.05656827556395849
004f500fb6369857e7e76cc15d7d896cb6b931725fe576845b4262a961503a6b,13.0,0.1572,1.1907,0.601,3.0,1,0.5172598282367485
004f5c17ea70ee5ff65f29cf661c8d906010cd57c22cf6e4eac49ba4d4bf8bf8,13.0,0.1522,0.7262,0.5326,11.0,0,0.392810171057291
004f6507c2993e0b6e45cecdf00252bcaf374e7098f882c5dac43c8ddb99a141,13.0,0.3091,1.038,0.0444,1.0,0,0.1435054429571826
004f7be7f28bebb73f37f089f3d0e235e15d4feba024a4c7ef0577f5dc9b4ff0,13.0,0.1869,0.8805,0.2584,13.0,0,0.4810717724490015
004fa291349bd6bb8d5fe72c13efa57031ca5e0d079ffdac325d2e7099f61303,13.0,0.0,1.0,0.0107,0.0,0,0.07688026147883344
00503ebaa4599dfab7f4a67f0f5d9bf4dc00c7dca2f5b0b1de9d61042a79e955,13.0,0.1376,1.2092,1.5588,8.0,1,0.6774862688870319
005078b9b0a7b8638bea760678f2721235f4b60a0c5bdca50989ab3b99589dc0,13.0,0.1133,0.8776,0.0547,3.0,0,0.028627468733082168
0050816ba6298cd5cd8075847ba9bf080dbac860249a48e8ecdee50276b31a8d,13.0,0.3206,1.592,0.5592,3.0,1,0.7204048122798724
0050a559c8e71fcd3b1ed307e7fb1c1a2101a3397bc007a26c57c37a856f0aa5,13.0,0.1249,0.806,0.0908,4.0,0,0.06540219075585743
0050b635aaa555787ff98cfb968c26b42074dbc90a1c04613a8adfa15dbefa8f,13.0,0.1568,1.1457,0.6422,2.0,1,0.4372289279874997
0050d2fb46fe005ca1202ed39b6e7ad03ebaa8c829ca4acb69c32bd1125b920a,8.0,0.134,0.8241,0.0497,2.0,0,0.02228686101711
0050d43e876163c9490582ff76563f8b3d9ed6926cf219b03cd83e6195690425,13.0,0.147,1.172,0.0151,1.0,0,0.0248997336036635
0051111590b08c02df1bb1c375838df6113d2ed03648000077a098f9e8cb20f3,13.0,0.1101,0.0,0.0121,0.0,0,0.047687053969463024
005176d1b1cf381ad57e53b61b388bdb97eeb9f22c9c7e7b96bbaa4bc5ad54e6,13.0,0.2124,0.0,0.2175,8.0,1,0.5337599661199876
005182ddfaa59176d8da95f1ae1e3a53e5c0f4e10ab79505477d97c02d02a941,13.0,0.1338,0.922,0.0419,3.0,0,0.019534586969533155
0051cd78ef0e1420ee4966fcc7c66d00154b0bed02eff18269aa3684ccdce3fc,13.0,0.1925,0.8489,0.0185,6.0,0,0.02997980452886893
0051d5b141e0994f1a246870eb7f13e96b7e3fe40f8f3747bb59e24574cd25af,6.0,0.0,1.0,0.0064,0.0,0,0.020263886945132575
0051e3912bee556d40bfdc9ec0b35a185d938d4cc6c23f95d8753d9e9e03264d,13.0,0.3465,0.5336,0.2204,2.0,0,0.5261151696532725
00521fa5628406bc9af8b458e5bdcdab361926591c5827b2d9e145400ea189f8,13.0,0.0,1.0,0.0065,0.0,0,0.020263886945132575
0052518a22ab7e68355161782c1a5b753464c18391232be8ef01e3601d8fc50d,13.0,0.1677,0.937,0.0332,7.0,0,0.02293917803319839
0052525d45ff23a7025a6dfb6009dc5392298c7291b0dc0aad4c7a88d90c6103,13.0,0.366,1.4835,1.0103,5.0,1,0.7393638687205747
005254f9373d0e14b4c907c6441673d344f41ce3967f40e649815a67db018942,9.0,0.4448,1.1958,0.244,2.0,0,0.6436069013113791
00527a3c39d543b324b173e1d2e029c225bfd2a8022a3de3fbe2e180a6a8e78b,13.0,0.0,1.0,0.0063,0.0,0,0.020263886945132575
0052d2559a1f22574d0b14456ab3deafbefe3fc4459f40d8611195d419e72541,13.0,0.2352,1.2984,0.2205,11.0,0,0.5798893273805811
0052e8ef4e1187157296879968493bfac9b9c0e4d7a0655e19b4b7779c671095,13.0,0.1822,0.9663,0.0174,2.0,0,0.03402878545712167
0052fadb3ea0092e17c4d1d3ca72189e336693cedd488eb24f03608226c43f5a,13.0,0.1616,1.0734,0.022,2.0,0,0.025521477476463245
00537a4e2f065bfaf290e255c893fa7312492e1d6b106ee08b29816c129ad44e,5.0,0.1677,0.9979,0.2067,2.0,1,0.3616612197404885
005382536094338c2a294250bdfcbfd333781dd093a48bfcd203934bd9c4dd01,13.0,0.1581,1.5998,0.108,3.0,0,0.3416594892887106
005384bd71631fa5af7d31d27624f839f53ae556a891a76cd4a6ce040fc01084,13.0,0.0,1.0,0.0063,0.0,0,0.020263886945132575
0053b76953603957de031582e59dbd77c208333f02d0d80a48ee5863c00cfe46,13.0,0.2816,1.2509,0.4022,9.0,0,0.6345393169860055
0053cbeaf0e2a626d2e080f8002a9c6a09767ba3aa5f1a59ab4f2f79d7011786,13.0,0.0631,0.0412,0.0582,2.0,0,0.04660260634753621
00540e7c7a9a56863fe09664c989b2a370498dfe2e95fd526f74da5a0a141f33,13.0,0.1769,0.8545,0.2987,4.0,1,0.4073216727094225
005410833572aaf5cee058d43d17ae71a136e2c6aa959bccab4eb82b0fa0331e,13.0,0.1708,1.3328,0.0319,7.0,0,0.03729827804709931
005420b3b696588c25f98047ee5c3a0cc2c84e611f115d72ad24f03deda75d5d,13.0,0.1067,0.9906,0.0171,0.0,0,0.05388078764028308
00542676bf184249d704f968e49fe17bc713ecb98689d6035958c60c39f24cad,13.0,0.2007,0.6511,0.0142,1.0,0,0.03283816972971764
00543c70cafcafae9b720a4fa275e998d4fe23811c2736b0d0a27b22bb15c4ae,13.0,0.1089,1.1458,0.0341,3.0,0,0.01954194772070652
00549a8a48394a5b8e1fda6c32aaba37e5449611b05568fce0a7550ba6e99227,13.0,0.1244,0.8521,0.0618,10.0,0,0.04756848046450981
0054bce5c53df31ea7a2a1d810221e78b6a3895d27f3c73eb3a512c2d60651ca,13.0,0.3617,1.1322,0.1261,8.0,0,0.5851429558884784
0054d179909d4ec1938f60ac43a01a87b78ff3e3bc0f0fe78be1ea7314822764,13.0,0.0765,0.6588,0.0372,3.0,0,0.01840755173333567
00551d927b611c6d6129eb62b066b2a327577bc749fc35f54526cd7910f727e3,13.0,0.0891,0.0,0.006,1.0,0,0.014285180025434102
005531e55356dee8c0c067e9b8a002cb24d64f3cb9b83e6fb76b8d44957a8bb3,13.0,0.1559,1.0375,0.7453,13.0,0,0.5198853517353589
0055624be9ca868535a7bc4fa013467096485b1a27c07be318bb987205349301,13.0,0.1104,0.0,0.0217,1.0,0,0.02175150669048484
00556e1808cd7ef6947f64dacf662f1f91cc591747a13ededb430317d5f0408a,13.0,0.146,1.1147,0.1548,12.0,0,0.305148115126632
0055832ed8accadfbbc03fe00c3b3a529937b55691292ba1d8f08672f9ef3273,5.0,0.3763,1.2942,0.4172,2.0,0,0.6416959657279442
00559a33857a9917227bfade2964f7c192461465639ff086be0bd105a56bdfc8,13.0,0.2331,1.013,0.5412,2.0,0,0.5510463769028633
0055bf00cf6462021a6d83320f8601e644000ed981d8a9377df3c71db12fa439,13.0,0.1645,0.9617,0.0066,0.0,0,0.03019965987308495
0055ffd649856583691f2283121e1b9806d790004b4546f8f1a1929dcb86f609,13.0,0.0943,0.6691,0.0332,4.0,0,0.01658444785189211
005602443f64c239c55960ff994e4debda60aaab41629de12fc62ee52ccdca0f,12.0,0.1085,1.4402,0.1401,5.0,0,0.17406100089835036
00562bc943163345c838cb0eaf50656c16af09b9991f60a98221bfe7e3512937,13.0,0.1487,0.9316,0.0407,5.0,0,0.025370032766775834
00562df25b543ba873d23713ee874f1421f883771664deb91432ed401631c4b8,13.0,0.1729,0.6063,0.0455,5.0,0,0.030867677239897216
00564970fe569c3e0b8bda6199b019ffa787d4183af91bb4afb7c69206ba0915,13.0,0.1724,1.4749,0.0827,4.0,0,0.18600819739532704
005655727409e55b158cbf1ce9e6e3756e6f46c8c1e5cebc7b01d136f82ca6b9,13.0,0.136,0.0,0.0201,1.0,0,0.021684829130299624
00566f24d8dcd26a44f2322e28b4005ad5929495e7248fce1eec72b347ece3b4,13.0,0.0497,0.0,0.008,0.0,0,0.03121219399659426
005685690e1489d28c0a4dbfe623f0601cb5d01e105489d46f7f9bd2690da6b1,13.0,0.1344,2.7554,0.2058,2.0,1,0.4362417937710997
00569a48afdef047bfd44de2ac4edacd4ee513ab82d0246fb9eb34b88873dbfc,13.0,0.6237,0.1336,0.0156,3.0,0,0.07664969406456275
0056b8b866484fcc200570b57edc39e232730768637b9919d656a875f18d893b,13.0,0.0282,0.0,0.0063,0.0,0,0.015903437195320887
0056d24b21a81dbe666942562de59742ba0e271dff69e19dd52fc2de66f51491,13.0,0.2024,1.4694,0.9938,4.0,1,0.6417362907159518
0056d751c3a977255a3bd8beeb72c625e6d09388f432eb8a728d3a283b80f083,13.0,0.4688,0.7376,0.5228,7.0,1,0.7222912512259425
00572ec05d0d8759b53260058302020b0d607e0880e2e67326517075c2107530,13.0,0.0,1.0,0.0084,0.0,0,0.05971407759621131
005749e6a68bc3af858195efdd2bdb08f39f33b636b49b693b3277a43406b0b5,4.0,0.2359,1.0001,0.1933,3.0,1,0.5750162206396012
005750fedff03417405a5ba8485c28bafb87c4149668b9a1c3d1763baf410d0e,1.0,0.1761,1.0,0.0316,0.0,1,0.11106420684132665
005752ea075a0305975feef428740a3702211d6efc0dc195ef358a0d02ba8a0f,13.0,0.1658,0.96,0.6237,9.0,0,0.41992307468218276
005778f285f0de3cd6965aac9787331f77dca86bab53448a80d7aebf892f1a5e,3.0,0.1431,0.9457,0.32,1.0,0,0.30522757338842554
0057936a03fe69cb6255b33fc5ec56c4d116d95259f2345d3aaaba1e3cfea2d9,13.0,0.0551,0.0,0.1853,6.0,0,0.1672592313177434
00579d884aa3ef967dc918433f5129fda51b2526070b4854a21b93dff2d990d1,13.0,0.1325,1.1852,0.0954,3.0,0,0.0873298168124456
0057a24c16ed8355a736a86c5f8356c6e5941f92bf0ef146b7aefaa7aaf3fffc,12.0,0.1478,1.3124,0.2117,6.0,1,0.4414204246340039
00582971eb87cf0bb643ed23cc0e0b3ad475379513c4601d4d079f9684c57fcb,13.0,0.3023,1.4122,0.8892,2.0,1,0.6633130761621997
00585d2eeb026183d1a9e6071d2ebd5252cca1b7e5ef928d7a79c40e2b4ad220,13.0,0.0,1.0,0.0066,0.0,0,0.023516553475718346
0058dceb20a408b6b782d038fe6f95b4a242f955ff616afe13f6b3570dc8d044,13.0,0.2269,0.6329,0.5131,3.0,1,0.5874420955765549
0058efb089ac37d48de5b67f8dbebe13b64039e83cabf9e4159ae05284310fe9,13.0,0.0,1.0,0.0083,2.0,0,0.03282097023136836
0059070c15a03f720e8e22d7bf94d5b9c9b1bd4c4dc6b042c431cd06d7b8d863,7.0,0.1135,1.1774,0.063,3.0,0,0.05312895475665941
00593126f88e81545dab456f47423984f18b7517dbf69c8d5ad26c1f8d7bae81,13.0,0.4054,1.0288,0.0306,3.0,0,0.07733439041046532
00597bc3d552264d841bd1a52cfaf3ebe40755f96d85a5282695654cee8af21f,13.0,0.0204,0.0,2.3744,6.0,1,0.7440603276790911
005989c61a62e63379b341b12772057f8cbaa0e7084441fe02e497c8e01cac51,13.0,0.0,1.0,0.7288,7.0,1,0.3635184381440088
0059b48cd663ab07d50d5429ac50905808488acb525da68a2805ac06e58a2cc7,9.0,0.2401,1.4838,1.1183,3.0,1,0.6362040621840368
0059d1a123b113872153d52f138e4ba002d937a0dc05d47579a4b9c223d505d4,13.0,0.0,1.0,0.0064,0.0,0,0.020263886945132575
0059ee8c211ab6ced481fe71878f42e31369f72e0c1b3207a8fdf59fa26bdd48,7.0,0.1547,0.0,0.5841,7.0,1,0.3835494889457173
005a2e7cd01996dea4a8960dde3af678df1c0d70d6eb3bb35b6a70d6993f6a79,11.0,0.2925,0.5951,1.3275,8.0,1,0.7633372213533446
005a42ab89cf0726a82270348cc18495f5c894c27b0bea826a596a16d2bf7bde,13.0,0.2344,1.6882,0.1798,5.0,0,0.6235519491009158
005a63e058191221c111b41573939021b4c9f3ca99244e6940e43603bb38fff3,13.0,0.1737,0.9639,0.0617,4.0,0,0.09163098229999289
005a7f765eee4afa0455c5a3662ab8bc352b49cabac0ed5d0765a67881920705,1.0,0.0,1.0,16.8048,1.0,1,0.8230332516963459
005abb4795353a407ce4413f639fd479d9a04e84ab406aceefcfc2f9cba03044,13.0,0.1985,1.5027,0.022,2.0,0,0.03634580524318014
005abcd33fd52839805178ee2f37dc3790ef4fc78461779a26b17abbd473dd58,13.0,0.0236,0.0,0.1161,11.0,0,0.1352938132650862
005ac6e5eadd997c328b820c8705f55febdb5cba28cb5fbfa20d998703891d1a,11.0,0.0,1.0,0.03,8.0,0,0.034930297454424164
005acf06d5a13fb9324b2d088f87f62e2c44f9a751393229e2cfdaad8ea580da,8.0,0.3289,0.0,0.1663,7.0,0,0.5725598729245444
005afd8122b71952e1a6899fc2b9253a38bdccd647cebb2b5cd1ead1b8fcad4e,13.0,0.1647,0.8911,0.4941,13.0,1,0.4359975988018187
005b4d56e3275ab7c6e3e3902e181cb7ec6d71782669e36cf635b655c357e4c1,13.0,0.0985,0.0,0.0056,0.0,0,0.016543379783868096
005b7fe951a4cebfbe489cacaca080991ccf370f9c11a1d58c46567672b64af1,13.0,0.4762,0.8284,0.0173,2.0,0,0.04647160065696797
005b96ea33a5466b29b45d6a78d76514512ae398a461b72606a229aa86ad3423,13.0,0.181,0.9715,0.2101,11.0,0,0.3904105412590473
005bc30972ab83953aac26048dfb6aa4d88db3089befdc6bb6b19328e7adc187,12.0,0.151,0.8018,0.1827,2.0,1,0.3485686537325293
005bcde8ee8e22ade0d1f52c5345597cf5c82e77d6e5b2e0e262507b56dc4bed,13.0,0.1747,0.8664,0.4032,3.0,0,0.38324750276530223
005bd045c4647a854e4a02e5a72d0e1835246a3ddabe97ec6bd45b0c6d699299,13.0,0.151,0.0,0.0074,1.0,0,0.021845871768285154
005be8fa42d439c5901b9c0d9156894e99997c10e6a5095eed54e19e76a73bb5,13.0,0.1736,0.965,0.1319,5.0,0,0.24745622267622835
005c1e39c8365e5645a17618d5f48816badec81a420ceba34ff2547d1047f651,13.0,0.3646,0.59,1.1589,5.0,1,0.6972320092862608
005c38c055a62e48078499cf8905834a5dfac778c51d7c9ed46099d17b9a4011,13.0,0.1431,0.976,0.0124,1.0,0,0.024966011884034908
005c3e56ec1d5f2e5224f65bfc0f6ae771b3d649a16d12f138569de9b293b0aa,13.0,0.2279,0.7536,0.0154,3.0,0,0.028103333846351913
005c61318923d2addeca91abee3fdf081bae6eeecd363928c28a6290f6d12e54,13.0,0.3627,0.7902,0.0396,3.0,0,0.07868167999378796
005c74962a7c912f9c317231fcb539bb98ce3f75d01081f95f99a706abda91d8,13.0,0.3996,0.8212,1.5814,10.0,1,0.7961827329542065
005c7b3617a118691bf1f0decadb6764c42a9c16c48c18de0d7001cababf4eb8,13.0,0.1555,0.9076,7.7573,3.0,1,0.7900921206560215
005c9fa44979a5101581d4f289677b00f92354b3d851cfd8faf2dc24381fd619,3.0,0.1389,0.9878,0.064,3.0,0,0.058708768904653826
005ca5fdadc50ecf18a8764b8d58fff32b826eaf2da7adaad5c58caf74f54909,13.0,0.1463,0.9604,0.0702,13.0,0,0.09575095352678681
005ca80b14436350987b75ac3ddb82de8bb7e37239dc012b0b2b0062b6094938,13.0,0.3585,0.8788,0.3127,2.0,1,0.5957809303980484
005cb2cc432e68bed60f68bc612bc70bddf3ac5d981fa04b82b27ab87a1fb64d,13.0,0.0,1.0,0.0059,0.0,0,0.021280478197017946
005d1984f37cfa4e3592ef21ec6d471624b1df6391ec50c73ac970334565fefe,13.0,0.2212,0.8111,0.0329,5.0,0,0.050438297302641856
005d1a21e0a9da122ea3a5b0918a2a3b9647df5ca20e095f899ca8f827d7de00,13.0,0.0743,0.0,0.0098,0.0,0,0.04489487483116557
005d5f27a326f9ee062980fe9b61c042322c4767ec4623ab4cc376d7e7045697,6.0,0.4108,1.3385,0.103,0.0,0,0.5544543472527252
005d68c9a2139d2c9498ebbe90c42cc984c2c92d19b006975195301cbdc482f2,13.0,0.1493,1.1211,2.2144,3.0,1,0.7986385259035671
005d8f888b2a82ebc2dda4104cfa151a5ec844196efe41c1a0761429a381c44f,13.0,0.1379,1.1132,0.3455,5.0,1,0.36926087838720556
005d9b6f79feaf922825eac4ba4ae221b86bc202b9be4e4a6aef35e0ca6fd09d,13.0,0.098,1.1367,0.1474,5.0,0,0.14466373768265606
005daa44df10dbc5fe006ac23ca33367add03ce84b124d063471edbf6781fddb,8.0,0.339,1.9936,0.4098,4.0,0,0.7268688334251869
005de2a7dda5a519960ee9eff940f52086a78d154af6b3090b511dd0ea5adbe5,13.0,0.0,1.0,0.0053,1.0,0,0.0232289663352012
005de32650e86d3154356a968ecff9e06253138177abfff539771c7713ba6e34,4.0,0.3884,1.0847,0.4333,3.0,1,0.697347601398645
005dead47818f40d038acdd9bc4540c194a9afec5c18794a1a4d2f1661675643,13.0,0.0131,0.0,0.0075,0.0,0,0.01769300875936031
005e62244f20387f65299be88607d73b349f2267f080c5e5ca16454ce92e73d1,13.0,0.0848,0.9303,0.0388,4.0,0,0.017601866226092115
005e662837c9bd7e21d04cdf17743a3bb704fb875f59e23d551da982ad075b39,13.0,0.1761,0.0,3.3781,8.0,1,0.78429096009292
005e68a020d96d8348ec072159f841967075d16e62c960ef1d58a105493c7c2a,13.0,0.2487,0.6678,0.2339,2.0,0,0.5166394545241295
005ebe142313588b7b03fbf418c9fbfe1f64b40abea9423046d7561f463bfea8,13.0,0.1538,0.7882,0.7608,6.0,0,0.4240114037518216
005ee0eb60d512d9b461d0c28af36c8a18054622749ed1aca371355d477cf0ba,13.0,0.1142,0.8684,0.0383,8.0,0,0.018923059464282507
005f0fb8709fe2c0145f87544d10770c880e16090bedbeb0ca2331704e901d9b,13.0,0.2202,0.5577,0.0822,4.0,0,0.14633916302984784
005f50f03ca472fb00df8eae18872e68ff67ded873ab3ba66a6df6f57192eff2,13.0,0.3224,1.8593,0.0538,1.0,1,0.3501673450030478
005f7ccc9c4131b736447effa0bfffdccaa6ce648f43e208b69913fdaf1461eb,13.0,0.151,0.9931,0.0187,2.0,0,0.02484353861724201
005fc1b818c124f5783d06114524597c69ca5ef271915731fe36c81c071070aa,13.0,0.0747,0.4219,0.0284,4.0,0,0.017548106844274013
005fcbe565c6b70f750a24e3f540235895e76584c543a9a18bb832b9bfe09dba,13.0,0.5847,1.3074,0.6242,3.0,1,0.782761572752808
005fe1a50fb6d0cdc842abaf0fa339a935bf0713979bf57067d5830afdef7ff7,13.0,0.2123,0.7974,0.0239,4.0,0,0.03638889424543384
00600d435f44a5686b7e9e5f5837b1357565d96ee3ac96462e650bbe3f65e066,13.0,0.0478,2.204,0.0561,6.0,0,0.07257525526319994
00602f476ee4acea16c0e4de2c8ed8f9beffc4e5642cb6e040de2c5a4ec907e6,13.0,0.1764,1.3456,0.2713,1.0,0,0.4089178649262508
00605cdb27f61e479f4af8be54ba7ca0fccdd305d7738700efc9540399eceb32,13.0,0.0976,1.3691,0.038,2.0,0,0.023131163641649116
006078e5943de3f1f3be3a3d002ddc063f3351a92065c8e940f5dbb0e54f3e2c,13.0,0.0,1.0,0.0046,1.0,0,0.02337474926007963
00607b14ec41dd1f40355b23c7c5218fcb19badfd8be401fc498911aef43f395,13.0,0.0978,0.5921,0.2796,4.0,0,0.19117986206459758
0060b309973362e0e69a853ff8bdbca27e539ccfef14a2ba2b1c60bffaeedbb8,13.0,0.1548,0.8843,0.0922,4.0,0,0.15641623390463308
0060fb0593102af4bed23e5a8993f30fa9f8a3e278f24dd42f08c2e1c0317bcc,10.0,0.4963,0.3105,0.8324,4.0,0,0.6566319191325843
00613469628ad05dd9daf6bb483ff70ccd53c7c37fce1905a441a7d41c05a512,13.0,0.2644,0.8946,1.6081,11.0,1,0.7776094600291124
00613f8bb29b1dc8db9d2425e026f8f2d8390a286922e8614d5a209dfa03046f,13.0,0.1314,1.1132,0.0714,1.0,0,0.054991689337543434
00615a87e133ec0b7c6b8af02fc918b920a49cd896f78fe305f7151e9a88e81f,13.0,0.1484,0.8998,0.0833,5.0,0,0.1221708839229792
0061769303d2ab53f5c091fdee33c577833a436b6e45bd7a909bef71d1689c44,13.0,0.1129,0.0,0.0071,1.0,0,0.014866474389022968
0061ab0fd55e3bb82c355d855275bb42ac53b8e60c8f0472e4946a98f7e91fb0,13.0,0.1534,1.0459,0.0244,1.0,0,0.026045449773452113
006220aeb8ef17c9343c8a275105c6519755fe1ff12727fa32fa923bad9afa15,13.0,0.2529,0.6974,0.4061,5.0,1,0.5953182415234185
006225777d200ee992151942da96d7f4a6232f462b994687223745627358994f,13.0,0.1307,-0.3243,0.0615,4.0,0,0.051152218660967634
0062601dbb05d7700be40552e713ea0c3f69f298f40408990c5afbef7ec540fc,13.0,0.0,1.0,0.0062,0.0,0,0.020263886945132575
0062656c56d8b0832ea49b44061810abdfc8089cc400ffa646f2c4c2c0bafe6a,13.0,0.3577,0.2975,0.4467,4.0,1,0.6272072507635326
006269a5e1b553e5d710692d011952ae9190c8084052104f85cf3ac086cfa42b,13.0,0.0,1.0,0.0062,0.0,0,0.020263886945132575
0062be3b296456c71861e2384cc41107a1322bd6e354d2794f58923676ccaa83,13.0,0.0085,3.7428,0.0372,3.0,0,0.040603145372284564
0062cde0f0dd50309fb4291b80811e4afc31b3c2e7fd7c51008d1dd25b8fd510,13.0,0.1679,1.3177,0.4758,6.0,1,0.4936385601088597
00630be4c9632375c43b3ff8873e750099acc1ba37f5aabb21098938d331dad3,13.0,0.2364,1.6915,0.2527,3.0,0,0.6116975297660681
0063c1477c281f4db58c16c858d22d9e610cb0fd526c139949cafba60d18da08,8.0,0.2157,2.566,0.6856,1.0,0,0.6035709281824798
0063c1c2590909466b5fc7bc7ea4a2942fb8a21590072d7d94329473b85c9b2a,13.0,0.132,0.9683,0.2942,13.0,0,0.3375977534793387
0063c4d4ab0b473c10af1714274562d5d4b4afff0e1b4607451515bfe67a7749,13.0,0.4664,0.4751,2.2042,4.0,0,0.8328191692421174
0063d4196c49db2339817940660aa57c4dd704fe3402fe14030c4a164602fd42,13.0,0.1238,0.9661,0.0186,1.0,0,0.02462543802506569
0063db644c8eecd5a1e3c815cc37932e7a1799143f2d3d63015e89e085fcc2f8,13.0,0.1517,0.9598,0.0228,2.0,0,0.0235527044671645
0063e327c09d615be5d1a2155e2ef98fefb9ef69829440abf7cb867c1406e55c,13.0,0.2661,2.1631,0.0298,5.0,0,0.09845264734340552
00641d94446128412aafd0529a95d59132a45aaafc496542771b330c517e13aa,13.0,0.1276,1.3486,0.0203,1.0,0,0.025795389854303397
006432fdad842243c5c7dccebd94b56724b11b7b89f45626f2801853275d5423,13.0,0.1051,1.5912,1.4015,3.0,1,0.6502948137899538
00646df5fdc58a9633b201d703d6c1038f3105b0a30d779988f05939a253b26b,13.0,0.2457,0.7159,0.1842,2.0,1,0.5508621818958985
00647af038551e8565778049d4ed0f7a8f89516eb55ba0dbc073233626898f9e,8.0,0.1558,1.037,0.6244,4.0,1,0.47421172391165206
00648a5a91cb44ef735fa880534875bc4f9c54c444f03a30e0466e04cfa82f34,13.0,0.0,1.0,0.0078,0.0,0,0.03633201737750049
00649442ae7473f16f4a76f85119f0f415193bb25912bccba4bea3c9a5338bc2,13.0,0.0453,1.4099,0.0398,4.0,0,0.020035342906670143
006498d48ca04d23fe54e6c43be0c85f03d4a8cb6461a89b6975558a3211845e,13.0,0.226,1.8893,0.0175,1.0,0,0.08443930805997521
0064ae30092899ea834e67e3f810dc232201df58cd0d89c619f5cbd18b74abf1,13.0,0.155,1.3793,0.2024,11.0,0,0.43071355303570713
0064d8ff60b4e90053e3f353541e7a4296e71b087a7c10299f6842cd0567cbf7,12.0,0.372,1.3748,0.1322,3.0,0,0.6661751511162112
0064e1a47155a79fe95112ab3be3b82371cf7a0d10d1663f7d5b93d525074ad6,13.0,0.1687,1.4217,0.1546,3.0,0,0.2968631068598946
006520fd37d1e414e6d6b961f54c68a91eedcb2a990486cf754c98069fa327e2,13.0,0.1885,0.9679,0.0785,5.0,0,0.17580595056517773
006550f0d978b3dbdc9c332f98a2885188b801df038be461b71e640350728aa6,13.0,0.1137,1.0285,0.0358,9.0,0,0.02063055249195894
00659d2f7a8f3b4d7acd716d80fc51566cd909f809c062e800ee17049ecd34db,13.0,0.2336,0.7675,0.0127,2.0,0,0.03091956822086483
0065d13dfc702ac1597f88a15a18a87997ff5f63fc9a3fa433d36d0f15f86961,13.0,0.1114,0.8396,0.017,0.0,0,0.04807857501365532
0065ec93342df93ef63f4208c855f4ab22fa66cf0ffc5b510cf8aa7a89c19baa,13.0,0.0,1.0,0.0074,0.0,0,0.022280945636023855
00665e2c072057a23c73400c056fe049c5b0b7b506670202d2e0c305ea703911,11.0,0.481,1.7157,0.7447,2.0,1,0.7787374497424291
0066943aaba223d89b959fdf83b69da90c1e64ceeea8e12e4e4477a3657e2697,13.0,0.3371,0.0,0.2566,12.0,1,0.6187312152000949
0066a59c8b96adec9e847a64d83d481f8b67eb6b96eac02d52cc021181b9c147,1.0,0.323,1.0,0.1092,1.0,0,0.4170563345764709
0066d353144951d8f2b5b1a23f69d538fbb625debed5ed05bd69a8bff095ef6f,13.0,0.1232,0.8966,0.0312,2.0,0,0.020006450031911326
0066ded5794271277d3a690d5b3ef8e6631d113a4b1e549eba7e0eefc677fc9a,13.0,0.1138,0.7282,0.0988,3.0,0,0.07051556440530868
00671ada482a3d566233660d52ff04acff37ae1bf29b0a77aa40fc3186031247,13.0,0.2533,0.5412,1.0611,5.0,1,0.6693112235160854
00672fcae7978eec01402925a50493c7529cfffea446c782b49867a4ae81b330,13.0,0.0528,0.0,0.0079,0.0,0,0.029898142160909046
00674acb4cd51fd35dd5424b77fcd9b9abef59f78f1bf729aba110a8d6563a62,13.0,0.5212,0.8276,1.2711,4.0,1,0.7834833216038253
00675c719a96662757fca14b44982c45d2290a83eed8b7e441080eea4647bd5f,13.0,0.1114,1.2512,0.0311,2.0,0,0.021735597378065
00676bbba68dc87ccb2485d6c2ced9dd60be9912974ee3cb71a432d86db0e706,13.0,0.1701,1.023,0.0953,2.0,0,0.16794004532491397
0067c811ca2b07776f47296d1284533fedcc6a9915d7eb0b0635d7c13f6aaa0a,13.0,0.1586,1.0041,0.0415,6.0,0,0.02467277146591667
0067dfb609eb574446cb93f5938b09f3463a1e69ec4ac9162bf3f5f8e49b2d8d,13.0,0.1424,0.8978,0.0241,5.0,0,0.018569730344603505
0067e033b935a35ae96680b6245698223c32c1aaf527927bb313e5f0f9895450,13.0,0.1282,2.044,0.0337,3.0,0,0.04319928637143459
0067fc28350632338e5c559f90a1ab5ee4b8535cc9219ca2f4f58651672f2d0d,13.0,0.1984,1.3219,0.2885,12.0,0,0.540532751293561
00685a6bda45a1e04e08e1cec13f000a8e9e872aaa1facf5f4c2a583bd268ebd,13.0,0.0115,-3.7441,0.0462,7.0,1,0.026620034512858805
00689279b6f9d2078b36fa42dd425a63b5171c5be045739b2c56c4d5318b7413,13.0,0.1692,1.0267,1.3307,7.0,0,0.5997138136683745
0068d58b8544565640c41fab3fbb6a8c1b3235a61f5d76eb2f6f2beb2f2735b0,13.0,0.2807,0.8902,2.6472,5.0,1,0.8662025137762562
00690874150f30a06433edbe8f680c4782171cff9e3f1cafaf895cd98e388b28,13.0,0.0,1.0,0.0057,1.0,0,0.0232289663352012
006934b3fc6a4bdf741ddd6db22aa11b2443cc0ceb52fef55b53f7c5f82206fa,13.0,0.0,1.0,0.0057,0.0,0,0.01978947117409603
006937b4ce166736d691469add526fc13c420f79efa3a9ab97005e288fc128ef,13.0,0.2554,1.5126,0.7947,4.0,1,0.6395366013468514
00696bfd88c3a0511d79f4db9add94e52b1e9603d957a193cbab7b5354702208,13.0,0.9175,0.5922,0.38,6.0,1,0.7063714598675697
006983a44c4bd93ff17217e062f869187785669f7eeb8a2dbf1ef5db8bbf45d1,13.0,0.4799,1.0546,1.8845,5.0,1,0.8665792509191536
00698a08a5b73ca4cceb7705e59758349b184b7d2f5fca83c3fa3e26578d8977,13.0,0.1406,1.0427,0.067,6.0,0,0.06436643055219994
00698cbfa12cce46e35c91c7aa5e248512409152fbe6148d1f2ea204f74a78c6,13.0,0.0,1.0,0.0062,0.0,0,0.020263886945132575
0069d0a8aa74c28d81656ba3070da0b5195cf8b732755c8bafd2a770f9ccd196,13.0,0.1665,0.8409,0.2608,2.0,0,0.35731551637298553
0069e40b88116e86875a91783339f0191c2479b4d5345853be5293f761d0c0ae,13.0,0.0,1.0,0.0119,0.0,0,0.07704350507592042
0069f2615e8306af132bfcdd678e379ca01a8ae86d3182ce80206f790e6b09b6,13.0,0.149,1.1491,0.0428,1.0,0,0.031061377619130203
006a36964e2781ad3fa477ee260757db5758b58ce50380fa6a361109dc7fd6e9,13.0,0.0175,13.0,0.0136,2.0,1,0.29814039445818724
006a3bba6b0516707225800b66133a7d22f8d9a0c9502eeee7a1edf55147a5d9,13.0,0.0768,1.1889,0.0292,5.0,0,0.018662418486037398
006a3f6d8304c191df3a64eede535a5349c57c0921dda07190d0461e055e9ca6,13.0,0.1333,0.7992,0.3829,10.0,0,0.2877186649113389
006a4da582862a5a8082900773d1b09114df1c4fbf4c4c428c72b6b1776cce11,13.0,0.1335,1.112,0.0895,3.0,0,0.07152102923296909
006adb271ab986a9eb88990d24add4aa4bea8520b3b24d41f159c6b42332b0e9,13.0,-0.0833,1.0,0.0237,1.0,0,0.04569324386261156
006b0a0fb2cdce6cf627d81d41922704c50bca2791010486678c2ab646473e38,13.0,0.1976,0.7876,0.639,2.0,0,0.5171735368562989
006b1e99e084e7c19b1ec37c3844943e18d45aaf1085015cc1e1ff04c5f0f79c,13.0,0.4476,1.0924,0.4941,12.0,1,0.722214435094467
006b42f9f36f41e19de615ecdaf09feaece35c3b17e6ba209348a086ac735140,13.0,0.1569,1.0346,0.0082,0.0,0,0.03703897819274202
006b8d3ace13a2d57a5f24bf5fd73fae274cb4b786200c02c9c3d7986413176a,13.0,0.0,1.0,0.0062,0.0,0,0.020263886945132575
006bbf9d34e4c283997e2d61d8b9787f960376c7b7808f687b63debac0971c7e,13.0,0.1145,1.3263,0.2178,6.0,0,0.27389249415378014
006be74ca5aeec5ffe02bb82219182c98f7a1cafc69fe347b89a0294eb1a417f,13.0,0.152,1.6067,1.3991,8.0,1,0.7136344762226768
006c14e2088c2119c680f6b2b8a5a5197337d07c19b34cf125ebd5dccfc5a68a,13.0,-0.0556,1.0,0.0323,1.0,0,0.04347381706750328
006c4f05d94c70c38d7660e53bb9c0f04fce230cb50fe9d9db9b6f424a255478,13.0,0.0,1.0,0.009,0.0,0,0.07006471872599379
006c6d9a8914e9fe41735f88c01cac956b572705a67050ea8b0ce1b4733fca05,13.0,0.2172,1.4335,0.0335,2.0,1,0.04396481029298292
006c9f468b56c0ce91b45febc7385128d62b119f00c68fed170e778a2d5b8893,13.0,-0.0177,1.0,0.051,5.0,0,0.030344803068503668
006ccf608eb590ac3316e6b8965296778a706919ba85c2098efbd0c4c872c170,13.0,0.4776,0.7997,0.0563,2.0,0,0.22627684872206236
006cfca8e1b64e36d736368a4024f3de3d67e341be2beb79bc7a88e06773cc94,13.0,0.1094,1.5735,0.0472,7.0,0,0.026544504577503264
006d174d1c601fa0bb534613cabf5f1085941a06099547f09ab6a7a0e3158283,13.0,0.2314,1.0039,1.2253,13.0,0,0.6028092183709436
006d226caddf9235cd5ee913458de96316955d14078500b194815b780d4ba97a,13.0,0.2532,1.3545,0.4335,6.0,1,0.634635779811885
006d23fc91d62980c6ba065cc68d9489b73553dc48df77a125a9f3696144d0a4,13.0,0.1676,1.0708,0.0072,0.0,0,0.03366298320532134
006d69e0f4b19ee74cc0d5aaa70e873314cfeb148a6966d7901ad6c6eefd3b1b,13.0,0.182,0.9456,0.0364,4.0,0,0.03887950458130141
006d6bfc9afc60c40975f5f44cfdeb7e7802057ef1b62c46f1f44545c6ff5b19,13.0,0.0,1.0,0.0069,1.0,0,0.025174868857605906
006da6af8e7f3cdb38313a9ef133abc48bafadd2dba56e86480fe113f422e8f1,13.0,0.3479,1.0363,0.0641,3.0,0,0.26647492719771076
006e2358e6f405913d1409da2e724c9e5fd3448716a5c1fcc6dc943402cea550,13.0,0.1658,0.9324,0.2208,3.0,1,0.3662773741323576
006e5a05e2b0a481d491b76d0e24c2d6237429bfacb623db6324892005bb77db,13.0,0.1648,0.0,0.3502,11.0,0,0.3665734330717092
006eb6da6b2706d7ee25eb128ee9dcf40706d1b13f0b0f013c3fa0828caae877,6.0,0.1529,0.9433,0.227,1.0,0,0.3233430358127709
006f0d72d6d47960e9e4dcbb7cb34331ed9afd2463bd2004188664ca2fe51c7e,9.0,0.1072,1.1105,0.0955,5.0,0,0.0769890253440807
006f14f8740ffe223740b9fa453703575b8a7dbc6d45c780c183b4386f08a850,13.0,0.1596,0.9848,0.0295,2.0,0,0.024143723874366838
006f2bbd16aa057184064a5181eac4af1e01e10ce28f908fec1bf7f36b1f18c0,13.0,0.2378,0.8195,0.3252,4.0,1,0.6044250352613946
006f2d1cd8319253fe452601a9e5065912eb0f9977c5e43587f3bbf1c4f9c556,13.0,0.0,1.0,0.0042,0.0,0,0.019980332496187008
006f30fde1f1b60bb273d78fff0bc29d3866e88f024de2e135c8c96a6785df32,13.0,0.1287,0.9342,0.0488,4.0,0,0.020152872695911848
006f520101c9299e220458dcba6df8794b842ed41cf73268257b0fab8306a1c9,13.0,0.3649,0.7287,0.8144,5.0,1,0.6886392932251426
006f9a9b28ef9c45e0c8eaf9ec43b6f5ab34083c90a4ee53cac99829f2218d0b,11.0,0.1535,0.6803,0.034,7.0,0,0.022418377080144665
006fb3a85be9f95cd3a928a6691ac3d55e08b8b967c4818f92abb590b0346861,13.0,0.121,1.223,0.0128,1.0,0,0.024709296067881508
006fc3908669dd098b0d9f8de2a2e0d8c4239e63b7322ab6ba060db5f7f9aac0,13.0,0.0,1.0,0.007,0.0,0,0.022280945636023855
006fd7d84e1ba8c17591573f507bb585dc3734e0ead016b98b37cf38cae18c35,13.0,0.1294,0.7457,0.0189,4.0,0,0.01719189277498593
006ff45c2dbdf35b4188028d71567e5a30ca97abbd198544763ef94a101ecb97,3.0,0.2292,1.0701,0.0841,0.0,1,0.33233343291450573
0070039e43fcf06713be7cbe46eb380bbb27fb18933d57cb839d9d9b0e6a7dfb,13.0,0.1217,1.0873,0.718,2.0,0,0.31439200786763083
00700974c9e95eab3a499dfcd922b31f4350b85f978dd992aeb9710a4848d897,13.0,0.0699,1.4085,0.0171,4.0,0,0.01861712622053621
007027c68888bd4dddd8f374312ce0fea7a2dbd3ac65254495ef1e665049022b,3.0,0.1857,0.6317,0.0781,3.0,0,0.12618458952513703
00703611bd15fb6c454cdda45a52bc508d2f5ad760e79b0234ed2a1205dfc996,13.0,0.0103,13.0,0.0104,0.0,0,0.1140845326176538
007071d5f9a8220c7da9a6df784ad4e5afece57c14f15c88180441932e306ebe,13.0,0.1002,0.9364,0.0341,2.0,0,0.02085621624967304
0070acc585bec8e07b3091ffb70c28175991025d1e4e171e0beaebf98e46cc6e,13.0,0.2129,0.9401,0.0547,8.0,0,0.08454596109928575
0070b91fdc4955189c1a59eba24eb7429697a29ac05fb172697fb19b9aa55838,13.0,0.4873,0.875,2.2087,3.0,1,0.8467972959576099
0070df543175b70be1ca9d766b431aeae60c570663c98f453a336712af90ab1c,13.0,0.4817,0.6429,1.6246,3.0,1,0.7988713863438968
007100ac12c58ac5901aeb6424c220c7ade2c66cb10182041344bb8cea2fd033,5.0,0.1687,1.0164,0.2941,3.0,1,0.4059903404970667
00713a8e1e07b10073da288e80076c4cd34385f46cd1c842cfa6ae24c36a6fae,13.0,0.2899,0.9111,1.1865,2.0,0,0.5970657568463147
00714a803fbf64476da53d89e2c409347348c344382a73a09ae4a867449519b2,13.0,0.2955,0.6406,1.9704,7.0,1,0.8282594991263368
00715f6855b7d988ba105798d48f0ab37c398a649831eb6e97245f1bc02c39cc,13.0,0.1895,0.8041,1.4401,8.0,0,0.6752496345878548
00716c40a206e7c6a340f5ff27fce6aaec006c5a6e0ca306136d34b42272e3c1,13.0,0.1402,1.076,0.1225,8.0,1,0.23703709758812444
007175df2c2b58b164b423e692ae11ed1173b7839f8aaadc3e4ea7a95a04a79f,13.0,0.1664,1.2337,0.4216,4.0,1,0.4771296595019269
00717f70447482568c8b88a67029ce8a14faebb727c1bcb148db3aa1fb9e8deb,4.0,0.5342,1.0872,1.5163,3.0,1,0.8064114250412918
0071815fb1f19a63be2ea0b4f77b3d45fe1d0269777b662a18dcf02ad0137291,13.0,0.1747,0.7681,0.2528,3.0,0,0.3521641503974908
0071855bc72abbca7fe767199354e6b47dae90ff697ce073f0d18b78c838826f,13.0,0.0,1.0,0.0122,0.0,0,0.07704350507592042
0071b1b3cb9efec4a628fc21ac143ef92d0fe6b58dbf7109e662b2123869a14c,13.0,0.295,0.5299,0.0267,0.0,0,0.06815017915186469
0071b256dcf1b912840a994c3cdf817fe8820131805e72ef2ec2f116dc1c7e5e,13.0,0.1272,0.8112,0.0174,2.0,0,0.01923201223700924
0071c67cbb7194048e8f89cc5f9dabd9bfbe15d63f8ba02c962538770e9aca5e,13.0,0.1524,0.8616,0.0549,3.0,0,0.043658187215609254
0071f3339ef30f463668028a90cef3607cb14bb228cf9c39aa5f917f159f9386,13.0,0.363,2.1369,0.0423,8.0,1,0.3832887506350319
0072018d172b835b28fddb18c0953ca4d94decb04644850ac8a31c08d9289844,13.0,0.0472,2.1967,0.0265,2.0,0,0.03717484954733155
007205e6911d49ea8e1f92cc6363ef45540069dd76374c2f305317ec9b24b62e,13.0,0.059,1.5456,0.7553,6.0,1,0.48751364075457654
007250ea5b031d9bdff7105e81ddc4931c14e5e6c604c4c02d5ea9fb1279cae0,13.0,0.1447,1.1995,0.1811,6.0,1,0.43930760152693515
007260be4b12c0a4ca3de22b18fcffe9b8a93610f695d85649da0da68e4886eb,13.0,0.164,1.0933,0.0536,2.0,0,0.05326861561041302
0072650fe3b2b1f69280201b9128f0801e9c578b257690a65a28cd6ff4d1d4e6,13.0,0.374,1.1438,0.0565,3.0,1,0.3564470291096451
00726bc2a559f3f66d9706eb3a8d4bc2c15e636752a0f3cfc6be3e15e2ecd702,13.0,0.2963,1.0967,0.4414,5.0,1,0.6691787038970409
0072821872400940d7592929872b98a4e61ff11b932b6e7dfc95d9b7b0dfe467,13.0,0.1624,1.089,0.0349,1.0,0,0.027350279536434267
007289dca818b922d79cfa7ed407f47616267e881a7378891962da8642fa937c,10.0,0.3849,1.1168,0.2761,4.0,1,0.6863857513426918
00728db94d5138d00da433d866311cfb53424c3ec9a718065dbcc3fe5615eec4,13.0,0.1707,0.9862,2.2798,10.0,1,0.7287199603495286
00728ffbf7a941ea98ba54a906abe309921c8b6eec58c1407d5426eaef1d0eb6,2.0,0.1015,1.033,2.5689,1.0,1,0.686537150353672
00729c85e1d54e6249734132405f8246bf7ba416becd2b000f8baf1f85ba7214,13.0,0.0,1.0,0.0071,0.0,0,0.022280945636023855
0072c49b177d98c4e0348e7af8da5cdf8c5a8ed42a63cb0563c7203245085330,5.0,0.1202,1.9684,0.1052,1.0,1,0.335366990562129
0073112831b9678cba832abfba2dea313a2531701741361cc8da395e2357ae43,13.0,0.1107,0.7354,0.1341,6.0,0,0.13679362677895118
00735d9439658dd2e9a63a2a2619602023d175c1f8a344c8c9e03f8c3ed31476,13.0,0.287,1.2773,0.0881,5.0,0,0.2872565044139675
0073633211d630bab5e5b8308b737eae6612f37e88d44b8857b2a18527cd7188,13.0,0.1247,0.773,0.0826,5.0,0,0.06106858281490819
00737bcce827ea6876596b6fa93dcd0a180881d80184fb736fc73852ca8dad5e,13.0,0.0635,0.9641,0.0315,3.0,0,0.01994339559441185
0073f538b6bf3ae10c7ebf5f4ff08f14dd7d1a2e86083a8543758fb31564643d,13.0,0.1423,0.9485,0.0241,1.0,0,0.034588762139797405
0073f6aaa1214361cf8ac201d5eaede98f8916cca6a4eefda99ac227deb4d570,13.0,0.1393,0.6893,0.0329,6.0,0,0.017956631368505224
007431a1d2429df1b3ef3ac15b46aad3e8af708ed407d3074e0359eed278b031,13.0,0.0544,0.0,0.0211,0.0,0,0.047363421484661196
007431c06d507521d07f5340708cc5e9387093f47890c53c53d44262e23dcb37,13.0,0.1755,0.8991,0.7901,3.0,1,0.4493625963513824
00745c4c6441cb0d7447333c204f205997f2d9288c16c51eeb3f8a50c4ef5e0f,13.0,0.5775,0.7121,0.9818,4.0,1,0.7632513623558362
00745c778e8c8033dbb8c0fc9205b6b938fd0ac5359de4aa1f2e47336a02b291,13.0,0.0754,1.0656,0.0477,3.0,0,0.02239202532270729
0074a7d1e1c54f67a0aa850d7b58d5d09a43ac758935fda692fd53ea3a761d6f,5.0,0.1464,0.8981,0.0863,1.0,0,0.1245237844842149
0074e1e888d268e1ad5658210d8bbb606dac03da096113e9fa4397b97ede53f2,13.0,0.1047,1.1459,0.3273,1.0,0,0.2213258056766206
0074f159f5359625eddc1f16113dd5bcdba17c60efd4203a0b9543439db18c6c,13.0,0.0712,0.0,0.0054,0.0,0,0.01593955253905294
0075047f85dd48b073bc6103795028d5af753806682809ec8bc430b963db49a4,13.0,0.1438,0.0,0.1166,0.0,0,0.16460162529119812
007505428a1bf1899bbe8f41f86ba7ec62496d9c3a40abe907b5fdf05843a050,13.0,0.2154,0.8515,0.382,3.0,0,0.5642958305895748
0075147a10dd0f27e54ca9da1d6b3e614f025176f123e401e150bd715bdbbe10,13.0,0.0872,1.154,0.0693,6.0,0,0.0517639776339905
0075ae8d0d9e99ee8d534121c340f0ea071067d31db53cb00655854b6481a8c2,13.0,0.1581,1.1336,0.0345,1.0,0,0.025252299672322377
007640e6d0fb8423be50a40c337108db80471dae973fc840ee98cdbbbed10038,1.0,0.1663,1.0,0.033,1.0,0,0.03251583149929287
007659a996e93ba05f0f598159bfb550ba703a33a1e22847b58a1fdc2d55b030,5.0,0.1537,1.055,0.3972,2.0,1,0.3821255349211096
00765c769dbaca55c936f49bc2483bde990daec720df416628c22aab2d441070,13.0,0.2013,1.063,1.9203,4.0,1,0.8146064934244345
007665af389a671677413ae879122be275b722b68b31509a54297c8b9ee611ed,13.0,0.1665,2.0376,8.7031,5.0,1,0.7526810429713923
00767f4b008329e2da922c3c2e4426e24e805ba0c6ba4cacf2909b22f567133c,13.0,0.0433,0.0,0.9974,11.0,1,0.4995572053075671
0076bca3ccdf66e90516fbe14ead84414f331cc99bba11b8323fdd8065749fc7,12.0,0.47,0.8441,0.2253,1.0,0,0.535125953948537
0076d709b96ad87dbf8e14b5f02ccce813e3a5f8f50a9ce5dbad33e23e885053,13.0,0.1492,1.2331,0.0602,3.0,0,0.07519414182505327
0076f63532a8e8eb0494f301a15c56d73af53fb9aa3361410af60ef5db5f793a,13.0,0.0,1.0,0.0064,0.0,0,0.020263886945132575
0076f68748a189c4e1cb3fee1593edc4694a32bb270ca45a3c51ddd630d7732f,13.0,0.6648,0.8202,19.1,6.0,1,0.8830996549190364
0077265ca2634f4b1fb928929014573d6e6a21a7a47f86c0024df0e5eb0de85f,13.0,0.2295,0.9894,0.0605,5.0,0,0.15941317929831256
00773f1544d860441803e67005f52aec3e695c8ec664aabd234ee6c97f0609f8,13.0,0.1585,1.0464,0.0967,6.0,0,0.19974122146706358
00774c693a407e828b1d9d94d3e670944dacc856aa8f41052203fcfbebe4c5cb,13.0,0.544,1.0008,0.0114,1.0,0,0.05527894353229877
00774cde32a3a8894c5274e49092252b0d78cc49bffbb81ea74a7e109e1b4ad5,13.0,0.3747,0.9053,0.8224,13.0,1,0.6917731513368206
007756f6fbf1c36b946f3a1723cdcb4a755624c433488a1198a8dbed89acbfcf,13.0,0.0,1.0,0.0099,0.0,0,0.07447578192254842
00777a52c3c78548ce384dbc412025582291370ac2790c44c0ee9c93b994c212,13.0,0.7149,0.4868,2.5668,4.0,1,0.818394832908821
007793144e0eeef1e29a7aa93244815328beb0d46ccbe3d8aa3d7c0bb8718b5d,13.0,0.1466,0.9881,0.1057,10.0,1,0.24696223537933684
0077b7efafef4cfa81e42538b87e39799e9928e47c6826e9914f70da02c20dc5,13.0,0.114,1.3086,0.1476,4.0,0,0.16975553888893075
0077cace49799d9aa37d522958d1a20ef8ca9953fd04e6a66ce128f3476311c0,13.0,0.161,1.7961,0.0064,1.0,0,0.02109805290854285
0077d7fe09a7b3ef976a9f1dced34ccfe53e167f7cd880fabb46afba5ffeb19a,10.0,0.2297,1.5784,0.1377,6.0,1,0.608212720353427
0077e016d9dc2b5bc0f9c516115e6120d76169a4f2765aa3b55b8a40cec9a0bc,13.0,0.1386,1.0891,0.3668,1.0,0,0.2921563272675933
007803baa453a5725beedf4c6a1e4314735cb06586080529e5f0540c7337d4e2,13.0,0.0,1.0,0.0055,2.0,0,0.02274504897362967
007807180cb9cac5bafbeccb2228e53817b6ec027fb501d23665c944dbf035a8,13.0,0.0,1.0,0.004,0.0,0,0.019980332496187008
00783f4ee97a54a3494e6a1a0c3fc12baf50cd30b8ec6608e802a959138e7465,13.0,0.0144,9.2421,0.3524,5.0,0,0.3746580442525844
0078482f5640478327d08f5eba697d5a2a615d2bd6c2149c41744e63b4d5a78f,10.0,0.4932,0.926,0.5556,8.0,1,0.7173936636172589
0078d2b5bab345f987eb26f9bbe87969f5a1be83910dc2634d05ea363ccafdcf,13.0,0.0,1.0,0.0055,0.0,0,0.01978947117409603
0078e3c57acc50aae9f8a64cf6092596f2ec404d15dda62165c5281e3c51d038,7.0,0.4259,1.4065,0.7723,3.0,1,0.7815730395086675
0078fbc9f5a67f777a87091a31f0f30c4598523f8b4e63d20a87051930242251,13.0,0.0799,0.4428,0.0342,6.0,0,0.018491603729703533
007971262e2e9e80242c83ebb1eabb27ca2463001b5f125c2fb75115817c4f36,13.0,0.1145,1.1992,0.0149,1.0,0,0.024709296067881508
00797fe2a1ffefa37dfe513908df411081ed1b86ecea4655dcd018fe5a7e1f37,13.0,0.4835,1.1519,0.433,6.0,1,0.7419828421589356
0079834b01feabbf5f2c3088b05fe6626030f4b29bf67adf74dbb1e1531bd837,13.0,0.0,1.0,0.0095,0.0,0,0.07074013077730512
0079d511dc8f634a8f76f5308c8854889ba598b890db65c98958a7aa0878bef3,13.0,0.101,0.9974,0.0394,10.0,0,0.019987906035613387
007a0cc5b51707c745dcc70125967b0ec2909292fcc48cf1d0ec8844df46a06c,13.0,0.1771,0.9502,0.5576,5.0,1,0.4506108532198849
007a0f589ec7b441b2938d4f2c31c4e11411933df71b2748c9c7206b5012d786,13.0,0.065,1.393,0.2687,5.0,0,0.3006414209242861
007a41eb8cae8cd87f72432c844f8c58dd45f9285e0cb64a9ce01527ba806a4b,11.0,0.0,1.0,0.0082,0.0,0,0.037720949013385574
007a42e0270e77923010aceabea8af8e8908e1e56e3e7d654c6b087e5ddb4a57,3.0,0.1511,1.0115,0.0767,0.0,0,0.19679950401864288
007a576643cfd4af2445d75665e0ed6a00a4aa4165479ed08b1bf4b396251bf4,13.0,0.2197,0.7713,0.2415,3.0,0,0.5694043223501951
007a5e4d8e3971a975e3442aa9f177c721293dfc8e4b9bc392ea86cda29c06df,13.0,0.4644,0.3665,0.0921,3.0,1,0.49835007214780525
007a73ef5cd01355c20e28919253d5295ebce95cbba5e085d55a1eea040771e8,13.0,0.1711,0.0,1.9001,13.0,0,0.6243483583153318
007a85d98dbadb82394d7bcdbdbd2523c51c2434107b627e95f4ba59838296e3,13.0,0.1041,1.2853,0.037,3.0,0,0.01889593002159148
007aa50174f682c5bba1117140860ae4a8e9a41909bf442e1f6c8ece558f3d19,6.0,0.3972,1.1941,0.1644,0.0,1,0.48709514473384147
007aa8ada2146d2acaad5b48f387c574a9db3e5181d2afbb2252978ed9dc53d6,13.0,0.1705,0.779,0.0312,4.0,0,0.022798410726465004
007aadbd86cc2d289ec16451891afe7db01861c7d6478c8f4271d5d757b29486,4.0,0.1674,1.0408,0.0371,0.0,0,0.09982645407058006
007ac7fe2c4ae5af522ec2d614375bf80aa85b0e283f1f730c702393b0485110,11.0,0.1551,1.1046,0.2087,3.0,0,0.3666533992157657
007b224e4945d91cbf5da9ec04f99213988d0a7d629425bc1aa461006227d09b,13.0,0.2338,1.4688,1.0709,7.0,1,0.6430776682246692
007b3ca0d9af0c7b224988f0f04041d0f80862569442c1542080b9e5710d5fc5,13.0,0.0558,2.7634,0.0192,3.0,0,0.052343342300721074
007b5e0c0cf22c1083ab5b3ea90f5891f1f65ef76a934de7914f866f870aac5d,13.0,0.1669,1.176,0.0178,1.0,0,0.029825430644246004
007bab3853dfbc1ed707891b73e5f1d2e176ee8511df473e2e91fc6e28a46024,13.0,0.2062,0.6997,0.2481,5.0,0,0.5070570568354068
007bbdf03ea7c57f88352c8b01fb7da136e759f7b8a063fabc7187e4dc3f07cb,1.0,0.1748,1.0,0.0183,0.0,0,0.0668615899128972
007c00589b8a3c5e0be81edb06dac1269cb5b2fe66f8b0111ac59b0b59ffe26d,13.0,0.0498,1.4592,0.009,0.0,0,0.05154543925972049
007c036d33099b1d03f2c3363dba8a2b9a90e0a4d5371721b5369a6bd783be69,13.0,0.1672,0.8812,0.1604,9.0,0,0.2872942027628565
007c07fd629d4baf685a19571ec31aebc36e2f3d45226e8322a3051a66af3b32,13.0,0.0,1.0,0.0068,0.0,0,0.02219398911428473
007c1c64b867b63af5776b979f1cccf8f19ed348be6c81a7eeba1249ad350c84,13.0,0.0799,0.0,0.324,8.0,1,0.18943560843984014
007c61fd5156ae80ebe55e6beb4c797ef2753675a4ad9696f3f6de7ae3dfe447,7.0,0.3543,1.3648,0.0991,2.0,0,0.44144846889146355
007c6845dac3049cc660e77b63674b9d2bcfd046c88b46ce5f0f67f882db286f,13.0,0.2764,1.5693,1.2603,4.0,0,0.6736896186839527
007c897d244655aa6df0216c52bca0ea3256d0b4b99885b664ae68ce6d85b2f5,10.0,0.5693,1.4182,0.2052,3.0,1,0.7281293254913443
007d0acf2f906186112f1117bb90053945cd8e8617d9e711ad42c0d6655712af,13.0,0.1856,1.1096,1.0205,4.0,0,0.5591989786074448
007d32f1a27e72fdef305beaec7468c30d16578b26aebc23f518f024216443a5,13.0,0.0,1.0,0.0052,0.0,0,0.01978947117409603
007d3f3d6589cf792404fff22d1de5fe3495dd7f93a594927250dbae2ef2ee29,13.0,0.154,1.0926,0.0152,6.0,0,0.020730724124400766
007d43abc18a98373df13f16fae93b2707ed1362bbdb1e99353d7b5a59236872,13.0,0.1058,1.0291,0.0294,2.0,0,0.023296042471018453
007d46bd0866015757bebea356a732500e04bc20293aa3b6b852a506fb29cd9e,13.0,0.2125,1.5578,0.2367,8.0,0,0.5534236142860834
007d747c69ec13e017248728adb0051f12e71f232065e1fbecba117670dfb77b,13.0,0.1225,0.8547,0.06,6.0,0,0.046365027181227265
007d7d6c65992d92208d62db9849e74509ef09c7ae278c286bdc6ee7eeceea79,13.0,0.2081,1.0535,0.5245,10.0,0,0.5685499583763051
007d85a0ef9c7744c5dc0f5790a40c44e4fb30831cf881dfe9bf5208fb418359,13.0,0.0,1.0,0.3771,2.0,1,0.28190932521540757
007d9115c0c66d0e83dd690f4cbfa207094c0313274ba0846e74a21571749689,13.0,0.0865,0.1757,0.1385,0.0,0,0.11555755969031463
007dc70c5fba8651f38b1c70bf44cccbc586cd3e3ac28ea3803cc3f5c144ace2,13.0,0.4183,1.0746,0.6785,5.0,0,0.7212917858014641
007de33ed8b2ec3019e503cf0d09e09916f174ec3b3c7e99c00ef8094057ff32,13.0,0.2748,1.065,0.158,6.0,1,0.5995426711341186
007dfe01fbcf1cc41ff37bfb9ad583a1b2af9044cdf162123897e7839e0f9d27,13.0,0.1737,0.8154,0.1476,5.0,0,0.2524840174443298
007e1db453e304f787646368496472aa7e8ded756731e8302f89662452d0ce2b,13.0,0.0,1.0,0.007,0.0,0,0.022280945636023855
007e5910a8a8adb366368887df4447635151bff822793bf9de16f53c51c9a956,10.0,0.3104,1.2781,0.294,3.0,1,0.6954023888734957
007e774b7b46f2af39e19c6249b5df29bd8e6949055cc36ef941e8a3221fbdb2,13.0,0.2041,0.6314,0.4582,3.0,0,0.5229221255585359
007ec863d30bd56d163ab3f7950ecef87658561a64d875ea862b97b87ff541d1,13.0,0.6419,1.6814,0.6236,9.0,1,0.7892304927346792
007f209a6937ed97573eb10a15e1ca1989d1ff4fe12fd40264edc267602100e3,13.0,0.136,0.8148,0.0344,8.0,0,0.021261763067800702
007f210fc398f52d084a1995356ee7fd4fcb954abe2c302bd4dac7ebf2ed802b,13.0,0.1161,0.9709,0.0156,0.0,0,0.050693160134170426
007f2c3ee56478a3aa6572ebc3457619f75dc59637350662a20f5bef9778eb68,13.0,0.0,1.0,0.0063,0.0,0,0.020263886945132575
007f331c9608cf6c18f853a2332d2f331a321a4773b871b3c27d5a212e204e68,13.0,0.2395,1.7255,0.0127,2.0,0,0.07408327605005514
007f33a92547447784c250007fa4bd522943f76baeae28dc71288861c455b3ec,13.0,0.0,1.0,0.0065,0.0,0,0.020263886945132575
007f3d24536abee72ed36a61205e4cc3739480a0d746de94ee0e88b2749e6d3f,13.0,0.0518,0.8037,0.0301,4.0,0,0.01847439721528675
007f4761de38e1fd7798a8303f23350e771ab281e77a0db002f6d5a25b88192f,13.0,0.4898,0.3517,0.4178,7.0,1,0.6641968552301105
007f4c084804ea8bd342477df737eff857f7e5a9241630635b9961ec76160d93,13.0,0.2523,0.0,2.0301,13.0,1,0.8182680941609842
007f5ebca8102df9bda06bc2ba7bab65903b5fa5be0384396aa213ab9c3292aa,13.0,0.1298,0.9411,0.0278,5.0,0,0.018248521087171593
007f969e791057c2068d81f5b82329bd176a3ff55bda959f0f3ac7f237d68070,3.0,0.1382,0.8493,0.1849,2.0,0,0.25838602835762275
007f9b3b640a8619efd86a5a9ba8b96e883a4b6657419b147762ee57cf5c5188,13.0,0.209,0.762,0.5882,13.0,1,0.583281192942046
007fa00264e6fb698f6642afac8e8fa339868d905ac5527b2f71cdaeff0eb255,13.0,0.3145,0.3256,0.0737,7.0,0,0.24198022824834906
007fafc681e6b183d9845e4ebd02bf1125ef077760f4a2fe0a0b9481a533527b,9.0,0.5342,1.9966,0.1621,5.0,0,0.7225634903603558
007fc6e50c4b9a6a001bc732cdb8a3465aec03ef4b32089a6b69325452fd3037,2.0,0.259,1.2751,0.0749,1.0,0,0.25193706044651853
0080187c0f62c40df483b75f92aa7c622a6f2289ec3ac096fe1eb97c59cc078b,13.0,0.1235,1.2482,0.1053,3.0,0,0.12227052834444517
00801d8ef4dc621c1d330ddef9137aed2330c05258f36c226beddb7d20043dc4,13.0,0.149,0.8893,0.0362,13.0,0,0.02798308168700538
0080672fddda815969511fe1a0994badde9bfc77ca9dff7cf52a7478ec45e564,13.0,0.151,0.9552,0.0458,9.0,0,0.028365824751210522
0080c44dad5955afe821986029ea55415ac62d61f60fd716a2c0bd0ed5acca06,13.0,0.0,1.0,0.0063,0.0,0,0.020263886945132575
0080ea5053ee2b1584dd98230d3050dfad14750869f7d328358e0f739f160857,13.0,0.4607,0.0,0.4847,10.0,1,0.6630732644569569
0081622f92bc7b661db5e83caf572e5394077e809f4413d69e1843ccc32b53dc,13.0,0.1209,0.7932,0.0408,3.0,0,0.01910039275549358
00818412062d4f2a19e5011d60e55162a3ed99f536030e82896240b1bdea0090,13.0,0.0,1.0,0.006,0.0,0,0.020263886945132575
0081c29137033bd59256c1753a876cb88f2979714d503d3f6e93bd35316dcb57,13.0,0.2198,0.8127,0.0261,6.0,0,0.03712221440275673
008228825cb309d2344827cdaa2f6024bdb42c829c95535bd6c706efcd60f6f3,13.0,0.0,1.0,0.2573,2.0,0,0.23606292601413592
008237bf53d26e8c10d1373b5edf4e1b1ab2ef7ed345a844d467bad6d88b4315,13.0,0.1662,1.0281,0.428,6.0,0,0.4359664771828151
008293d8391eea81eb0dc3317e24adabe7c1ff4a60914f4d76f5f12cab234c14,13.0,0.2185,1.5609,0.3868,2.0,0,0.5641080252067477
0082a83177e7bcb94d368aa373e469d1d8c4213906c0d51561ae39fadbd04a09,13.0,0.1969,0.8153,0.0348,6.0,0,0.0314533010858352
0082aa8a79154b5de520196c875a0fd352c8b7d043a20f0febd4a7ac78fb8a4c,13.0,0.0,1.0,0.0093,0.0,0,0.07006471872599379
0082bfa098ec754defd67ec6155d0ef41560f2723ee0dbf4b416312bdfb20a2a,13.0,0.0169,13.0,0.0125,2.0,1,0.2987739485420724
0082c8d280314a3417ddbc3ecb66262ccfbe8ffda23178ac0765f6e38dfb767c,13.0,0.0982,1.2513,0.045,5.0,0,0.018877763775860004
008308355005e19454340a0a6a4a133f271558be8814a2eff099f8def25c29d9,13.0,0.1715,2.3201,0.0187,5.0,0,0.04973848060936742
00831cf944016d1a30aa652aa7bc31411565b7d4d15f2d0b5c0452f858b30551,5.0,0.2546,1.8911,0.7836,2.0,1,0.6205950571015476
00836f8250511d60b423da080ece2a4b3ca250f6075feb629b5265d6bd487594,13.0,0.4001,0.8317,0.0431,3.0,0,0.14603358909266848
0083a7bfea30f5a74a73d9923ffd1d5be2e1a9c4a64716a716a13fa9cbdc65d1,13.0,0.0,1.0,0.0067,0.0,0,0.02219398911428473
00840dd37c23e2ad94d44370f48201445d1b4b19648b9dd66e9cf2838cc25c31,13.0,0.0591,0.0,0.0078,0.0,0,0.029898142160909046
00840ddc64b3d50feae84991b18e109fb47c108639b2b0f9e3e35ec0f75f37c5,8.0,0.8833,0.555,0.5567,2.0,1,0.6910598182228337
00845b9ebef83c1d9ed4b5c1fe2fb2a6564a4c1a0198af15e41b3e3fc9a9fc62,13.0,0.2166,0.4783,1.5785,3.0,0,0.7238791103461043
00848ddcbe1d00d115e77152807b97b6ade9abc5650757cec5ebefe38d02c591,13.0,0.0,1.0,0.0056,0.0,0,0.01978947117409603
0084a6cc16bd1f6a6a6af8d7982e97eab9a7995183f45816a7deed0c7e068ad7,13.0,0.2423,1.3623,0.0681,1.0,0,0.21119251977455675
0084d1fa4d4adc8ce5d57054defdf5fb4c92a711033aa7294173a02006034594,13.0,0.1198,0.683,0.0242,6.0,0,0.017807090269956926
0084e3d23c2fe2b711ced4b67aa3e903745797d31471ca0fe3e38c7d32460ac5,1.0,0.2128,1.0,0.0304,0.0,1,0.12295720884740931
0084ff1c9e742404d3a3747014c6c1d4d7a02d9cb91b8f8ddc9049b4dde44cc7,13.0,0.0,1.0,0.006,0.0,0,0.020263886945132575
00856d41d5de2dbc363cb457377f7b11220e5cc50ec983454097c969ce58b255,13.0,0.0,1.0,0.0058,0.0,0,0.01978947117409603
008596726566ccbcbab51645adf6ce726c4be497a668a0783bd2d15b487c7dbf,13.0,0.0186,0.0,0.0045,0.0,0,0.01569832901850119
0085e3f3184fb67b5416b33e365b22b23bd7a7d14372681eb11d5857c8ec377d,2.0,0.2088,2.0,0.0519,2.0,0,0.08793165353573498
008600ec5c1791d31a5763ac294bd65406a82956f009f09ebe16aaaf4f3bda7b,1.0,0.0,1.0,0.0161,0.0,0,0.07704350507592042
008610b14a0b5156209b751f82b2d96fea62da8de72e916afe6e4d117ed7d453,13.0,0.105,1.0832,0.0385,2.0,0,0.02283481160873947
008615b30c51709c353a70634aeeadde5e0b773001491196833694704dc058ea,13.0,0.1431,0.8716,0.0188,1.0,0,0.022734244167673813
00863bcb75849210fefea8b97782c7ebc4756de70664403171a88a6e9b1544ee,13.0,0.8182,1.1865,0.0595,4.0,0,0.3821892281430681
00867304d22d6403feecf670fc4a2309f3a0d7cff2dbcbf090b4a8cfcd6fb27f,13.0,0.1221,1.1698,0.1563,2.0,0,0.16518440191558648
0086d1a0751d0cd9bae0f22c2618e837188780d5cc4a8386205c59374eb80bbd,8.0,0.5606,2.1615,0.0815,4.0,1,0.4072387250727438
0086daa251ae7aed771e1215da90f8f74a519b061afc1591f4e5f04c642b9aab,13.0,0.0,1.0,0.0103,0.0,0,0.07688026147883344
0086fdd35a67225d405dceb269676bbf275903bb0355131c65c68dc17f4eec3a,13.0,0.0,1.0,0.0045,0.0,0,0.019980332496187008
008703848bc15292ba520c8a07e97c2d45a8c97c51901269654dfecaed1bd2ab,13.0,0.0,1.0,0.0064,0.0,0,0.020263886945132575
00870a91ae988253e87278cf41c7371fa2a2253d03db9a817d01cbee5bec3201,13.0,0.1622,1.0607,0.0115,1.0,0,0.02623929140122803
00872fd9faecaa14acb77b7b87857ad3fc4a8e39e6407bb66204860e74eb9146,13.0,0.1938,0.34,1.2731,12.0,1,0.6994632410202916
00874981dd36048ea245a1ad1f48be896fecdf5d7554125a830a3f096c70cb0a,13.0,0.0473,0.0,1.7032,10.0,0,0.6498545234787088
008769cc39441c777771740dccce179f78ed8d501a56a0c119fa572ae0b07604,13.0,0.0,1.0,0.0057,0.0,0,0.01978947117409603
00877e914704a49726d502738b529c13f40b71e0f9994e7a2c22673b48eabe44,9.0,0.1716,0.8414,0.1232,3.0,0,0.20545248928700333
00878e215537dd18824b3fbd98f026cb6b23769d6f3906182d5fb686b9fccf20,11.0,0.2886,0.6126,0.4317,10.0,1,0.6576419478559207
0087a6bf4538c2846b0cf5f5581427b19254b975b78279eeba69b6db2b0f1af8,13.0,0.2261,0.7071,0.6462,7.0,1,0.6220943341684985
0087c2b65b92b2f6a88d99feac208a5cf909f5e33531633a0dbeb252410fb92a,13.0,0.0,1.0,0.0102,0.0,0,0.07688026147883344
0087e74117d2c17b827f5ddd1c7d0abd155066beac14034a3fc269c88abb5b18,3.0,0.3365,1.2563,0.1852,1.0,1,0.5961737377095113
0087f5a1d21e43f145cad0bb8c3fc8cd92d67de8fb4c8d704e83f157b6d33582,2.0,0.2266,1.0216,0.0307,2.0,0,0.045029496629479485
00880dcaef2d0a94a2e87b7f7eeff9c41f8dd364b4a68b806e61d30c84958d21,13.0,0.4508,0.9993,1.2393,7.0,1,0.7579328664252027
00881d39934bd9ef9a2e261033f62eac8c438fcbd910e71d945bcdac098687cb,13.0,0.2522,1.0433,0.2006,3.0,1,0.5827241047713861
00883a0fcf3d8e51873e0d7e8db17494589a1e63c65cd2fbd163abb6a217e06d,13.0,0.0,1.0,0.0054,0.0,0,0.01978947117409603
0088432ccfbe4431e7a8b3fad47fc36ebe65d41ab30622c5cd86fbc2e1fdccc3,13.0,0.1099,0.8411,0.0345,4.0,0,0.016477483995933805
00888d8e89835c90473e11f60affb259a98216e4bb3158307c7210f8639d9bac,13.0,0.1473,1.0481,0.0334,3.0,0,0.0247791284795967
0088996fe90be1dd59f35b2fff951f12b21dd08fd494845831cbe547e414a3ec,13.0,0.1504,1.017,0.0929,2.0,0,0.1369106263980699
0088b275a78e3151f28b69f6ad85019dba678c280d9a8aa9333c35a3563dd3d2,13.0,0.0909,0.9771,0.3573,5.0,0,0.2481534396751655
0088c19e1b90e28c0d6181fde51889e55a08a6d01316ff6629d9524fa4305d76,13.0,0.121,1.0507,0.0383,13.0,0,0.024959951385127455
0088c4015400689c0aacc629b0359e460947caa93504e23a2cee79c6e713dd25,13.0,0.184,1.1283,1.9584,5.0,1,0.7963210838848583
0088e081f28224fff88df99647a3ea1e340484fd246ecabd09f29f74b8077991,13.0,0.1707,1.1778,0.1122,4.0,0,0.2871672632510485
0088e74f17620eb3235d2e7b8199c87268bc91e1e5218b1e3738321c8aed3b40,13.0,0.3601,0.5562,0.766,11.0,0,0.6617125032293605
00893954eb736751fa5955face1aec93f8509ba6b88499a328d85ed06b24a788,13.0,0.108,1.3671,0.1134,8.0,0,0.1635656622336845
00896384abdee5e8a232944997ff3ee2c3be1cb99cab8437aade0c974b7f08f8,13.0,0.1844,0.4806,1.1515,4.0,1,0.6462937694334094
00896b1f328f37d3f14fdd8833164010e9562b7359c9619f15790174d8b25122,13.0,0.1565,0.0,0.0987,11.0,0,0.17545138760278664
00896eac0443b1c5879d8926b22969aa7467cb783283ac2d54a774ea15cf7aa3,7.0,0.0,1.0,0.0085,0.0,1,0.06425341129100266
0089bf123391cdddcdc34a8ea239de5188c8fc7e4a5974e0cd3c2461c8d3dc0b,13.0,0.1534,0.821,1.8488,6.0,1,0.7049290279579118
0089d430a7257cb9a7bd7777914c84018df66d8cf7f284e5e0d8ca91871ac970,13.0,0.1353,0.9908,0.3626,3.0,0,0.3230964255937232
0089db29c0653adde77d3b2eeaf6d6feffa37d46a1dcff600b72092d06138c9b,13.0,0.3399,0.4795,0.0691,5.0,0,0.20583957554285182
0089dfba831b5e2be73dfe9deec519b3afbfcb2b20c1b01ea2ec8f7b82c552d8,10.0,0.2429,0.9706,1.1578,2.0,0,0.5564841268266312
0089f50dd4d542bc5da55c7f5b53ad09039161e18cf01c22d679664e142dca4b,13.0,0.2138,1.063,0.1724,7.0,1,0.566193104312371
0089f7469ace94577587b8f33b9fd803a34de8cb1bef955de160b1e65db00a60,13.0,0.3563,0.4776,0.5932,2.0,0,0.5607887251442357
008a24a80d3b42b6aa886ec46d25215013e3e09c6e4aade3ad701ace62f76548,13.0,0.0,1.0,0.0041,0.0,0,0.019980332496187008
008a2fe1201e0185602165f78d326807644cc5b99f8bf4ee7374107ba4ec29a6,13.0,0.1858,0.7797,0.0633,5.0,0,0.113925357715997
008a957e926d56f5b53a89f2e8c58f5e1e3d77f3c9582306832e3b22f777ed7a,12.0,0.0962,0.971,0.0298,12.0,0,0.02529799007153385
008aef5eae33411fdc663a275b4b9116cd023ce90f215050354ecd89a06ae6a7,13.0,0.1429,1.1946,0.8613,7.0,1,0.5697189381798139
008af0092adbbe56e414eb81a9a64df4eff92e7b1c13176f23d33f5f31fa64d7,13.0,0.0766,0.0,0.0066,1.0,0,0.017957340024330044
008b71546e3942ab2afa974d915d679f9ee8214516a30f1db02c8b029a631202,7.0,0.1586,0.8939,0.0578,1.0,0,0.08171932368320663
008bb46eea7fa16e69f373935b8e21222023256ae472768ce29d3a00b873ef80,13.0,0.1074,0.8873,0.0309,3.0,0,0.017985503337314065
008be6a5f5aedcfc85332b25e9696cfa5bbd620794defb139a6c8a89d639a8e8,13.0,0.2587,0.5265,0.0274,2.0,0,0.03642985151314674
008beb5c66c6a758010f6ab0dbdffe6b249ef2b3968cafd8f05ac2017f7ebccb,13.0,0.0749,0.4887,0.1648,7.0,0,0.1436649676395225
008c018e35c16c6170571fcf05f56ce2ee1e28554fdcdeb3f920dfe47aecfb5a,13.0,0.2288,0.0,0.4228,9.0,1,0.5908975706462776
008c42511b0e98b124313dad66a710504a50b286debeb37e388189f7afcfdcb3,13.0,0.6333,0.792,0.5947,8.0,0,0.7334160433286818
008c86f1db436140f2ac50423ceab227eb97ac92f0f5e4173edfc477f71ad5e3,13.0,0.1809,1.3438,1.5556,4.0,0,0.6881219541656378
008cd7f666bf865907cccfd40db106451354c3c6cd4020b713b6731be0fdd457,13.0,1.0178,0.8982,0.4503,2.0,1,0.7110541325272287
008d1bb3d6cbbb318285e9315515fb79424b3211e129823b830622cdee998dbb,1.0,0.2417,1.0,1.0477,0.0,0,0.3697540069044449
008d1dda8d971feb92460cda4e2d520d32b8c717727ef4e51497807f226100eb,13.0,0.2002,1.566,0.0272,1.0,0,0.04764782677760821
008d362e5f04f2830a77b683d4f8e5f1bc95d584826ebd386057f4e7cbcea4b0,13.0,0.1744,1.3559,0.0176,1.0,0,0.0299537949500886
008d3f9c5cb7d65e0e31f081da9b313f0655503616de8591e4345f79af405abf,11.0,0.1985,0.5416,0.0572,11.0,0,0.10645821303766599
008d4edc7ee5832c77251f30d7e67495d78cc39f4c3911618183db165dd936c2,13.0,0.0202,0.1979,0.0291,7.0,0,0.022429169852454692
008d7976b6a1d69c2ddb0ec33273d7af70469280c7d72db63daa918c7a40b2ce,13.0,0.2093,0.804,0.0087,1.0,0,0.03791264681621648
008d8c1719d94471487285d743692e4a65a30ebfd6a67a0562c91ae2981fb6d8,13.0,0.0825,0.0,0.005,0.0,0,0.016660711694194367
008d99a1b105bf4d6e1eaaeaedad7312930ef19e09a38ef643fe836454bee124,13.0,0.1163,0.3181,0.0264,2.0,0,0.018944488865596295
008db62bb61b9d23c975d29a4387209642e48f600f14fca2193214ef435131cc,13.0,0.1607,1.4951,0.2302,5.0,0,0.48775991826162035
008e00e25fe45c49b6c442b33c5668140ab915b6eac752cb7067870e8b5d7f37,13.0,0.2777,1.6931,0.3253,2.0,1,0.6449459893453567
008e673b35489bd854731a6e63eb254135c3f7f7cc42e39e13be629a8d87e364,13.0,0.2828,2.2289,0.0386,2.0,0,0.10332943125259098
008e6cb032450963b821b528e6c7e5c4eb196f97709c811ee7c81d895c386202,13.0,0.1098,1.5125,0.3489,7.0,1,0.4407009422137594
008e9178acbb1a5c43172ac2713a26cbf1e0740ec6b89c2fa30bd6c7e85f2ac5,13.0,0.0871,0.0,0.0624,1.0,0,0.04507326267391352
008eb7fbf79e9c6aa865cf97a82ecd47a447d14b10f9b934f075bf7c583d876f,13.0,0.0,1.0,0.0057,0.0,0,0.01978947117409603
008ebb1d6a19e19cfb1289fcf5f76745b82e204c1257753ac58059874528a899,13.0,0.0782,0.8824,0.0486,4.0,0,0.019036156292119258
008ecda89b1fc12b9a99b9e9ed2e3a04da60a1d7c60dd8f906fcb947227b91a3,13.0,0.1781,1.267,0.008,1.0,0,0.02986967785850585
008ede3d3342a01d54869b028987fdf14ed60d63176925b5a7822bb430dffa9e,13.0,0.1069,1.1063,1.0827,4.0,0,0.5749978329635786
008f14dbc437f7699ee8761237ace28dc10f4e85f2d35b9ec480ad969b3f2430,13.0,0.2401,1.1856,0.0107,1.0,1,0.09896489629673258
008f4856256cad7e1e4bc9c51fdffe6bf7aabe531e720a29c2c37e4607e5e717,13.0,0.1217,0.7791,0.0555,4.0,0,0.02835779936861186
008f4f6eb3caa3e811a1bf26e09eaaf2c31c601984d0d1275dc0e2a9ada06d9b,13.0,0.0,1.0,0.0052,0.0,0,0.01978947117409603
008f5d770da6cd6a850d363952a2651ef8ca50b1d16a38e35359221c29092d0d,4.0,0.4857,1.2679,0.3267,1.0,1,0.6984214676026156
008fef85637d6f1e21b3edd131dd9e1e3efd1e075f56b85c9c8e1281942137ea,13.0,0.0466,3.1147,0.268,5.0,1,0.4463748341623856
0090097efa93ca698fa07cfdcd6b1a02df8c6ab37e0dff7bc851d9dada13a3ac,13.0,0.8676,0.7927,1.0147,5.0,1,0.7606033286411572
0090552d223851322f2c09fcaa42bc191c95a2b5ffdced8711df93fdeca2a8fe,12.0,0.1989,0.9242,0.1112,4.0,0,0.3089069520018936
009059c52c6ae3aecc0add1c80a5e02acaed3c0561712c1726d0107655627acc,13.0,0.166,0.0,0.152,6.0,1,0.28523252459147996
00908d0b59a261e205adbb03de3c8c4204aa9b4a82ee585a2f51359b034f2e3b,13.0,0.1629,1.0316,0.0052,0.0,0,0.028336829829066476
0090d73b8062df1632ef5b0f1ccfe8cb650e3033567cf202b70dd7a804232579,13.0,0.1428,1.0148,0.0474,13.0,0,0.02773967713142684
0090e0dbcd813f89d3bf758565003226dc6b0e61a14d423a825642e59c432cb8,13.0,0.2597,0.6007,0.0287,3.0,0,0.04130709704424791
0090e115fdc7d5915a9547f7b8ac6b7cd03afe016f8128b5ea3007ee3f2d72b8,13.0,0.3997,1.0951,0.0215,2.0,0,0.0505836512372784
0091318437f4193962afada906b8c35cfbd55195729625e9e9d8a689b87eda63,13.0,0.1475,0.9787,0.0395,2.0,0,0.03059365101552253
00918f907820aa30d7bd35a5345cd6e604ec24351f2e36f9a36f726d31120ec7,10.0,0.6791,2.4899,0.3704,7.0,1,0.7975604086864349
00919b196fb0f03fa6e53651202d8bb986af41a41b043379fdbb247d76a4336b,13.0,0.0,1.0,0.0064,0.0,0,0.020263886945132575
009208cd65b09dad4a4563d8e9978813683a288c90f3036fe23f49f52d7b5d93,13.0,0.1699,1.0491,0.0278,4.0,0,0.02420264705611304
009213e8f843813e6e4df4ca7461225744bbf1347e302c6e5bfccc9d99f406b9,13.0,0.1187,0.7799,0.1063,2.0,0,0.08296698834941463
00921f855b926ec627e9a7f4030ddf3f86d1e9195ea52e99ad8f7b67baee8d6c,13.0,0.1842,0.9495,0.1826,3.0,1,0.44741542647873944
00924a9801cee2be033b630fdf0ae13ea45a9ffeb56feb1531143f93ecf5b4cb,13.0,0.177,1.0343,0.0684,6.0,0,0.15799583037592316
00924f59d5add1e962f64b7126717102906c87fdb1c05f2841534677d848baa7,13.0,0.0,1.0,0.006,0.0,0,0.020263886945132575
009256fe9b5989546a0019be42c9ddba80007772823c38bded691096b586cc0a,10.0,0.2244,0.7204,0.1618,0.0,0,0.34313758698029495
00926e4582bc305e264b46a4df4d5c6f3322e3a72b0655d37f466ccc7ac094b6,13.0,0.0659,1.8892,0.8857,4.0,0,0.44987568800636146
0092789059921062acf6f5e93d819912cc366661e1b82cddcb7fa0f77e99a4ba,13.0,0.2696,0.5939,0.0752,8.0,0,0.1877765666792048
0092812919620c629b5f77f864e64a43b4027af56d9a578a2959513476733d70,13.0,0.0924,0.1937,0.0469,6.0,0,0.01812499865557498
00929ddfbf5a2aee1622cba4d135408fbe4dd31da6891fb0f24c40e7c66083e8,9.0,0.3362,0.4474,0.3888,3.0,1,0.6262329511763689
0092a0159a2d0b2a49ed9326b6150ab5ebbb397a605ab0e0d09bc68afe8e5273,6.0,0.2023,1.0224,0.7246,0.0,0,0.4016496883565121
0092a6bc44fc8bc31045e14f1e344cdda8e2087c132fdd162ead8d938e1bde9d,13.0,0.0411,1.5007,0.0492,5.0,0,0.02916589894524764
0092af1b43ee35d1a859fdf6f7b4d057482aac083a45175afb46692d7d4c08d5,13.0,0.1134,0.973,0.0359,2.0,0,0.021960296735732875
0092b2a505d204344330c0cc1931350100ee144f3a9d406628a76eb8658dc80d,6.0,0.3664,1.0181,0.3748,4.0,1,0.659582902750016
0092e3e23fa2a5f068ea0eb24cd8157816fe9da8fd1425de265f9379e98d4303,6.0,0.327,1.794,0.1011,2.0,1,0.4889075257398849
0092e45427eecae3889e500ad33f0a20df576684cf09693ecf15cc4ed21588e1,13.0,0.2454,0.7498,0.9849,5.0,1,0.6544365866220236
009329145ace88ddf4c37bf90fa93c14f5fa3de94e64e79861c15eeb823b67e1,13.0,0.0,1.0,0.0071,0.0,0,0.022280945636023855
00933426a6a70c43d2e2615e42cf505aaa8579ea1a7950af8e0517475fd54b56,13.0,0.1106,1.0403,0.0516,3.0,0,0.022800668799807702
0093bb494869217e80950d3e98e0b276a8227acd15a4289508e92d8c7a08d73e,13.0,0.1867,0.6812,0.0259,4.0,1,0.039803335560140825
0093eadd4906802531774fa16eca13fab8ac1dd796dcae281f495ccae6557380,13.0,0.1618,1.0124,0.4584,7.0,0,0.44256564313596114
009469964a6c21c6f1f50bb9a9881dce39dcaa47801b4f09d6d65d6610a1e0e9,13.0,0.0748,0.0,0.0094,1.0,0,0.02420895963178081
0094d0a97f93dfd6e4c39b42de99e8a6059aa425ac34cf59f73c8aacbf70826e,2.0,0.1011,0.9144,1.1755,2.0,0,0.3945060411947893
0094d5249376975027e6db6e1f2f64bb2e2f294e3f392b72672743da5f92773e,13.0,0.5345,1.2095,1.9917,3.0,1,0.8754552916066248
009504ab1cb2a4d44e6671699ce60aec3350666a61d2ea308afb0a3b29e6d87f,13.0,0.0485,2.8868,0.0328,1.0,0,0.05154527664217792
00950e7e11a50f990e8425a4d299abfc7bf1d01e8e10fe13ddd1c9a0cd6df5bc,13.0,0.1281,1.1259,0.8449,3.0,1,0.38595951140750073
0095162b732fe6fee205ed7e3b0eb1ebc338d52e6f2f55137bbe81a23d2f0d9f,13.0,0.1794,0.9409,0.0225,2.0,0,0.029198965062499825
00952002ad49efafc3ba4439183e0ddf2b8fc29c2d758f139e6a8eddb7e9b85d,13.0,0.1943,1.0914,2.3722,5.0,1,0.7939125120584356
00952e1560ae57951515b23bd8edee6d3aaf047496cde0bd00d6bc927a68b97b,7.0,0.4031,0.783,0.255,3.0,1,0.6539910944393589
0095559309080a7bda2c1a6d8f22215e7ad7f3991b056191074914aa683da224,13.0,0.2736,0.6792,2.3019,2.0,1,0.8061564569883305
009596b0196fb1ac7d2c78bd7388a931cb785bf65b4fbd38b4a7080385236833,13.0,0.5591,1.0883,0.1569,2.0,0,0.6609734856738736
0095974f7fd3634cc590cfcc6ceea5b2315821da485b5f647b63a6294efbcca3,13.0,0.1043,0.0,0.006,2.0,0,0.01449026639101678
00959f75f3c019316112be2ec51ceb49d56b495ba9fa7cb19f197f9959b195a1,13.0,0.0841,0.7884,0.0313,3.0,0,0.017798598778525018
0095b79418d0cf2938002f15f3dba9c159ba3166fe744bfead4f7623294d2b8b,13.0,0.3073,0.7026,0.0087,2.0,0,0.07324338838386461
0095cd9255291d1008eaf9eb3a9cd7092a62e6f59d909ff1fcd7d2331c829d5b,13.0,0.0937,1.448,0.0427,5.0,0,0.021195746061317716
0095f9662a4b30157863a5bd6136dca41f7388844b3f66f22fad915c429b36d4,13.0,0.1604,0.9383,0.0297,6.0,0,0.029970398216743993
009620999ff2c8ff676e5dacc297edd61e9dc3e4f3e7e7d9857d07cff79ea44d,13.0,0.0232,0.5046,0.0615,4.0,0,0.0743559751513162
009633a2a347501db2fa1d7bc649350a5a80dc33174cf3e9baabd20a7d8ca5de,13.0,0.3,1.0283,0.0261,2.0,0,0.062094010952958224
00963aeb2da41f80516384d9ee57d3631393884f0a88a58cad37f3b155203eb1,13.0,0.1553,0.9851,0.4098,9.0,1,0.41625289125813175
0097189dcc9a183f4873ba26ff940459b5281dd481dd1c87eb69a911e0f25845,13.0,0.058,0.143,0.0611,2.0,0,0.044405050230511084
009737c8c6a81afd97b73b81b6feb61690c1e45e1782f6538243df4b3d861dd5,13.0,0.0,1.0,0.7232,12.0,0,0.3625235914591675
009795a40f988075086b2a1f5feeffd573e058713e91b6b7ce3e2647645bb520,8.0,0.16,0.9408,0.0506,3.0,0,0.02962818444667475
0097a6f7233450571a055c62718f39e7d35fa81979367c7ca35b8f908af1ac2c,13.0,0.1442,0.8296,0.7404,6.0,1,0.4210483422497482
0097c38f80c1e84c24d5d81a166a9ead3b2268c7a962e73402aa6e50df3e5831,13.0,0.0,1.0,0.0065,0.0,0,0.020263886945132575
009823220fdd2a5e1ab652db6cff0d0a73ad8cccb00bc4ffb689626bfa0ce7a8,13.0,0.237,2.0435,0.4371,9.0,1,0.6159946173135564
00985f755163dff85b99630a1e56805d148859d7604ac9869a09f4702ba7cf4d,13.0,0.1301,0.9185,0.0326,6.0,0,0.01822898904459753
00986566dacfe0c9b56840ea073751caddffbc080a82f5d06773cfaa56d3906c,13.0,0.1449,0.9059,0.5961,10.0,0,0.41149035451383986
0098aff6327bc3054fe2f7e30ac9cd0c5af45b899e9e88755090dce6762ecef8,13.0,0.208,0.8588,0.1332,4.0,1,0.5579227801365947
009921452e4bcc6bd7241bc7d9cca765cd344c9294d112644acacf3453696713,13.0,0.0,1.0,0.4547,11.0,1,0.3019667682600518
009972a336f7fabaf443fc049e82b5acc0efd69ac9d52ca2c2cb291ea7f29bee,13.0,0.0439,0.8952,0.0128,1.0,0,0.025429190241691567
009996cb39d45533ee137c9635e8f3ebf44f3d34c87b46f4f1901181f1b139ef,13.0,0.1675,1.0221,0.4403,3.0,0,0.4262757495976354
0099c5995c314d106f0ef1a8eeeffa156ffac1e5023a294d285f20ce43476eee,13.0,0.0,1.0,0.0087,2.0,0,0.043115842143886376
0099db71eb485d28bb980d18369ca1d696c3d83f145d8f2a9c43829018679566,13.0,0.2106,1.5614,1.5152,8.0,1,0.7247803201610687
0099f8f295baeeb1f7f254d818ab704f0772a83bcb652d44ff37c042668d4964,13.0,0.0,1.0,0.0067,0.0,0,0.02219398911428473
009a2f2a86ff5874c4dcff403fb066800f46e03f85f4e009ec6747919043a583,5.0,0.4648,1.3563,0.4475,2.0,1,0.7362290353657995
009a51df719e5bf37fb9d8f938698b5122e6725c663ac49e5aa54a646cc706fc,9.0,0.146,1.6422,0.068,5.0,1,0.213185190443781
009a6e0c7ff7799bff7a03f6932e0c277254d74b6f6832b3270a53bc34fba055,13.0,0.9795,1.0488,0.0426,7.0,0,0.211483074713459
009a9aa2dd8ac983d271107b71193ad1b99398ae65b4887bdde2dddc8918b3a5,13.0,0.1836,0.944,0.2888,4.0,1,0.4675866013621656
009aafc41c4ddf40c560b761dae59f8a32c0f21025d504e085b0a2ff5effa068,3.0,0.1196,0.9922,0.6488,3.0,0,0.2978891493780531
009ac0e83fed952c73b13ba9f7b5de96428a0cfead74d8743c9ec6460af09ddb,13.0,0.147,1.4401,0.0179,2.0,0,0.026555928473529347
009b1f651487c49b14c97d8f9d0d1279d2e4810f1e2ebf12dd9837a7d849a1f3,13.0,0.0989,0.3932,0.0222,3.0,0,0.017916631370138675
009b4f146ac20c9e528e23137b3fbef84856f327124ade1ad89cf25ca4b96352,5.0,0.557,1.0741,1.3727,2.0,1,0.8021962765145649
009b4f3f114a2920bc7d37d078b9a6b2be9100b0bf2c0af3b0e9850afd7e976f,13.0,0.1606,2.0506,1.1579,2.0,0,0.5573636377817099
009b5bfbb4ce2465d457a49ad1ec6d5b48e3fe4290e73236f6a6e086334d5325,13.0,0.1663,1.0453,0.2689,3.0,1,0.4091494361763107
009b78e4eefc430dc469bbc0231e0eff6c50d8fa9fdc1dfe3831022ad234712a,13.0,0.0696,0.0,0.0138,1.0,0,0.022892044767834064
009b824758fdcfefb51b9cc08e173a2f180b933dbbfcdcfcc481dbf85413a1c4,13.0,0.2427,0.6749,0.222,2.0,1,0.513590174027344
009bce19c4cc22c6b129b514a9cc60345e1a0ee6da62c2162e6213c1a1b2fca1,1.0,0.1708,1.0,0.6715,1.0,1,0.42120209918494844
009bd4c8ae1e83f7d8a80fe2425a53b61333435859839126e1414fb004f85b32,3.0,0.243,1.7333,0.6173,0.0,0,0.4730120999369439
009bd7251b4080d55cdb890831bdc4f24c5ab46b52e1f85739037fbcf9754bd8,13.0,0.2451,0.9303,0.0825,4.0,0,0.24704445147495682
009bd873c16ace1ef97e0d0b8652e2df601ad88210e1dc417e24a8a3e0704dfc,13.0,0.2882,0.5882,0.2807,4.0,1,0.6426419810756326
009be36f1d40427c1f1604f0d9603e1ec093170af5b3670b0ab6b58e99ad12d1,13.0,0.1122,1.4898,0.0434,1.0,0,0.03129989321068156
009c0dc10133c358bff6cf1831d63e16388d3ee1124a3967d6d7fe0db9a4c84d,13.0,0.1429,1.0986,0.2674,3.0,1,0.40126100531695
009c4245fbd4c12aa01c0f1be94452ee0d5ff2f66f0a51d528133203c8edcb79,13.0,0.1638,1.0562,0.0196,1.0,0,0.027954090176323613
009cabc8120e0c5df04fa96adc74087a6d9fbd3d0a059a8f70d6f714ca3bfc96,13.0,0.0949,0.9703,0.0259,3.0,0,0.019606724160275618
009ceacf0262ca04b83b2cb239383be50f6ab97483da72c0778fa1cca0a4a81c,11.0,0.2172,0.0,0.3564,5.0,0,0.5357275438787609
009d65c76ef7f2109ef3b82a6b9eed862f567eda0f0e52d5b4858ae6edc4b7f5,13.0,1.2924,1.0865,0.2065,5.0,0,0.6837238326602751
009d8fd2dd2907c350574a98d3e4ea87672851d3abd220a7db3d83437d734026,13.0,0.0997,0.0,0.5687,12.0,1,0.2481024190001483
009da6addcbb9ba3a896ca165f5b5130abef45062089764b6b0fa632636eb712,13.0,0.1297,1.0972,0.0331,5.0,0,0.01839004714023315
009da71880438e3378fb578623e40d99661d289b5fd4703f71b7cd1ca1f98cfc,13.0,0.0,1.0,0.0041,0.0,0,0.019980332496187008
009db5e158341faa23a2a42f25fb30aa52e67acff283847a80b0fecc4a8e193d,13.0,0.2096,0.7372,0.0205,2.0,0,0.02713982146554423
009e57b9b8605d4d92c9f5d57a791538b83de1758a9d064099f2f4cc3e70b14c,13.0,0.1437,0.9166,0.5283,7.0,0,0.39997078537191016
009ef24f962e77570cf40fa1f09f3f6866f3416acd134cd34a832463643bce46,13.0,0.2828,1.5899,0.4963,3.0,0,0.6630605572703088
009f0864c934f2fa84e37a8c5b8c2710839d509208c14b3f7348d7b68ffae3df,13.0,0.1517,0.9033,0.015,2.0,0,0.022082527534080135
009f12a4b017c649beae26f0150e5a4dc77f50bc031c4b616cdbd08a7805afb6,13.0,0.3366,0.4296,0.8166,3.0,1,0.6451161590768595
009f3f218b23766a32094ace50e9906b3a5259d375e56bb07074c61e005a99e6,13.0,0.258,0.9375,0.0221,3.0,0,0.040746446126225445
009f91519fd6a2e00ebe826ed8769e4c70897319957bfa7ec26d1ccf57e5ba5e,13.0,0.1415,1.1523,0.0192,1.0,0,0.024283870441445924
009f98e4a572fe823e092a013de21947c825be5f7860e9607240d485717a12d1,13.0,0.6218,1.5248,0.1953,13.0,1,0.7384287314882796
009fdb2cad0b81d0f5c8ea4bc9e49bea35199c6c433da030c59fc915e8216507,7.0,0.4346,2.3026,0.152,1.0,1,0.6231582333242166
009fdc73ff2205371fe511fe7900100a866b49ec4c3906da5ec6d55f79c90fd1,13.0,0.2582,0.7022,0.0547,2.0,0,0.10987026766318073
00a01b00dde5d2e6e11ce000b42c96bffa95bab99599bc620aa7558813f29947,13.0,0.0411,0.535,0.01,1.0,0,0.0403519099695953
00a01b8880938f3f36245aaad616f28f3f3d985614af4ca9bfa9f05c0ddb908b,13.0,0.1403,0.9915,0.7809,10.0,1,0.4825283995680513
00a0353b212d17a2b8bd7df177f54f05d682ed12f88c6d9312ae70f786f775bd,13.0,0.1572,0.9719,0.0231,4.0,0,0.022734183322384128
00a03bca12e6cb26e422bb794d09759cd7858d2991b4f23668ae6a86f45336b1,13.0,0.0128,13.0,0.0074,0.0,0,0.12094964792428482
00a0778eb2980d0fa97a0a7a4b32bb534d00437d30693b089a58fe2d485b8846,13.0,0.0,1.0,0.0054,0.0,0,0.01978947117409603
00a0cc31c22ac29ed5c2a3c4a3d7b5c37a693b0369531baac8598284b541991f,13.0,0.0891,0.6677,0.0226,3.0,0,0.017613300292737537
00a0eaae3c49afa5efd5961fcd77833b14a11caca648ee16d49767e3c2aa2ea4,9.0,0.1918,0.784,2.202,6.0,1,0.7899105562935549
00a12858a64cb475d33baf7fd83c4781ac05b97a53bc97f436cd2862c180ad7a,12.0,0.1931,1.1996,0.3768,9.0,0,0.5145326785939195
00a13fc1f1a781dd6a88e14c4f696749f66dc7e52b6671d854cbd08692807415,13.0,0.2615,0.6927,1.2337,7.0,1,0.6883761007016709
00a169ac4e61a40bf20fb49345ebd9ec6b84e579c3b3543d4c2a736dea1c683c,13.0,0.0951,0.8991,0.0206,4.0,0,0.016399149366104634
00a1c8220920e64106c1d0a76b57571f24821899679d8111ae3486ec477f0ad8,13.0,0.1958,0.7371,0.4666,5.0,0,0.5024783623825876
00a1e21b78eaf0cecd50ecf61c85784d5459f4771cc6c964ed89195a852c0bd5,13.0,0.0,1.0,0.0067,0.0,0,0.02219398911428473
00a1ebb229feff2566a29e4a6804dfa7886f0764dc2e475176555f395d9ef3f4,13.0,0.1157,1.0542,0.0311,4.0,0,0.01964852194072475
00a21a112aed58121c6f8057139d34c0bcd02f0babaad9cb301140890713b567,13.0,0.1434,0.8301,0.2085,7.0,0,0.3260300103682497
00a285493faf986075527ba1ee0efea96971d68a670e788524fc86109b7e8dda,13.0,0.1606,0.9916,0.105,2.0,0,0.1884301450778363
00a2a364831d22e07cefa54425f10a646a5221aa555df83a9c09c88a5fae36e7,13.0,0.1708,1.0909,0.0142,3.0,0,0.036366193818452665
00a2aba0e55081351cf2a9f097ec846fc787c41636a2d117ea0c43e5f5537f61,13.0,0.2771,3.3024,0.3664,12.0,1,0.6676422617676905
00a2e1e9ab99e6ba961ae0d4233e990ed6e24cab0a7472735e56fd3bbc01f780,13.0,0.3148,0.9906,0.739,4.0,1,0.6665554964901762
00a2ead1c6052db1812a0b634401323ed9ca4f725a89a2a7b314e963b7aa0926,13.0,0.0985,1.7712,0.0074,0.0,0,0.03320281153739535
00a3043e549e68a3b361dd7d6019a67d5467c6951bac2c867e1786b1532bb650,13.0,0.0766,0.0,0.0083,1.0,0,0.022057028454561395
00a309591529739b93fd0601ff4c275ae4a919f560bf3fb3e0a538a2e78d6f0e,13.0,0.1379,0.6809,0.0969,4.0,0,0.10421620991638822
00a315efa61465b07e491a05db0136fd7f730db95309d2bca190f547366754d0,5.0,0.5625,1.0288,0.2074,1.0,0,0.5670680597640747
00a31741ac4835fc2dd2679b2a66b8511f765f04b995320be8bd1c9ada31549c,13.0,0.1506,0.8308,0.1513,13.0,1,0.3095195502060704
00a325fdb7dbfad46837f3713286fc69f9d8c7dd0cc3e4e4ffaf648e4df1eb6d,13.0,0.1944,0.7684,0.429,3.0,0,0.49818441237151023
00a3389959ab113c4822f5e9a1ef971c6439c2e264f8e03fd168ff22c1932bbd,13.0,0.1368,1.0412,0.2895,3.0,0,0.32426748725584015
00a3492f5e7a5258b7ff0eb4b52001a5037ad82ae831af2343ec88ded040af8a,9.0,0.3402,1.3525,0.8833,2.0,0,0.6467945505876603
00a37b3c7cefff4efc4d64c2e8babd9cc964a4aa90b3dccbe380f5eaf007b4b7,13.0,0.1084,1.0913,0.088,3.0,0,0.06568343847749669
00a37d55b3746d89d0cff5066e5de59f57c10956d4f2ef6c82ec43817b41a88e,13.0,0.1471,0.7367,0.0323,2.0,0,0.02428096040977721
00a383de2f8347ac08554a6053b290bcef99f0fd36c9e879e32e9dc6c01e92c2,13.0,0.1218,1.3788,0.0238,4.0,0,0.0184422400071852
00a395fa748e0d005786e00079b79e2a00386bdbb40c0d38500cd0b9fe55593a,13.0,0.3945,1.1454,0.3007,3.0,0,0.7061024743826743
00a3eb303b433a028c85c85069d08da85a903da36ccb1f71de409e3fbbeb096a,13.0,0.1462,1.1296,0.7396,9.0,1,0.49484987577653217
00a4211b553d3a920b5c2284a41d2867822baa1987571de69dce0a29960265cf,11.0,0.8109,1.2651,0.0181,4.0,0,0.08668373962823334
00a42791adf240eebed2e700e97e596ae5dc51431625a3197bca78d43dbb7e3b,2.0,0.0,1.0,0.0106,0.0,0,0.07688026147883344
00a4282d478a5770cb912a53f511176e5267afe538844b2c9a096055ad2523ac,13.0,0.0,1.0,0.005,0.0,0,0.019980332496187008
00a42de30a07fcff13a386bb9bfe54c30e1b15a4e36007464383e19bfab7fae1,3.0,0.8499,1.2094,0.5474,1.0,1,0.706096583135135
00a47e466f8fe16ca57613fbb50191dbedba87bc3beb0e998c7b5521f6384421,13.0,0.2114,1.0182,0.0177,2.0,0,0.03045862279167171
00a4890943ad43ba8899ce7929a1ebe8d8a272a4bb75d2660616eced78a7220c,13.0,0.0,1.0,0.0076,0.0,0,0.022280945636023855
00a4daec6e58d191ff8cc339a8eb3cf67b4da312a9c1c9c10e51eb8ad9898505,7.0,0.4521,1.1457,2.0052,2.0,1,0.8392100130766075
00a500d7d8a53b795bc7b12b1f86b1bbfa53f69abe2719194a37811251840ef3,13.0,0.106,0.6754,0.0577,2.0,0,0.04728834001912681
00a5419bda9b369293b72f607cc490872421ea098a123710d9e5a916c3888d01,13.0,0.0,1.0,0.5422,11.0,0,0.3082923738232515
00a5961ce09444a7eb0b868227b32842f229dfddf98ce50f3dc7c6bb6593f51c,8.0,0.5667,1.1936,0.3182,2.0,1,0.7235523468989036
00a5d398885dc22412ba9cfc251775897650bf8c2001d37a6bf1294ab8abb1ca,13.0,0.0,1.0,0.0089,0.0,0,0.06958473545680527
00a5e0b62cca46f2aa3527c8bb6385bf6702222c008ac384263bbeafa422408f,13.0,0.1903,0.7946,0.0124,1.0,0,0.03496451435055535
00a5ece782ddaf50577f9064685248281ac3ed208ce3fbbfd0d655025bb6fd8a,7.0,0.1782,0.8932,0.0407,3.0,0,0.036407957581426904
00a612fceb2594417f9f084f8c88cfa0a347c3177fdf1ed1662fba0bc153b082,13.0,0.1578,1.0499,0.6941,3.0,1,0.46711808738560784
00a644433d182595d2cfef69063a7e24459def26da374ca8d71c014dbdf8cbb6,13.0,0.1576,0.9303,0.05,6.0,0,0.02500362881105461
00a64ffe9794c37ebcc8a1bc52cf0a984ca2ae4b9ce67bf87743d0bd4c0a2120,2.0,0.2254,0.7757,0.003,0.0,1,0.1734033252483041
00a671924c5d421f828df43aa2d5f43b198aae83cb1b1f57aa254734adafd146,13.0,0.0,1.0,0.0047,0.0,0,0.019980332496187008
00a67b28be5acf79bedda0f269673687547f4d8379e4ab190a2135b111c6384a,13.0,0.0436,0.4903,0.0476,5.0,0,0.019786543798872968
00a6bc8183ce4d02374321657333052326536a69fa4b26d66285d4f1878eaf41,13.0,0.1388,0.8102,0.0434,6.0,0,0.018705244425684026
00a6beb4af97c9874932c923a99ffcffa2b705ffa4739184b9e87b5fb872b07d,13.0,0.157,0.8208,0.0829,3.0,0,0.1103816730049621
00a6d03da507d6e03030c1f674237c1c5cd3db002b648324c4d340844494666a,13.0,0.2347,0.6565,0.5413,6.0,0,0.5812167429820132
00a6e2e3a95b4477f3baaa54f42b534497c731941d75d952d3fedb3c4a4e410d,13.0,0.1368,0.9584,0.0233,1.0,0,0.02455876046488047
00a743e9b5bc8ea420b01e6aad9bfa7894793c989d6fb1cb9197520e7b495efe,9.0,0.1572,1.0506,0.5084,4.0,1,0.44673189631466415
00a786f3b2572e0a7afbba5fe142bf2ee6b7659fb4028decd3fc401d868fbb4e,13.0,0.0,1.0,0.007,0.0,0,0.022280945636023855
00a7c87aab8f529630e41460e1c45f1f707025eafca670d9b04402312ace92bc,13.0,0.1441,1.0029,0.04,4.0,0,0.024595441421885654
00a80ee987299c3c726a74dd7cda2199292bef8f60288712ea0b9c7db54054ed,13.0,0.0705,1.3274,0.0232,4.0,0,0.01823258613228526
00a8684819e5d77b752d519f529a55c1cd9657d95662119ca30cf37383aa88a4,8.0,0.0,1.0,0.0106,0.0,0,0.07688026147883344
00a8867cbcadabfca5d8b37f656cef6ee93593858a3b434da4097dcf61fd69a4,13.0,0.3017,0.4461,0.123,4.0,0,0.38973984541419227
00a8973674d9d34f314f6b4d2b8319bf83579f1d6156b17184a42b4cefd04116,12.0,0.1506,0.9102,0.0444,5.0,0,0.02643594663422485
00a8aeaca43356f028919f599503f618e949d58014fc1e02e783f463c6bdd8b6,1.0,0.0,1.0,3.0533,1.0,1,0.8216513656085773
00a8b023769f338b3d7da3b71836f480badf506a93f6394a5f30444d3c57e10f,2.0,0.3442,0.9967,0.7348,1.0,0,0.5581137240434246
00a8dd8992225f10eaaadc63394d0d8cbfbc20059281d22cb196f3cdb9169518,13.0,0.183,0.5475,0.0111,0.0,0,0.054404309971297374
00a8de0b8bc53834c58bb6c3cee7dcabf1fde665250cdabb8ee471e14b9ab450,6.0,0.0,1.0,0.0765,6.0,1,0.21187468751135122
00a8eb10fb9f5152dd739c5b4789f365dfa393df920bba663a41c846e62ff9af,13.0,0.1688,1.1004,1.2481,3.0,1,0.6096229882436153
00a93a12e0f2105eb8deea23a6c22827eb9579437f7fecda909fb25a830d6c66,13.0,0.0992,1.0015,0.0187,3.0,0,0.020197343935351678
00a93e55ff3c9b3d5b4bb2ad4c41da94550a33da4fd0d106eebd2afd1c337082,13.0,0.1495,1.0179,0.0292,2.0,0,0.02663520000297228
00a94f39f87dad2762ea019f91c73823ca0ec54d244f06e714f13e032569613f,13.0,0.0422,0.9259,0.0278,2.0,0,0.02257477775106195
00a9527dba6e1ade6aae8e1891b16674a289b41b559dcc15f9a12fd9b2336484,13.0,0.0765,0.7774,0.017,2.0,0,0.0193540417119205
00a95dce7d3490b44b5635cfbcc0972bd2490d0fdcf9181983c844adb152a89b,13.0,0.2291,1.5111,1.6618,3.0,0,0.7584091543585102
00a9609249df9a826f5cd64869221adbbf2154a6e7de86f817201050c2fe81f9,13.0,0.0,1.0,0.0057,0.0,0,0.01978947117409603
00a960d0784168b855617bd51fe2f45200a96308e8e6aed64507409ab1c27105,13.0,0.1269,1.0788,0.0395,5.0,0,0.019903890158569196
00a961bc9658e6f7591e3cd0d4d366661643b01fc077637ba4bc7a55e4bdfc4b,13.0,0.1872,0.9193,0.0249,2.0,0,0.030771430716032264
00a987f8f8dae6cda1ebd20b239fe15d22db8527eee5568cd8d08d2e2f91952d,8.0,0.105,0.6698,0.1235,7.0,0,0.11415292451965793
00a99bc68bc95a91b32108ea6f045178ac2b1fe537d7730d79452cc719f1fa66,10.0,0.0,1.0,0.0049,0.0,0,0.019980332496187008
00a9a32922ab21611be5d6431fcb4cd9caf5894218eeef83c72661636530ad3a,13.0,0.0,1.0,0.0035,0.0,0,0.019980332496187008
00a9c11686444157b3b24be32795d0dc0a00235b480dc44cdfc9a78ac4f267ea,13.0,0.0901,1.0536,0.0337,13.0,1,0.04252055956052732
00aa154ebc04db0ba4a20e890113062ee335cf05a51ec9e656aff8fadb3045c3,3.0,0.0,1.0,0.017,0.0,1,0.08224435074188237
00aa294081bf9cc710319747ea3e5187f47f1fbcfb7a0cbc4a9a8bdc43e9b5e4,13.0,0.0962,1.0879,0.0684,5.0,0,0.049751770375714245
00aa32d7bfccdd656ad9512ba7b58d7c5f794025ed4dbd8aa5d949d56012feb8,13.0,0.2078,1.9889,0.2864,9.0,0,0.5804628057184202
00aa654b4ae08b0041909a7b2003b54ca62fcf953e16009f90b673091e08c59a,5.0,0.0,1.0,0.0117,0.0,0,0.07704350507592042
00aac57b61c3fc744afebac8f04155e499e6932d7825d8b15a383c0781a58802,13.0,0.0577,1.1626,0.0224,1.0,0,0.027356968150868438
00aae2edb3fca79f53d78cee902bf9512bcaefae5a009c2a431f49694640a937,13.0,0.0,1.0,0.0069,0.0,0,0.022280945636023855
00ab2e414c1ca49712121c5b6691ed3f217a23a3341a69314d2bf53ef5c65818,13.0,0.0,1.0,0.0052,0.0,0,0.01978947117409603
00ab7e96b7a10c74f426b42917f4735e254a516766595b4fbe93b7988c9a40da,13.0,0.1937,2.153,1.0381,7.0,0,0.5797825113598616
00ab807a419f69f7cbfcfde51fe8bd0cc11689bcb68baf79ade80dcd4d76aee9,13.0,0.0,1.0,0.0064,0.0,0,0.020263886945132575
00ab923146a870e110dee28ce12bc67db440290c4eeda5721c77f077635589a7,12.0,0.3353,0.8361,0.0637,2.0,1,0.26805184024141576
00ab9b8223005eb069cb417581930563224b05442a26a79a4d999f9bf468d5ad,6.0,0.0,1.0,0.0083,0.0,0,0.037720949013385574
00ab9f337496077623f64f98d7ccc6f8b8268e08c7a7c205d829c5016039ef19,13.0,0.0,1.0,0.0072,0.0,0,0.022280945636023855
00abd2a13da04514126adae9123d216f7499fb63e1eb088dbdd2d60587b5889e,7.0,0.2121,1.0119,0.8817,3.0,1,0.6091634790427534
00ac16f2294770a7b6100aec565880f23e793632511ae30246a3179c021f55e2,13.0,0.0994,1.1785,0.0309,2.0,0,0.021912476463032314
00ac3cfec64f917d0b67c80e92440ebb4f65862002f8bfb226a250b992d5f882,13.0,0.0,1.0,0.0051,0.0,0,0.019980332496187008
00ac52564639c6f248ba262b079a6babdf336dac92be0acefba0e5cbd6be6794,7.0,0.3224,1.0218,0.2443,1.0,1,0.5427432242321112
00ac565af65f78ed1ae6ce7e27fef209a7a7b88f4a9bb30f79b8ae4db5ec01f7,13.0,0.0543,0.9956,0.0122,2.0,0,0.02417500213209265
00ac78111a49ad136f3b64ba19bdfc5e745abd7662b2c972bba6ed9015b4cac3,13.0,0.0,1.0,0.0073,0.0,0,0.022280945636023855
00ac85ef4e29a76433e9db70b0e006c6e6004f6a888711decb2669417856768e,13.0,0.1011,1.0,0.017,1.0,0,0.026380981308446554
00ada5145b384422b443aa3045d536387d1cd5bf35ad2e0d850b49275e188c87,13.0,0.2139,1.2107,0.5432,3.0,1,0.5775051184249288
00adaa80137be34668b7464944d9256997d2cccffe10fe880e51fa9475e85a1c,13.0,0.1155,1.0054,0.09,7.0,0,0.07911067642843947
00adcfa58b09501bc9de3a0f68c1d260fe15a13d7b2dae6fee7acb73297d79b4,13.0,0.2104,0.7947,0.1927,3.0,0,0.5632505642122647
00add92e7fdbd4632f7667ec3af7d46168a78f6823c0701a2f7f36686b4a6a54,13.0,0.1504,0.9359,0.0119,2.0,0,0.02358341232525041
00ae335b39300ef4835cdc272a8ad09942b96cf965a14ead186f788d1fe66ef9,13.0,0.4591,0.4311,0.2411,13.0,1,0.6539204573476133
00ae49742ba5250d034f2b8a5402fae2f9719fb2923307a32c2f342c8cad5726,13.0,0.2699,0.5997,0.1752,7.0,0,0.5596903533237488
00ae5f3b79ff5683a260bffc17738abe5fa33ab306781715df3c8f75f6a3a34f,13.0,0.0806,0.0,0.0089,0.0,0,0.043139675991704964
00ae7b358789fc84ed83c137cb99b1238bb1b4fb06f90560b49257a1e002edfe,3.0,0.5585,0.8356,0.0179,1.0,0,0.04882300628320989
00ae89ed2ffee7c878ac599adbfdfcf22f3c7b34848ccb10dfaee79ab99af5e0,13.0,0.0,1.0,0.0059,0.0,0,0.021280478197017946
00aeb38ef3c39ef20102f3c29d34ccfc8144350f08a3f5ed5fd9ae796e4cb392,13.0,0.0693,1.4468,0.026,5.0,0,0.0188991169345344
00aebee7f9401bc3224d43a863021cb4fa22dab9568d0bd8e7126617218790d6,13.0,0.0,1.0,0.0066,0.0,0,0.023516553475718346
00aef777ad06d3752f73f74bf709b5881357fb0c1f6a3bd132677854961eb598,13.0,0.1123,1.2583,0.0177,2.0,0,0.02182488270954426
00aefe4e69d91ff2e016ac7b0fd1df97c7fdbd76c798ccc2d4a8b9c8b3c99d9e,13.0,0.1459,0.9717,0.0695,1.0,0,0.08222073567533754
00af1be023898e07e372870ccad1bf6605974333a605efd27b8ccf670fd9a2f1,9.0,0.2918,1.6179,0.028,1.0,0,0.10051419706954419
00af252e2481ac922e0a688cfc21b678207356250d40d369997be3f9e56b3681,13.0,0.0466,3.339,0.0164,1.0,0,0.06059167757702059
00af257ceed9f12832708b4ea1d969c9b56424f11d7b4a48801d535487e0541f,13.0,0.1273,0.9604,0.0418,13.0,0,0.028848837593537666
00af297ba15d179f7c4aba82d3fe48ded3d2a8cf254de810121e939441872a57,13.0,0.1401,1.0658,0.0288,7.0,0,0.023627604503555374
00af57bf16f62974528c76ba26a0fca6d8fe187119e01971adc4999b83912a3f,13.0,0.1865,0.9524,1.5208,5.0,0,0.6603633210874915
00af6e4736ee2b4137a3997fc6e0eb1feeaf9bc36a7b0f06b599eb42f6b69fb2,13.0,0.0,1.0,0.0065,0.0,0,0.020263886945132575
00af75e4f283b7e1f6a79f1bdb02eb3052fdfc5f915df71a8e0e21fde7c5588b,13.0,0.1245,1.1436,0.9025,7.0,0,0.3896857394433602
00af8e7f2dca4d46ee6366ad821cf896973ad0bb8520f9c313623122467b763d,13.0,0.1593,1.1818,0.3053,5.0,0,0.47263598915405575
00af9eb91a7f0c4aa39d4f1e78af391b8c35696a701a3e532c81a393904baa03,13.0,0.0,1.0,0.0064,0.0,0,0.020263886945132575
00afa77e7cd5eac3922c3866c8e090fc84c7df37429406aaa9c82ea77b573096,13.0,0.1718,1.0344,0.5983,13.0,1,0.49156788006358765
00afd64eeb7b6092aeee29e1c6fccc359b22129e3489958fa8ca553c6bdb2eb8,13.0,0.1354,0.8413,0.0261,2.0,0,0.01926933234960337
00b00e831bf69f71e5eb103b9ccad82383e1032875f890f2c18f4e1831cd50a3,13.0,0.5036,4.0659,1.4372,6.0,1,0.8450421881431768
00b024df3d10b6780beb6847dd6bb80bdd6529ae932d2aeb3d2b8a5bfa077f49,12.0,0.176,0.8294,0.3458,2.0,0,0.3708865024709917
00b03ae6884e268d8ba3becb990833f144b86cbd432d997a5196accab7c673d3,13.0,0.4022,0.9831,2.8777,2.0,1,0.8725513746354003
00b040086eefd0f08b24809fbe7263da52f52e6e031e1048f4010346e48adeba,13.0,0.0569,1.0423,0.0382,2.0,0,0.02545949620279796
00b051fd6a1c2c01a1ff31dd03b5cea057ee6529d81c15e7a64a65a2a9be5a5d,13.0,0.1415,1.1028,0.0125,1.0,1,0.02431918254445391
00b0accf247afbc1f4d34d20b7ea1a856a120f235b43a8d931ae94bc95fb9157,12.0,0.1289,0.8372,0.0369,12.0,0,0.01901708147712164
00b0adf663102b2def72fd7109746a60cb4d168c9cfcedcc3bf80cc9569d3b74,13.0,0.4117,0.5713,0.7875,8.0,0,0.7056155151876767
00b102bfc3491b8d4451b5d9f96738ea983547e84216e520759a4b02996a7de3,13.0,0.1884,1.2476,0.0096,1.0,0,0.03726017814946273
00b13fb5a0e16c9e7d44b11969e5f9fd0a2dff9c8da445cb51c2852e43ff5042,13.0,0.0506,0.662,0.0452,3.0,0,0.02016356460810525
00b151ca198941e05e8a77e5d6599c8ae64518c09d34f1d76500390e192a98f0,13.0,-0.0018,1.0,0.0379,2.0,0,0.03978242572881435
00b1aefc81b83f5b01c85134d49f086c453445e3e584f048567680ebeb7428b5,13.0,0.1694,0.9813,0.0406,5.0,0,0.029232784726541023
00b1b03ab4761280c048daa135721742eba7bcb1631c2646f8836df94821ca76,13.0,0.1107,1.1327,0.2506,13.0,1,0.3061586661711793
00b1c7c9df3ffc1561d6e1617aff869856403fe475b9df4bc8e57641b7bf191d,1.0,0.0,1.0,0.0061,0.0,0,0.020263886945132575
00b244f49d5a8381dd1b862bbc13fcc268527c0972b9d843491640f091e0b46a,13.0,0.2151,1.0537,0.85,6.0,0,0.6027772784392387
00b26449adf2e74668627935e8a1621669b322e1f969fe0833745f8094738fb5,13.0,0.3349,0.627,3.7726,3.0,1,0.8778851803275787
00b265cf0fb1760e732e7e87cd49129a326dad7c671cb690965cc8d10ca15795,13.0,0.1264,1.2663,0.0424,10.0,0,0.01904176565616679
00b27881c0b6df98a4cc76cf7920ff0008e062a685aec3c318d8e05e09d607dc,13.0,0.0869,0.6516,0.0977,2.0,0,0.06611972464215465
00b2a10e3212df530d6b457cdb4af2aa5427eaf3f2784c7ee6e9122002c342fa,13.0,0.2128,1.8217,0.9498,3.0,0,0.6383854871481682
00b2d2af8ae7886a8944676d21e3f2f9ea7d80e42ff6716842e99b14cd062acc,13.0,0.1471,0.0,0.4462,8.0,1,0.3508342178694427
00b2d8fe9f5650fdf2e3013a82b2b14ebce7ae941ca844febd7ff0b966e6b37c,13.0,0.2078,1.1674,0.09,1.0,1,0.2716001960753249
00b2ecc45639d53847d07960d40d95e08e88cacf6ac75b3fd5c1985c117e024f,3.0,0.1722,1.0014,0.2383,1.0,0,0.3388320720422379
00b3039bac8972535b1383d2b512ab782f7bfd9c024f7872b7feca400bff6fe3,1.0,0.1959,1.0,0.0412,0.0,1,0.17422693892341465
00b32bd7b940e50702d38eec3be12f88349909fa77746fda6537a19e9ef354ed,13.0,0.0516,3.2611,0.0406,3.0,0,0.06229426200425575
00b357a177ad14e9663b8c2a799473251f1239e70dcac7fa79caf5d4c0160201,13.0,0.145,0.9603,0.3986,3.0,1,0.386225700157885
00b3842e5d2ea6a6a27e3e12d632e18d015e390eda1db5b1566b82516f0b3df8,13.0,0.1967,1.2983,0.2204,4.0,0,0.512268010253439
00b38ce1d537bef4087293a96371f461cac9df9998408329c3d8abee7cefe598,13.0,0.0,1.0,0.0046,0.0,0,0.019980332496187008
00b3aeb01c372b41e06b6969dda2bca289fa6e9cae9e1fb7c8a8720f2969e588,13.0,0.1706,0.9485,0.1457,2.0,0,0.2223485662078449
00b3c7e4b87469050dd26f40beef6061cb2b7469bcecee412b8887aad84a047d,13.0,0.1383,1.0295,0.0496,6.0,0,0.021559917167969254
00b3f69f265b4197d02818d26eeb25ad91c127198670d3146874bad3db766053,13.0,0.0692,0.2415,0.0404,4.0,0,0.017846260121299428
00b411b5de049384df9c32de82d34001f4f15afee47b3d52d95e71e2c8815fee,13.0,0.0264,1.5285,0.0374,8.0,0,0.025201353237032473
00b45fc0064aa563451eaaabab8c71ed4f5fd4b8042cee76234016aa3b19d555,13.0,0.2421,1.6614,0.4961,4.0,1,0.6347409273853739
00b46a8b8cb996132c87670a2b08fd85fe348273012e0aeca74ae3ef8d23a00b,13.0,0.0831,0.6656,0.0218,2.0,0,0.018714039200383125
00b47dbacfb229d7db70348efc5c492000e89b894a13137df28dea0db2a7b9ae,8.0,0.0626,-0.2893,0.418,3.0,0,0.22939938328146575
00b4918a3c4132f3f5aa0f2ef3cf1f66ab411d29755d6446b98ec8bd16a124ee,13.0,0.0109,0.0,0.006,0.0,0,0.015903437195320887
00b492e8d78fc5b4a89012801ecb5405fa435577b456d1f64e2d6c02bfa1261a,13.0,0.0662,0.4852,0.0205,7.0,0,0.020831754819694348
00b49931f20503404498ad27d083d5d044982067190c61cd5c50ffc176ad4eb7,13.0,0.1645,1.1486,0.0069,1.0,0,0.019703379965717614
00b4995a4dc26dbd0c8ac9760b26233b9a8d745ddd9f4990816d7b561787807f,13.0,0.4219,1.5038,0.1555,1.0,0,0.6134348825942573
00b4be81174429631e25aa2d610a0d19bb235176700efd1654cc5190746bb6ba,13.0,0.1421,1.2387,0.0784,2.0,0,0.09066508298533074
00b50b0ab89bfb8ef1a5942b18bea9994d0c3207131e566316841692f0e7ee4e,13.0,0.3589,1.0437,0.081,13.0,0,0.36371667111635675
00b516b80935d9dd76c27b0545710eec7302ba7a95687875fce036c62bcf8a11,13.0,0.0,1.0,0.0064,0.0,0,0.020263886945132575
00b5359759c083853b52af450beec831ad068d886d3458e6939c145f7d69e9d9,13.0,0.3474,1.0286,1.0987,10.0,1,0.6840964281062629
00b561d60121265f48e5cbf1f98b951c94fc3afd25340a79abaa4e78fcf85b47,13.0,0.1329,0.0,1.2445,7.0,1,0.5839627722705476
00b597b4b69ba90c3220fe2b9707fc230f186f8dad841e801de50bd8810ef357,13.0,0.0,1.0,0.0081,0.0,0,0.037720949013385574
00b5ba90b4c303cec8c93254591a4b588d35d7d794d296ff873298e8ba3a7bde,13.0,0.0105,0.5261,0.0985,7.0,0,0.10644610600242106
00b5dec95056c706a0617f5e3b661e0934f99145e6d7146ec1bced01786c34bf,13.0,0.1048,-0.0687,0.3946,5.0,1,0.19097648983046928
00b5e538d6a4e0b9fc29bc4b845d43c874d2a823ef98f0eb76b61ed4ebc21625,13.0,0.261,0.8126,2.5798,4.0,1,0.8554036114804019
00b60233622b5e189ea06eee8d100228c4fa0c45996daa315a09430f23809549,12.0,0.7849,0.6367,1.572,2.0,1,0.7955063876050271
00b6039fa29b818123e65ed1c902d0f59dd119e1457456cdac9d5cf0e0b58cd8,13.0,0.2678,0.5507,1.3715,8.0,0,0.754868265259628
00b686ade48123a567b066546d791c825ddd735b1bbd9c6e1e994cd4debe0329,13.0,0.1903,1.0998,0.3209,5.0,0,0.5249330648787871
00b687dccec8ef06b88b56df7cc1b3da3d07420cbfd9c8e53e2e436f94f2e937,13.0,0.1813,0.9819,0.0242,4.0,0,0.04720977308380185
00b6f776428290ff1ebfd57edd541ea8d00d5ff6c41d05dea2038ad14fff5af1,5.0,0.1866,0.861,0.0918,0.0,1,0.2682609480371908
00b70882a0059bb08e09f492def47f7a32a4ebeed5ab7f84265fbbfb4fbc97be,13.0,0.384,0.5312,0.2969,7.0,0,0.6530463265353788
00b7138fdffd321b76dbb2b3b2636d7e2332dea31dc1d777c4fdab67fa01e59a,13.0,0.0,1.0,0.0094,0.0,0,0.07006471872599379
00b71d3528bb844be43fb4e73062db6f652f13c3455a2d238fcad7c562f668ce,13.0,0.3386,0.5166,0.0408,1.0,0,0.08534063077098974
00b784736429ceebe0e26ef49ef8fe31b6d5f51161451582be30ba2c10cfe04a,13.0,0.1473,0.9802,1.5295,3.0,0,0.6208730753578784
00b7a9f999ce1211827b46d518dcd3687d9d66df9e5ed5336731242e111a848c,13.0,0.0,1.0,0.0046,0.0,0,0.019980332496187008
00b7e69f4e63580392522bc47a38a82c25032046633b30d501b6a3ea24df763d,12.0,0.1988,1.3166,0.8264,4.0,1,0.602056287275943
00b8057ebef401aaa7e666502d50b791e257aca8fc7daa072c301cc656cac29c,13.0,0.2762,1.3791,0.1714,2.0,1,0.5829141954384385
00b853ce55cd48bdd061c8bef92173cdb0de12dc5a0a1397ed59de42fbd03e67,13.0,0.0895,1.0197,0.0811,8.0,0,0.07102270881942865
00b859b60003e78178df8aafefc5474399da7feadb565ff7a18bc7fc1391e738,13.0,0.0604,-0.0381,0.0404,5.0,0,0.019015226298697244
00b8c197ae1df6b2f4035d264c4c3bdb3f76df26af91da0032c1f672ecd99a6c,6.0,0.0,1.0,0.0078,0.0,1,0.03633201737750049
00b8e0985dbf4afca42174de2906042415505e349c73fb0ea7921920828c36a6,13.0,0.1319,1.2767,0.0469,5.0,0,0.020507633226502637
00b911ba7f3236d7f747f3d2a69a128752c2ede303ba2fe3849016f034c1126c,13.0,0.1045,0.9531,0.0212,0.0,0,0.05067061146967716
00b919e7377d9bbb653100c1dc28794ad8ee974657d4c8785952016dcbc50c15,13.0,0.1065,1.9304,9.2644,7.0,1,0.7603256918490127
00b9d0bd778879e2b9bdc71fc84e09c024260bf499b15f05af22a4bf7195e86e,13.0,0.1642,1.0182,6.4068,7.0,1,0.7843292728369018
00b9eda510749d0b9c77965ae449c7e248c3cd3e282368f17ee20c58b1dd04f5,2.0,0.0,1.0,0.0063,0.0,0,0.020263886945132575
00ba030d4236229a2a8080c15de4d622eee72d61c187bb3cafa161dfc81c4bbd,13.0,0.2469,1.1844,0.4762,3.0,1,0.6017915213513777
00ba085289bf0c6fecfaa0e988774458731431b5a34e2cb76e3936dfae4514a0,13.0,0.133,1.2042,0.0144,2.0,0,0.022045799134321444
00ba1502be9caaaec93a56a4bf059368f7866c3b29cd81f39c1dcc4733faedf7,13.0,0.0,1.0,0.0064,0.0,0,0.020263886945132575
00ba2728e28fae3a21d339e14f887c81ed3553c21eec54b74ef921dce28afa56,5.0,0.2544,0.9458,0.4364,1.0,1,0.5402325540198387
00ba2e4bb9bf5dbcb351729703cc2038ae387faade04a02ab68850d5ce9c0af0,13.0,0.2972,0.8378,0.0101,1.0,0,0.060449647842452985
00ba569773eab1cf2b390f0c974a0040d3b944e3d714c773b81d09515cc576f8,13.0,0.2514,0.5657,0.1978,8.0,0,0.5614871833964926
00ba88dcab515670329988836e7dcef77c8ffb39e1db381674becc54d582e5e2,13.0,0.1709,2.0773,0.0097,1.0,0,0.03550741792451992
00ba95d3be73c171e970e12568d605ccc56aa0d82b37c242b79c21cdc72a2294,13.0,0.0,1.0,0.005,0.0,0,0.019980332496187008
00bac9976304cd478652aabbf2cbd18bbc2285d23e1f6dd62517a138d1486a28,13.0,0.2257,1.4761,0.0375,1.0,0,0.06312165346222796
00baf8b8e136f59129953e6c37b63eae934e3187c179c3285fc2a1de12e7395b,13.0,0.1634,1.3499,0.0078,0.0,0,0.040425635536590135
00bb5f50e5c0dee68201928ae9317fed9180b5702c06d14009fe3075edd5f29c,13.0,0.0,1.0,0.0143,0.0,0,0.07704350507592042
00bb8e99cdd28e5fdee7813887abc1dde143b13145f79878f7e512207c79daef,13.0,0.3554,0.7,1.8997,9.0,1,0.8204179514049115
00bba4894ec6be47cf12299643e5eb50d0a4d1fea59abd010eae4c0a43803ab9,13.0,0.3398,0.4679,0.0191,1.0,0,0.056413655008291166
00bbaa93598264987b05f7c1d2656f1e965ff8b37ee99011fa5ab486a9e9ff32,10.0,0.5783,1.086,0.4136,5.0,1,0.7307213838480301
00bbb1e27d0427f0424fd6dc3b0bd34a1697a477f21d7e73c00db92ca04d1c6a,13.0,0.1084,0.726,0.0757,5.0,0,0.0688928977481581
00bbd2f8054dd50035ae3f76a0ed4ca61e66b65a980d68d857394f9e8fe899f3,12.0,0.1391,0.7817,0.3885,3.0,0,0.28825575234617146
00bbd9309f7fc602edc04c421f010706576561042630dacee0448f0958c40c85,13.0,0.1022,0.9931,0.0491,5.0,0,0.019623481209925412
00bbdd007f2e82486df62eff0889d19bb8f89c4c266d7514ece895cb7e3a5641,1.0,0.1602,1.0,0.9695,1.0,1,0.5124748417998611
00bbe2af77c6e67d2f4e6a26fe9d2f00b2fcc98a4ecf883549f73ea49489d5de,13.0,0.1285,1.7086,0.1816,8.0,0,0.3502525652404019
00bc0047b2dcefe8410f8b5e4f9f1df67549b34b143464fbeccb76ef01ab27f6,13.0,0.0106,-5.589,0.053,9.0,0,0.028594380144128663
00bc1cff31e2056481c3016affdb0e96d806abc6cc182064c14a314493d2359c,13.0,0.1549,1.0245,0.0857,8.0,0,0.144507400619698
00bca26d59f26a2c9089ffb13fd194b85cc71ed70c454f8c4debc208c4d25ee8,13.0,0.1813,0.9538,0.4917,9.0,1,0.4215725788750047
00bccc0c2facbeb440a94e26a6c93f469e0543308be52a209226117254335e27,13.0,0.1292,2.6324,0.0694,1.0,0,0.259110954884119
00bce2e437353fec38e81ae70ba876b9f317f0411aff170ef54a5254136a5ef4,12.0,0.2277,0.7649,0.306,1.0,1,0.5404090882187783
00bcef8d51e0cbd00e4bd9a0941f67c70c7057ae645f3dd974530ccc8098b730,12.0,0.1179,0.0,0.0271,0.0,0,0.04779105164224237
00bd05d855457820fca8821c2d6675ecf35c33e1b4c9858de20d591917a3224b,13.0,0.0398,1.1296,0.0728,3.0,0,0.0556364113141373
00bd07f69e39500cd8daa22630471da6c6762002a8d0980bf0bd9d14c02648e3,13.0,0.3051,1.3332,0.0947,2.0,1,0.4325071733099454
00bd1c713a9115f6e2bea33b55c130bd9f654ff69ba62833a94fb50a1ff9bd1a,13.0,0.4247,0.4027,0.0654,6.0,1,0.46810427723991405
00bda090ab681a4c0abe9f0a5a9dcb50f64834ca6e998265a357e4f6316e62e1,13.0,0.1683,0.807,1.3782,5.0,0,0.5832990816852202
00bdb5e1e211f95e9c2abeaf92bb120732482b7d9ee0df46249338c3f86a136d,13.0,0.1519,0.8011,0.0378,4.0,0,0.02621910813999105
00bdbb3a9084859b6289fff0ec0c89a17976dc72ea4f57ae62be044457b0a793,13.0,0.4303,0.9774,0.9984,2.0,1,0.6962139983744939
00bdc838b481c3becf2b0ab421ee73e1439edd8699c22d40c39c5684b19076a3,13.0,0.1736,0.9446,1.7222,6.0,0,0.5562304887573958
00bddc765c927f652df68724fb2299691e3622e7e5168af24c73a87b14f15959,13.0,0.1689,1.0765,0.7477,4.0,0,0.478879639035125
00bde5ad01f1cd448f39eb53d16aaff7567837eccc37d20a2040b23caff2374f,13.0,-0.0237,1.0,0.0156,2.0,0,0.04488620859941838
00be01115412776efcfb5c5a81fd9f2a9c3904750e97c5ccc73c87c40dbbd683,13.0,0.03,0.6295,0.035,7.0,0,0.02212968542411567
00be0300abc45ee5ea892653cdcf61717088b9da044cb60405a61af262468cfb,13.0,0.1076,1.0505,0.3454,3.0,0,0.2548925785855077
00be1f56d26b6e133edaae5bfdf6bcb52b1a8dcfaecf4710fd800617793a9d58,13.0,0.3326,0.0,2.6114,8.0,1,0.8058732813609021
00be3c3efb8deda184221519a7b12181be39345f9a9a0e8773e81cea23e3c368,13.0,0.1426,1.0587,0.0263,3.0,0,0.03385171955832383
00be9aec0045052779e0bf4917de3f2363ac97a5ba9e521274f21497023c3bf1,13.0,0.1581,1.0937,0.0965,3.0,0,0.1654786993453296
00beb9455ebb29825de5718af8c3a3ea5d773852e9b7c5d0ac418ad8cc24a873,13.0,0.2727,1.0191,0.4522,8.0,0,0.5924801109517783
00bece374eed5fef4fd26302edc242580df73aa77596ddc0415a69562b8dffda,13.0,0.3137,1.027,0.956,4.0,0,0.6743474589050823
00bed129eb6134d88eeae73fb6abb832177e0b89e8254646b81a701a036f63d0,13.0,0.0821,0.7421,0.0272,3.0,0,0.017798598778525018
00bf00d43186c5f29c7ad015257ce0ede01a0780cd918155f1a3a4e489dde4cb,13.0,0.2367,0.6202,0.0331,1.0,0,0.04788746295424577
00bfa408e5382743ca5675695a00dc0cbe72a46f3f780dc99ac5a28f7ab4376a,13.0,0.21,0.3037,0.0431,3.0,0,0.03692573952140658
00bfe3c25dd29db7bdf37c14109a0875de3ad927a5cea1d8831a38008e215677,9.0,0.1825,1.3597,1.5807,8.0,0,0.6601638835512906
00c01befd8f456f1963dd8250e5827525a47ad210a91b166c7d8b0cf96cfce47,2.0,0.0,1.0,0.0101,0.0,0,0.07447578192254842
00c02328a172d6e49192aa073c953d1d4c6bbab9cb014c003fc25474e15e0eb4,10.0,0.1187,1.3746,0.1307,1.0,0,0.16370209130011812
00c0463e67a2f19f8bea201de050a6d4200b7611fa0d5b763c2b3c74fbdca801,8.0,0.6763,0.3556,0.6851,5.0,1,0.6803216647285626
00c055d68939531bfa1a660b2847af1263f8794554b8cb7fec3e85bdb3bdf671,13.0,0.3417,0.6474,0.0882,3.0,1,0.3297173838524729
00c061604ea064393fe818902caed3f38087a4029353c1a57c2e7e75caab8ef8,13.0,0.0129,0.0,0.008,0.0,0,0.030470217198660568
00c072d394548d31cbd9f23226d92fe108a6f821895e91852ebfceba47911b8d,4.0,0.1132,0.9406,0.1652,0.0,0,0.16649136126947334
00c0787c16a11474e0a5afd782600e6ecc6de1d79e25e291d37f7b63511b1135,13.0,0.1075,0.0,0.0097,0.0,0,0.04493411760264707
00c09712f1cb92c2d4cff0806c1eff5aca7999a63bbec16737f247432df1ac97,13.0,0.1584,0.914,0.1744,6.0,1,0.33931600557101677
00c09dd5dbe9839ca6aafeda8ebdbd44f1122dcb5e5e1f8f782d217b8eca6a06,13.0,0.2351,1.2787,0.1908,3.0,0,0.5817039044133732
00c0ad487d2894b6efe8f43074827039b123e1cfcc5ce2d1fdee711352d95e26,13.0,0.1119,0.9498,0.0267,1.0,0,0.02472943569784504
00c0c879deeea1a2b0334c1d55188d2bddfce50440edf9601917c73119c28244,13.0,0.2066,2.3647,0.1134,8.0,1,0.43829002384609056
00c11c170c2a1ab973983af5f6709c67b33701f5d88200319267ae7b016bb25a,13.0,0.0979,0.0,1.3966,9.0,1,0.6062880034580956
00c1a572343e0e1466d32a366305a0dc44c1588f7c09df57c1baeff13eed5a3c,13.0,0.1373,0.9062,0.0196,2.0,0,0.019595229732468727
00c1a652f8ed9c423c2b5357df3343e4ded6314bd0c8c86ccd28894fed543004,13.0,0.162,1.0952,1.1226,1.0,1,0.5509977710709879
00c1d605574b396d33f04087fdb8ba2d45d76d8a1069fdb0da138953f3db2d0d,13.0,0.1208,0.7988,0.0454,10.0,0,0.02000148471838398
00c265d23eefb77990c4bc785b342b8ef4d8384821cce50135308e449bce23ce,13.0,0.0838,0.9582,0.0174,0.0,0,0.05067061146967716
00c28e0932eaa17398cfa69146fcf478715136bcfc48ab03ffee6d31f04e7daa,3.0,0.4409,1.2271,0.0341,0.0,0,0.09586658186788201
00c3204420bd8e18daa727eb4ef91303b3121266a0c8b66944791cfeb0670341,12.0,0.7974,0.701,2.442,1.0,1,0.7482224344980409
00c3293546f280d5f175c72e69d55fd564fa3b811ca3d0aa88161923dd615e1a,13.0,0.0,1.0,0.0057,0.0,0,0.01978947117409603
00c331ad9dce0c348dd6281e7c72f0fedf2a9373e969de6c5d0a2d2bab649253,13.0,0.1467,0.8172,0.0383,3.0,0,0.026561760766080564
00c33b2f1298c96db742d723f0a481d50d3be1b1bbf69af8006b6f9e36e35606,13.0,0.2353,1.026,3.3244,4.0,1,0.8796855381446407
00c33e858ce9ea060f46d43bebb478176b046fe605671668a35052f5eeacf3dd,13.0,0.29,0.5772,0.0276,5.0,0,0.05135640274186834
00c3409d47bc3f8d00fc6c05c1f357d72b84f7336d0d063a29c18a71021e1810,13.0,0.1187,0.9741,0.0241,1.0,0,0.024824865774526278
00c36b44130245cf84721f70910dd780ee1c0f2c55f40e398ca1b7a577bf4d38,13.0,0.1691,0.8818,0.2053,4.0,1,0.35785874314129706
00c3a36b35ed9d8476913332456ed1f26591b538242812ff1c6db066af94758c,4.0,0.3367,2.1766,0.1218,0.0,1,0.5857937681803541
00c3a54e5546061663831735eced710d19ce3d0bce3721e2186a8c30f270c456,13.0,0.1529,1.0237,0.264,3.0,1,0.39669444155710637
00c3a6b14dfcf66006e325617fe504681beb7044180f37e7ef7704b3512a874c,13.0,0.1454,0.94,0.0777,3.0,1,0.1701984901253066
00c3b999b56e4e7cca215fab0b0572794c0ab6a165d8bf45bd9b87cde8a598b4,13.0,0.0578,0.7469,0.0384,4.0,0,0.01877255049231216
00c3dad61b182b0e3f59a81e697189991d71a2aa7a2327802558b523980181d4,13.0,0.105,1.0406,0.3296,1.0,0,0.21410567527523564
00c3e10e6e6a1d92bde4d1c1ac921f66e15a631cfc50db9bd94f97d18d60b600,13.0,0.1422,1.6631,0.7029,2.0,1,0.5449123529961866
00c3e861087da0f6d12de4395290be5d9fcc9ab7f695a1762319e4583cc649c9,13.0,0.3519,1.748,10.6962,2.0,1,0.876292818789037
00c428c5d232268139a3d93f602864f11f0d0900fe2266899570e30e1925f69b,13.0,0.1034,0.8828,0.0406,5.0,0,0.016590271746046416
00c44242d6d48b947366cac47a66ec332228e5592b64c411fbde6c92ba838440,13.0,0.1661,0.9964,0.6018,8.0,1,0.4486969142487793
00c451a64cb4e894465dfefc6786ae5b250bb230a2881fb553e247562c432422,13.0,0.1799,1.5124,0.0159,0.0,0,0.06885275969808548
00c47ad14bd67518be0e3594f61986e043e7177121c21f1bccbc6dc00ff1d7d7,13.0,0.192,1.2505,0.0161,4.0,0,0.03946136774356476
00c4a1d4635ba2ee698a94659cc21af038e43e632d150b5a568e14a156ebdf16,13.0,0.1614,1.0166,1.0993,2.0,0,0.5245183976531994
00c4b1bc09a539c79708c7c9082fa4ece650ca6a10adea2dc6017a56662e373d,13.0,0.1095,0.793,0.0434,2.0,0,0.02087730455496669
00c4bd215ff5c8c14d87240182690340407a7d2c56b84f40720827c8011b010c,12.0,0.2872,0.5833,0.2029,4.0,0,0.5808941679144659
00c4bef67a588f7cc8104436f3edf070544fc1447a7ebac170dbda5848ab52d4,12.0,0.0632,2.325,0.3056,3.0,1,0.4863739100079038
00c4e751006b1a1c76db0beff25548cfbd225373812d8ffdd8bc98771f419dfd,11.0,0.4581,0.4761,0.1001,2.0,1,0.41792565650092933
00c519120ced9b343cbb912c9500c2536fc0b122dc6bfaaa5d92eee16ad7d31c,13.0,0.1455,2.5357,1.4341,5.0,0,0.64667957211047
00c5530f7ae7b72634290e5b28bd372b612b273abf20a19014085487cf059766,13.0,0.1228,1.008,0.262,4.0,1,0.2959525880797019
00c5cabbabf895b45f59729b0b1a995b19112ad1e09b6a2ee586e8d577183cd4,13.0,0.1488,0.7861,0.0164,1.0,0,0.022751067968944657
00c5cb5bbec178cb0dbc61fe64b1a0e4e6b53ece97b32f65f2a81eda74dc8413,13.0,0.1464,1.1388,0.5587,3.0,0,0.45122752541315037
00c5d8422c12c9f78ec965449681ec6f2f59707970a49c646cb71f5889df4928,2.0,0.2231,1.0953,0.1192,0.0,0,0.2928043238621109
00c5f1ae754b74a84a86c8c9793883dc7f756cd83dd9264b94c02336e65a0aab,13.0,0.0,1.0,0.0048,0.0,0,0.019980332496187008
00c617b58ce8c94b52a858c4886a7e4736a2373b6e841726421555f10e186763,13.0,0.5853,1.0145,0.0761,11.0,1,0.4724163519315507
00c646bcfffade885df698d1fa85c50460b755b848f2ce76322fb5c87cfe4593,13.0,0.1934,0.7907,0.3227,4.0,0,0.5026301221404866
00c66b0fd31402c17f865059da295c4e93e1f0f915f47e65c536961a83df2320,13.0,0.1431,1.4736,0.0094,2.0,0,0.025391969496966392
00c6d674b81234559d2a53dd4b29959afb4cd1ed13e881affba15a998e702948,13.0,0.1936,1.4539,0.0238,1.0,1,0.0676942833963217
00c6fd65d073addf11aee0bf77dbe768bd3bfa47e1da66bbc43af1dc1344b407,4.0,0.165,0.9958,0.0148,0.0,0,0.06357020562469029
00c70cc69387e083fb60d58b659680d3683279eb441fcdb6a3356a8ee5e6bd0b,13.0,0.1563,1.1082,0.033,1.0,0,0.025287611775330364
00c74f26ea36013cb1847a98b28986087c911f1d96e182e9bdc6ff6ecfca236a,13.0,0.0517,0.7549,0.0443,9.0,0,0.021557310244763123
00c755335ecef0c87b7e65e0ade172051b4eb5ae8a5592846340bb72c7e7817b,13.0,0.0,1.0,0.0062,0.0,0,0.020263886945132575
00c76c66d54795a2645372ac4e90de5487ac405fd0dddcc313688913449931d1,13.0,0.1531,1.0207,0.0696,12.0,0,0.099632130819196
00c784d1ba081ad5bdb5c91f0cabc691c4d5f83938b348c57335a8136771671d,13.0,0.1951,0.8266,0.0497,6.0,0,0.051115580792004824
00c7a7904b8ad5916b3ac46762f307f438653a6dcfd6483a68e055dfb6a94470,13.0,0.0297,0.4046,0.026,2.0,0,0.024598792660817645
00c7cf8cb43a45a747c47a0940ac360a8e0be45a0cc56c85d07e3758487dc4d1,13.0,0.1193,1.2606,0.1589,5.0,0,0.20455394173053254
00c827007a09a79bbd122dc44bade6c7d22fbded833c5ff6af01649b5d4eb3e1,13.0,0.0531,0.0,1.1222,11.0,1,0.5821065381096926
00c83e406d8de85e7c9c3e677c95f06f0eb87177793be9c64b7efb0630816c30,13.0,0.1243,1.0008,0.0439,12.0,0,0.02229480254174875
00c84236e1c15a151bfda78fd76c317d1ac80e2961cf8c5132d77626d16211c0,13.0,0.0391,0.0,0.0669,2.0,0,0.04721530933035725
00c842405c00de920ff8e1708e1320617f2b694581cb2f0e16ac993a94a4f77e,5.0,0.1499,1.0383,0.2706,1.0,0,0.32053489440121585
00c84eb409e08f9e3ee5973ef55eb3cc430be48b3abe9fa7ddeb3430500039b2,13.0,0.3384,1.1484,0.5282,10.0,1,0.6530910248653907
00c865a28fae4b2f4a6ea43507b635304ed33c46bba79ff8694ab9f069d31eed,13.0,0.0581,2.654,0.0075,1.0,0,0.040681947712309624
00c87aa476a4b83f75f4edd54036eed8baad7382251d7a8e4c049583270dddae,13.0,0.1302,1.7002,1.5565,3.0,1,0.6493993323140821
00c8c7b19c48a7d0f3e60fa1964bedd7b7196eee82bf3c6c9071df41c3702de2,13.0,0.1443,1.0162,0.0739,2.0,0,0.09781902107869833
00c8e37f44d3cf0c5b38607a9438ae518fc586a3b357501d86ae02e73fb7b79d,13.0,0.4333,1.0326,0.8134,13.0,1,0.7260066547577776
00c90137684c1cca86d254e15c25901274d609e5d33461d9fac77bab966c9f19,13.0,0.1679,1.0435,0.39,2.0,0,0.39043688169696794
00c91162d230010ee2b1d572e403a0be1b761c7140a302abe568f8e3fe947adf,13.0,0.6394,1.0259,0.1271,13.0,1,0.6694551719486854
00c949e5c871be4830a3b89c61b7543cafc831b13459c95c93b8e3b429ad5f0e,13.0,1.597,0.6202,0.4222,2.0,1,0.6889191350447382
00c951c1b6b31a96c1a228ced8803842f45d908d0b6f91575ccf046341b8505f,13.0,0.1982,0.8698,0.2324,2.0,1,0.4940545266760942
00c957ae28f3fc54020c65224e23426e523251adcccf84f83d002da5b4fdc11d,13.0,0.0,1.0,0.3389,10.0,0,0.2759765215638898
00c97872e049fa112172df02a9e0272ffee82b83137fb727680fde299324acaf,13.0,0.2136,0.3408,0.0306,7.0,0,0.0435898433677304
00c99800e92919e89373ef351cbe37d684ea27144cb201fab7c0ba20443488d4,13.0,0.3376,0.67,0.0455,5.0,0,0.1147348593856173
00c9cbf454ba561b15733c3b20ec3392e1bf0ab709292cfdaf726c65f121c76d,13.0,0.0531,2.4949,0.074,0.0,0,0.21685249924066366
00c9d958c0cf757809d10a37584e2ba9ad9eda1b5c940e8ffbd5a0c348823a2f,13.0,0.0983,1.1392,0.0298,4.0,0,0.017908908933256994
00c9ef4a1e644102690f078fca5f979ef42d9534897796302deb3d011a165a6a,13.0,0.1197,0.9902,0.0371,0.0,0,0.06739642647907831
00c9faf72f5bdf9edf7015d3a74860812fb73ae666232831e565df26c041d7ce,13.0,0.329,0.5402,0.0377,3.0,0,0.06878761961369598
00c9ff48aca2ebe4a5ac7480f3663b781a596dfe55158c6c9ddc334bdb6cc6da,13.0,0.6244,1.1455,0.27,13.0,1,0.7110463877329142
00ca6177212363953322acc6b00cfd4f13e88a2c44fba135a990b98be0222c90,13.0,0.0667,4.3303,0.0118,0.0,0,0.12887842596141652
00ca6b078f98d9ed2ebe155a845e04ad11b665cda7a1aee0de4cb8cddabb36e2,13.0,0.0872,1.5659,0.0773,2.0,0,0.09089298895382945
00ca7b0ce0df615f288fa8a96d1035aef2f24b06799d804ff542461b4b76f6db,8.0,0.3298,0.6321,0.0536,2.0,0,0.1644649835693147
00ca87ba00a5fc6a78f4817b3991c04c922a7ee4600634bd5a79000e695af564,6.0,0.338,1.2011,0.1465,2.0,1,0.5990762185626353
00ca88f351e881b172c6719a2bba52ff01eab784abd31b94c998324400b39fcc,13.0,0.1528,1.0407,0.1306,2.0,0,0.20199854087309244
00cad345716b1d30658f737dcc5bfd3b521ac77291b6c2c2c8b67578cad24581,13.0,0.3102,1.7768,2.0035,9.0,1,0.8330195708107847
00caf4fb16132281a9cab0d9168cc87a556caaa485bd0625c639aa98cc04e30f,13.0,0.16,1.0113,0.133,2.0,0,0.22091264309712258
00cb0644ec23fb1026477adfc55d2b52db451973ae32e319c37583a5eb972182,13.0,0.2039,0.8696,0.0128,0.0,1,0.058410600440416835
00cb3edbc475d44f2d56c58ff0962f19e487399bdd7f06dfaa87c9341fc35422,13.0,-0.0454,1.0,0.1442,9.0,0,0.17613776178388652
00cb7e81074401c095995b8ab0611ebc2efe24e076cf86709a796252f2d2c2c7,13.0,0.2046,0.813,0.0163,3.0,0,0.02525597370529071
00cb7eacd9106a9c886d48d1cd18b925208b40936aafde1e616a017740fa4676,13.0,0.0,1.0,0.0067,0.0,0,0.02219398911428473
00cb88bb4cea1c3c456cc73a7353f2f3e2dfb3840a0fbd77285b7251e9d06273,13.0,0.5188,0.0,2.1441,10.0,1,0.7914713941451432
00cb8a71eb39bc51e5d5b689800a810378365369af10913ad4e5b6aec9280f1c,13.0,0.1546,0.801,0.7536,7.0,0,0.4272863295543145
00cb97405dba088e7056d4fd59611d3d0a6a71d5b391b52a2dd311cdb79790ef,13.0,0.1088,0.9451,0.028,1.0,0,0.024906314782812366
00cbe9d6b81aae9e83462dc9979fdb244554b2a51206c844b301806ee0a50afc,13.0,0.0247,6.3988,0.3652,2.0,1,0.4750636903907782
00cc2fdff98d33ee1b5bf2df23e04fac9b4f99e0f7dc0fa06344a2149e11f38b,13.0,0.0794,0.5645,0.022,1.0,0,0.022892044767834064
00cc7c2d414a3c9c9e72fc1786f61757dd66d061d582b9d25c1498eda31bc0ad,13.0,0.1718,0.941,0.6992,13.0,0,0.4458950813753792
00cc8e6998a88d20385bef7717c62714e91e68b1430d0532126d904c1c93ee8a,13.0,0.0,1.0,0.0052,0.0,0,0.01978947117409603
00cceb98f18c6a81dfe1e3f62ed4a823df31993bc34d0f051f5c6d83810d1555,13.0,0.3803,0.4988,0.2551,7.0,0,0.5991308142898828
00ccf2f689a66bbcde97edaa6033f46ad1b15aed553e837ff5dd74d9358182a9,13.0,0.2753,0.5772,0.0332,9.0,0,0.05905135072725175
00cd22db7e8cf2b3f0d2cdbf2e39d6172765bc5707ffcea7f5981237b0e197b1,13.0,0.1297,0.8982,0.1393,13.0,0,0.20814800180297444
00cd32c0b4ccff92331a5d0fdc9262529c89cb8d4c7f34c6f644e749e1816d97,12.0,0.1569,0.7105,0.2783,11.0,1,0.3628772773582213
00cd3797f4532ddfd182be1bd8fcc25ba80fd7ae222d9356e76c1ea19da23769,13.0,0.2307,0.7899,0.0335,2.0,0,0.038700678620801655
00cd56b9ce3583398ef66db2a8fc40b3df3a959fd96a3483ebb37fc4fad110c0,13.0,0.4518,0.7545,2.7377,3.0,1,0.8860943381895298
00cd645dcb0d7948f860610824047784d6cf57285824d61b8da75ecf8886f9df,13.0,0.0,1.0,0.0052,0.0,0,0.01978947117409603
00cd99b43b63956c16928d845f9dd1216d8cf2d7a67e2a9c5d644225108b911f,13.0,0.0875,1.0325,0.037,2.0,0,0.0227994283893587
00cd9c88a9a958e8f5dc35ebe9a51735715eaa445176a7390ddc64c7bf964ca4,13.0,0.0,1.0,0.0063,0.0,0,0.020263886945132575
00cdae2079c286145ca722a62a33f1c6f0152578897d3579508f51b5fab05fcf,13.0,0.2827,0.6216,2.2821,4.0,1,0.8486272223340983
00cdaf3ec732e46b61002dcabfbf99e452d01cf7a252d95f39345e74186c4e80,9.0,0.5714,0.9552,0.7738,2.0,1,0.7229245188340812
00cdb92316ee0653925b698131bcf91ba2b48fbb71fd0463e99c813777a1706d,7.0,0.2375,1.3826,0.5795,3.0,0,0.6042250937035902
00cdbdd43dc18e07ecc2ef839c7384bb5356129959b52059f389fd402a5f9761,13.0,0.0911,1.1622,0.0424,5.0,0,0.018426767962353433
00cddd3809eaa91bb7e542ca77564d72f4f954e1447469e064acf020f9f39567,12.0,0.0789,0.9838,0.072,2.0,1,0.08301657311659598
00ce0458a4a9aa5014751366e22d3a9549a59b014742ab41bd40bdc9bdc7c9a0,13.0,0.145,0.7457,0.0046,0.0,0,0.02313417664866832
00ce1be3ce9db3f093faaac602837c7169cac86a5d1a2dd3b325afe8b25ec838,13.0,0.0961,1.3553,0.0519,4.0,0,0.021524094881138232
00ce4ba0ffe60ae4390305bf510b896b693fbfced94820d26de853a63cebaa36,13.0,0.0,1.0,0.0064,0.0,0,0.020263886945132575
00ce4d6f05e9e514f5c08546dd6eba0442372a63cc4d34e9b745fa54ef3ce39e,13.0,0.1895,0.8068,2.8744,2.0,1,0.7905016323217883
00ce71eae1d964fc36ef7099f51c02528cdb960d57a4f8e15012f8979b770198,13.0,0.1586,1.1864,0.0324,1.0,0,0.0258045803957419
00cea9225c6bcb6e51935c53a3f0d85d879020d52265f3874e0dd9e09d03553b,13.0,0.4186,0.7413,0.3428,2.0,1,0.6550034624593941
00ceb7d685c3a588308d16098a28461fdcd97492e008698d5d06be407697bdf3,13.0,0.1849,0.9538,0.151,5.0,1,0.4359636782421324
00cf2951f494f4121a30285f01bb44b67a443adb2a14e7ccfcb0ca63ba6497fe,13.0,0.5658,0.3833,0.019,2.0,0,0.057203515083153904
00cf3912a15a88c6d1e735e2df8544b28b2e68434ef667f3f9b4676890d98b46,13.0,0.1281,0.7566,0.0322,1.0,0,0.022075874161898885
00cf69342518f45b544df1f605322a2b757267e3a3cc42bbc50dabe8d2ed21c8,13.0,0.0667,0.9261,0.1879,13.0,0,0.21802519287048716
00cfa0049ad8263a6535aa5fbf1d3a36796ae3aec0c430d674d87fcf8d66f36f,13.0,0.1276,0.8775,0.021,5.0,0,0.016839785692547012
00cfe3b406e5f053c8dd01b4894a1be64414988713fced8eb743b00b6188e70a,13.0,0.339,1.5712,0.961,4.0,1,0.7315528079760145
00d0004139617eb558a84eedac52eb2f6ed47c0c5fbb634d4e63beadaf256fb7,13.0,0.2066,0.0,0.2871,7.0,0,0.5173248978939462
00d02ad8d975c5119beed96427082960647bc9330dcd0d0de0fa94641cfb2af4,13.0,0.3466,0.505,0.0345,3.0,0,0.06190259178512747
00d02e978d201ea6e9846e5f98b0e5a0984b7f2aac974d39af2209fef1e37c48,13.0,0.4903,0.6959,0.4149,4.0,0,0.7099445887763612
00d032b61df642a5490416c180acc62b24d1bb1a08b6f03eea9e1c484908062c,13.0,0.1757,0.841,2.776,4.0,1,0.7234644335578412
00d06e60938eac1e532f2c96243e07bdb3502b092d9bfa12de8067394f8932b3,13.0,0.1005,1.1377,0.0225,3.0,0,0.01899209017531571
00d0736dfcd0cda5460a5ae79aaf2ef1d84b7493bd88f2646e675b742d1a0eed,13.0,0.0,1.0,0.0061,0.0,0,0.020263886945132575
00d0cd354184f011f468ef8acf35eaeb03599b2a95aeb3066967eaaa681eb5fc,7.0,0.9467,1.1311,1.7265,5.0,0,0.7387574220573715
00d151b78d5a2a6e64c0af4b60497fd138093f18ee758b0b51579e8062d03f84,13.0,0.2505,0.6484,0.2314,4.0,1,0.5774569246030324
00d1532aaaa6a59639fb1ef44e9989e4d3be51cacbb10432a66fbbfa8e701cf9,9.0,0.26,0.5761,0.6041,4.0,1,0.5985020517591902
00d1c2649f8a08bfc3ec8d1f76d52b989200ae000cb95a9a6be11006b0bb52f6,13.0,0.0938,1.9467,0.0094,0.0,0,0.06678758079660395
00d1d298a3eeacd91ff4e426287e4dba6602ff7aa60e0d6c50913d45d386dd89,13.0,0.1522,0.9177,0.0642,9.0,0,0.08552814865095301
00d201437cf979bf769a84f59315b1d165bcae278ac5cfd0d96ed0c7d7f02820,13.0,0.1686,0.9471,0.0199,1.0,0,0.025413376033665523
00d20474fdc9cc0b0453d7f7ba941f86c73a36d8905d7ceb7e9a45c999290048,13.0,0.2731,1.6199,0.0644,4.0,0,0.21979082881943784
00d27cbc927b8cca0388a99e753152cbec03d440d26feed630bf637e721c3835,13.0,0.098,0.743,0.0341,9.0,0,0.01907030696311514
00d30898074f0d8d3ddbcfb6fa7ab2c78fa86f2f1f58a16477d1b4284e513486,13.0,0.1777,0.7494,0.0449,5.0,0,0.04426405199126899
00d31631989a256cf8d2ad2e48067c42d693645b25d084db4b2486c2eaafdeb9,13.0,0.1076,0.7191,0.029,5.0,0,0.016257871893678538
00d31addf8de588a3fb1275385da03220a121ababe561ab07fc39521b51b802b,13.0,0.1452,1.0225,0.0983,8.0,0,0.21313963492399446
00d32cce93451892caf0e72f905e242db78cbdf7ebb48794f43b20a45eee0c26,13.0,0.0421,3.7455,0.0056,0.0,0,0.06971902352998655
00d3991d7f933ee0a502e251d6a27ba46244029ebddff7a76d9bac298133dc8b,13.0,0.1989,1.1992,0.0128,1.0,0,0.036401225457393285
00d3ab3d2b3529ed554d1d43940e830d70b53e17fa4b15ff7ab01ab49d886798,13.0,0.0,1.0,0.007,0.0,0,0.022280945636023855
00d3b666add47db59a085bf13ed71f482cd113843f4c529a5f105189cd1d27ca,13.0,0.0,1.0,0.0077,0.0,0,0.022280945636023855
00d3c96a81d9249258a5febd07d83a290814d7447f158cf4b5bbebe43126c17e,13.0,0.3795,0.429,0.0084,1.0,0,0.06242081590914576
00d40a6ad9758721c98a879c9c2d698b1d683ab07038fb263af34b2a638114d4,13.0,0.3697,0.7885,1.69,2.0,1,0.7329408877105963
00d40f2bfe2a8b3fa29f8330e8b347b78933416b0b9bdf611c067a1e8abd768f,13.0,0.1587,1.2104,0.0621,3.0,0,0.07835589561391684
00d40fdfaffcc2c1c30097947178fa95e3af17c1ac967ca96346e9d0024bd460,11.0,0.1772,1.0049,0.2677,4.0,0,0.4389654274568401
00d41ea77b1000cc17e37ae6748341da384377d1b5e15b1eede7d8f481bec7ad,13.0,0.2106,1.6248,1.5403,10.0,1,0.7558787375382575
00d47e87389355063d304460a703bd70480df26d469671146c532148a537acb3,13.0,0.0404,1.7999,0.0592,13.0,0,0.0972305056267511
00d4c345157c583cda4c2db8c77bf7e58e548c46c498aa39a4a4c9c3158fd115,13.0,0.0611,0.0,0.3009,10.0,1,0.2379572861580672
00d4ef72582f8bb3617fde04ce957b08e69c84eb0b06d2d085f9c5943469b0b9,13.0,0.242,1.8138,0.12,12.0,0,0.4100158928075347
00d533cbdbf0a0fc7f9269ffe8b6c451cfc0fd560719a9a7b39909060161d684,13.0,0.1373,0.8269,0.0336,6.0,0,0.017623063334708356
00d54914c905d5ef8408c014b99d7812dca22bdd9be3575bfd5331afaef972ac,8.0,0.5,0.911,0.3445,2.0,1,0.708524616469052
00d54dce1f4a7abe79389fe6736872b346e7905b5cdf253d5406cc262f15ddbc,13.0,0.0,1.0,0.0117,0.0,0,0.07704350507592042
00d562bf562c326356f5c61bc38f81df1351fe346a355c51dd3398fa664ea19a,13.0,0.1568,1.124,0.6202,2.0,0,0.4304428345092211
00d5632c57be9dbaac6c15ba56215d733413d726090a9cc2a28ee72d7a285fc3,13.0,0.0,1.0,0.0072,0.0,0,0.022280945636023855
00d58cb7fa7a01ddc36d37221b6a01e2ab93d831e1921caf080eac7ee296795a,13.0,0.1745,1.1899,0.0622,9.0,0,0.09620922064327163
00d597d20a173a0613ea93fdbbaefa1899b4cdf51bd655cbfec9c58a39d0664c,13.0,0.3764,1.1398,0.1997,4.0,1,0.6393038455362559
00d5c67c8ec572cd96e6100f02abd328ee3c4d11bc805060c98ff8783956566e,13.0,0.128,1.0519,0.0293,2.0,0,0.023119163386051144
00d5e738b7b5e89dc3a71ff177a86c458ea76f7beb38c25b21c4c694f45efe70,2.0,0.1762,0.9143,0.0268,0.0,0,0.06899975227460174
00d669c9acd0ca89307572d6a3bcd3f6a3d61929b4f0700171be4662df0dbeb6,13.0,0.2057,1.3522,0.2622,9.0,1,0.555815136364295
00d671ff7510919d2dcc1fd5a83f580ede943149457c880e2a662506efc7b8a9,12.0,0.213,0.7972,0.4021,4.0,0,0.5759501447393086
00d67847cec494e19fd3d03d670a207a1bceb5665d23812c6cf8d033a535392d,13.0,0.6639,0.6806,0.0399,4.0,0,0.14697715772124414
00d68224051d87dcfdc80d614fb878e825abb25496c8706fb16fd035fec49f60,13.0,0.1136,0.7666,0.0254,4.0,0,0.016209841435304576
00d69631f30c74d29d1c2d4e02332ae27164c25b321a9b0d856cbd5deea4c4a5,13.0,0.1533,0.7115,0.2713,4.0,0,0.35038786710467357
00d6b2cd141372a8511eb40b33200616d6ec53aef7c22efe5d46f2844656b1c2,13.0,0.0,1.0,0.0118,0.0,0,0.07704350507592042
00d6e5d46ed807cfe778752b424d3f39afce35afd41f5322704377680fb9c72f,13.0,0.1235,1.114,0.0166,2.0,0,0.02182488270954426
00d6eff8d49b35fbaf4326de9960f49234a4c00d6aad0cae6aac23ee62ae7352,7.0,0.0,1.0,0.008,0.0,0,0.03828730443968284
00d6fb8f6f16c4515bbaea121374765f7fc6815050d9d44d7e79617c52a62f85,13.0,0.1635,0.9557,0.0307,3.0,0,0.026268159185657995
00d7327551a4e1c3c0524e5a8d1d31eb82189f7c40531a047b6e7b952910e3a1,13.0,0.5683,0.7684,0.4729,6.0,1,0.7233557432038726
00d7394fae0a6d7bf1944c2153beefabd005dfba3e4b4231ba93a1c1b9f937d3,13.0,0.1337,0.8849,2.0722,2.0,0,0.5749128733229031
00d73ec36712a0cabde760d247749b1282025c9752bcfb2ddfdbdde3491b0574,13.0,0.5305,1.2539,0.0177,0.0,0,0.07746996590450306
00d74698ae1ae62be95d0829be6b16f207059999bf5e992014b00abd7e6bc9fa,13.0,0.1705,1.0084,0.0325,3.0,0,0.026948091639973568
00d749a0db5b0924e9b1878ea19c8d2c5b051dadb1f819bc4639fc3bfc041ed8,13.0,0.3961,0.9259,1.9208,13.0,1,0.8276774571771989
00d769dbf0a5e3e73a8223566b33adc5686954dd337359e6f18b7991f116eed4,13.0,0.1192,0.8803,0.0537,3.0,0,0.0362145339589146
00d782abf4547e31dc8d35fabdb8067a96ef47066831be311dae125ca3f662f5,13.0,0.0486,0.0,0.9772,10.0,0,0.39464560566962253
00d7a7d4de9b8c9ff70fe51ca0d19d41e123e7fc77b479554eaba5fb3b40a442,13.0,0.0,1.0,0.0184,0.0,0,0.08224435074188237
00d7d1eadc42a3ee1f69eae6a969bcd84e5b293f08b257e876cf918347b544a9,13.0,0.0,1.0,0.0044,0.0,0,0.019980332496187008
00d7ffdc5cbd7aca208cf5aa479865fe53bba94af5b38c99b6764d1050bb9b7c,4.0,0.1871,0.9452,0.2024,1.0,0,0.4172351239373641
00d80fee4d59019f672db83784a70b11cc48de018122844e63a472212d0cddc9,13.0,0.0429,0.5806,0.0315,2.0,0,0.02170393153200481
00d84c47f3c2be281a665c003accce67aceccf796c7a356f85c2e1107e0d1224,13.0,0.0113,0.0,0.0065,3.0,0,0.015604283937476577
00d84f0dd35ca82617f4af56e592a6f27ebeb5c413ce7ab5a918b28c3364d549,13.0,-0.0081,1.0,0.0332,1.0,0,0.045291998885685095
00d877b3a59a232b7553ade8a7c163b4e8dfbaabe4806b2733050bc381ae3b00,8.0,0.0,1.0,0.0041,0.0,0,0.019980332496187008
00d8842ca37bd21192813bb41bdda936ad71b37cae8398dd0502fb14733b52ac,13.0,0.2825,0.0,0.1553,10.0,1,0.5858164115965822
00d971c1e604bc741aaa3f86f2a9f15a397f67151da5ab7fc72a13ee31b2c718,13.0,0.0664,0.0,0.0045,0.0,0,0.016056884449379208
00d9d5ff370ab0cd20c6f3c035c8439e3a4f838c447b667bf7269a8b48ef2768,13.0,0.0,1.0,0.0058,0.0,0,0.01978947117409603
00da00c17bf93f2c10b81f04572cbc0479c8b3e24566c05d8d4693035ced2fed,13.0,0.4142,1.3111,0.4994,13.0,1,0.7658375717728535
00da0bac92a1979910b65aab325aec11a8b97549c4e0c34caa8a770e52046ef6,13.0,0.1091,0.8927,0.0338,1.0,0,0.023094344614546545
00da125b3577cc460521a14c27c4dd30b51a0e97d8c8e9efce7445b309893804,13.0,0.0,1.0,0.0048,0.0,0,0.019980332496187008
00da16a081c14d12f97e6f3a523e2c64c34a7b50977e1e202709cb3dbb406dc6,13.0,0.1748,1.013,0.0213,6.0,0,0.0379710996190511
00da19c2b70e99eda27a319d5e3ae330c137f4493eebff38e93f916962d1599a,13.0,0.1042,1.5397,0.0182,0.0,0,0.05678633743235353
00da22294eb965f6dcbfdee1a7a6f9d0a630f659f5d958c37f9403a89cc1c17c,13.0,0.0,1.0,0.0077,0.0,0,0.022280945636023855
00da55b843588444908e896324823e7916df5ba06ee81c6ab10f247b22e78701,13.0,0.2776,0.5518,0.4713,1.0,0,0.47093405383044024
00da68160262420a06f05273fa41f187765642dad8919ef5e810a58dbe6ab21f,13.0,0.1537,0.9932,0.0224,1.0,0,0.024666213324499153
00dab4cd813ac07f0b223dc2a3fdc9555f94574ce0ea9e8eef46cbacc7b38903,13.0,0.2344,1.1485,0.035,1.0,0,0.058383050090569315
00dae539b315802284dd4ea601580ff74d537a36e224deb7351974494f450cae,13.0,0.0964,1.2389,0.0262,8.0,0,0.019253080490163305
00daf7ed56b533117c555c1d43d965274356ef0832b5f303f2cc5c1efe3cd472,13.0,0.2579,2.0447,1.1832,8.0,1,0.6243632099379731
00db8eeaca79ab96889ae6fc0269d4a40bbed3ccba1d618b2dce2d6bfd8d32c9,13.0,0.0,1.0,0.0081,0.0,0,0.037720949013385574
00dba0a3f1ea82eb3d3bfe226522d4e8015f266a36bb8a17fb47b4645b70b0e4,13.0,0.1788,0.9252,0.0194,4.0,0,0.03516484318137661
00dbaab25d3bd39514820d59950f86120f86ad394501336f5d93a7981251b7f1,13.0,0.1284,1.2986,0.0574,2.0,0,0.06309843551607469
00dbda372d97f23579e6946331110052ee81573eccd9631948717526dd7601e5,13.0,0.19,0.7525,0.3305,1.0,0,0.46007715442627317
00dbe43aeffcbf1a8917a4e756543f46bee41da91f3b5fe04ce2e7b54ac02cbc,4.0,0.2486,1.382,0.058,0.0,1,0.3218314212042243
00dc29880da91c2c5377672eb8bd2d55531e22045f4202bd9eedd53c9c4e7e43,13.0,0.15,1.0006,0.0474,4.0,0,0.027791498892539443
00dc3b4e9f8f3b114681a5293e07585fe717eef27f077aec6b3974a6015b7d44,13.0,0.2611,0.2203,0.0397,7.0,0,0.08141756850930557
00dc6e2707543e0509c790e53e719129482f03b095647d0272ce4910d93382a7,13.0,0.157,0.0,3.1557,11.0,1,0.79304928824803
00dd2bef84230bdd73ed144d23406c6769281767aef78d2a5f424936cfdaef82,13.0,0.1927,0.9061,0.0683,2.0,1,0.2067274039970275
00dd58f926f7d058ac1692012b7c5da5f30c58bc8fe48c165265b8d8f7f15586,13.0,0.1294,0.6784,0.0254,1.0,0,0.021997462006101615
00dd63c6c7e339b28ad6ad1a116111b98ecfc625d620e0c85517a9a105702632,13.0,0.0,1.0,0.0072,0.0,0,0.022280945636023855
00dd9a8d111ed579ee7804eed110d1a05814ccec98400a8ae0bd593c6d6bb0ad,13.0,0.0,1.0,0.0048,0.0,0,0.019980332496187008
00dda210bef8a48c4a63279cba9c3c692208eab587973d0c4cc1e0366b13ff87,13.0,0.149,0.0,0.0328,5.0,0,0.025432689254297897
00ddae852a93efabe3c5dcac5afd6c386f84396d10feae6f6b16863953938510,13.0,0.0,1.0,0.0051,0.0,0,0.019980332496187008
00de9d38e4b477be179c24eac29d34f94303f102e063aa159e1e056704b9d4e6,13.0,0.4405,0.8799,0.0843,2.0,1,0.3932924432159474
00def60d36bbb3f6a51dcf0e8a999ab2c383813ec7e8ca124a870eacdc37f620,13.0,0.4783,0.8734,0.6124,7.0,1,0.7383552479194981
00def9ce2eb39c69d8677b7399b4f78a0b1e46edd5c35a097befaa567a748008,13.0,0.0,1.0,0.2122,10.0,0,0.23861823321440034
00df39ca11979a26bb8ddeb7c5b5cf2f8f31e843096ab4f90dd8677f5ebb2b99,13.0,0.605,0.7707,0.1418,7.0,1,0.6779224683027555
00df8f7f1e507af4229e63b83f3a8569bb1d5f5b4a85ed369d0227a36db462c0,13.0,0.0934,1.0442,0.0415,5.0,0,0.019515595203777315
00dfb206a7d9519869175e00f39b2c37af4cc52c64ebef4003fbfc1483457d29,13.0,0.1553,0.9897,0.0176,3.0,0,0.02282443393209505
00dfba5ab159f48dbd06df298d778c910299adb12e435274fb0e9c264ed2df75,1.0,0.1747,1.0,0.0466,0.0,0,0.12420174574664017
00dfbd7a62f5c7499b94ee35a54d3d6308a86f2d20583ec5043e7ccbb36584be,13.0,0.1431,0.8378,0.6638,13.0,1,0.444104074099291
00dfc371133228ffa916fcd1ed170b5a541152c8a746c07aad7840eadf099d24,13.0,0.403,0.6551,0.4402,9.0,1,0.6967875988338735
00e0431c5ae79a2b72b0babce927ad127e9a29d7082aca5fc24674e265f80505,13.0,0.0,1.0,0.0074,1.0,0,0.025174868857605906
00e04b3f846ca92305d699bb817298c72119aa56d57ae68f8acf11dee90c108a,13.0,0.2406,1.248,0.1377,3.0,0,0.558030208332154
00e0ed100e69d895b079c522952a0da5ac166a7be64b487befeb0ef329bb87be,13.0,0.299,1.3406,0.3476,7.0,1,0.714151165256023
00e0f8699d856b55c96071ef1089e56884ce57813db4d2a23ef87941fb737d63,13.0,0.2645,0.9783,0.253,2.0,0,0.5511338171625532
00e13dc5a0acbefb33ba8f09481135dabda18fa37b9294b165aedf962997f522,13.0,0.2279,0.7684,0.0807,6.0,0,0.1606087765932867
00e164f82b132c380518cdb540b5df2fe233141282ec034ca85d0db6584f6744,13.0,0.2067,2.104,0.706,8.0,0,0.5711083259560529
00e17149b97e172ab0e11ebed983cba8a3bbb0433725c235e73151f68d90b7e5,13.0,0.1172,1.0028,0.0236,13.0,0,0.02404664443064204
00e18dbbffe7dd767bbf9b305bdadd5ec9f3a087c97c78a8812bacfa6ba8a3a1,13.0,0.2923,0.5837,1.0941,8.0,1,0.6945340598727622
00e1a63e237157fedd3354952996c90cf56d4184005e5997b3c2808ba5d8b774,2.0,0.2444,0.9634,0.014,0.0,0,0.06979300186158946
00e20c21870b0195ab93c819a893d34ad6acb54212a843fed81c8911d8627911,13.0,0.4323,0.45,0.3253,3.0,1,0.6674340114241067
00e21e5fa52d693690402944337919d41529b6a57c8d3152419d72abbcad33d0,10.0,0.7251,0.8131,0.6406,2.0,1,0.7149373284254817
00e2260a7ea091e2bdcadcc90c98dbf7fa03daeb47e2f3bbb88ae40e654539ee,13.0,0.0,1.0,0.0064,0.0,0,0.020263886945132575
00e22dcf5f54d257ba27bd0f09fe744c22868551ef43607cdd650b974fd7d386,13.0,0.1473,0.8168,0.2859,10.0,1,0.353306993712694
00e2409ac675768f14a25846f8104762d02bc126eae6b2d2dc9cd0cafe4bdc77,13.0,0.1577,1.0536,0.1477,7.0,0,0.2692668497742298
00e257ce8a15f67cdc46feeb829a041da8f348c48329c55cba5216d277288efb,13.0,0.11,0.0,0.0075,1.0,0,0.014866474389022968
00e26c7e2e7294f0a092f0cac8fcf1db5117d6eaa9e88f0662de1d85b62c402c,13.0,0.1349,2.4494,0.0268,0.0,0,0.0825724046196707
00e2960ad7a0ba1d473e42bda3acb31b2891564b2e0d2015a90d1dd656278ba5,13.0,0.4562,0.3698,4.7157,3.0,1,0.8710664567646093
00e298b823a58738d0b3085ed4f20255da7014041f8fb43fffa40bc1ea67927d,13.0,0.0629,2.5672,0.0174,0.0,0,0.07827740510562885
00e2bc58fa82add4fb7c231e05235dafb59b902853b5044cb1dad275cc3ed4d2,13.0,0.2292,0.6936,0.2466,4.0,0,0.5802816834852413
00e31eb9b2eb169640fa481bc770ad99a30f9baf5d6283e49f8a86ef225f2271,13.0,0.1202,0.8961,0.0298,3.0,0,0.018752715621970034
00e32d1cba24a863dffaca1d2f74cc031937d894f65a38454385aa918404c6a2,13.0,0.0,1.0,0.0054,0.0,0,0.01978947117409603
00e375d4771477cd1ed03ded2d8d4fb92da6e0d2910b06585358a763c465af1b,13.0,0.0,1.0,0.005,0.0,0,0.019980332496187008
00e38412477e2f7b8b8a8b18edfcea9d5b091d6066e12badcf47b74989b61a18,13.0,0.1493,0.9157,0.3127,9.0,0,0.36435472196583674
00e39574fc9850fae2a77983dd83e6673cdbec4b557961fca5abf0df2234a392,13.0,0.0902,0.7118,0.1425,4.0,0,0.12774972533026188
00e3b6b0cb68d636e611bf6b8a64e74ab4bf2eec38c02b0bca9c58de8de28a5d,13.0,0.1376,1.2293,0.0297,1.0,0,0.025128270870463258
00e3db9cc2a55e43584e06152b61eca2c3daf9cf98cd94fdefa221ac5e405140,10.0,0.2503,0.9581,0.2285,6.0,1,0.6052925926144984
00e3f9ddab8e37754fa1b85dc50a0c3859d95d76202939bbb4b32257cec5fbee,13.0,0.0888,0.0,0.0176,1.0,0,0.02225204225629669
00e4637d20eebe753cab092ea83d3976e0aef5b027bcf034592fb01057b31527,5.0,0.4995,1.3321,0.1428,2.0,1,0.6660713093783821
00e497734cf05a097de863ff9b2522b59e7a87541c27aa4adffd5bb27e17f007,13.0,0.1518,0.8802,0.0446,8.0,0,0.02606303059432207
00e4a86e761de78c4ded07e40e01c3218605991d47ba00170ad95d31f35cb54e,13.0,0.0,1.0,0.0052,0.0,0,0.01978947117409603
00e4baa2f2fc04ac68c9956595b82de5802cc669179981df31c41cca9b653351,13.0,0.1574,1.0128,0.037,8.0,0,0.024418081344803957
00e4c9b3ea92d4bf34a19e4a82ad737d91aaab6b0de128495da339b22bce3f64,13.0,0.1107,0.0,0.3492,6.0,0,0.19235994722664343
00e4d56d103f636fc704024b9b2776f9f01ef016fe322e2ff29b4a626bd39ab3,13.0,0.1499,1.0089,0.0165,4.0,0,0.022617859529628442
00e50f3b0adc2affc69fd290fdfcba836abc56f511265fea38a28458ceff4e40,13.0,0.0704,1.183,0.0881,5.0,0,0.0704576267888906
00e522b226037b7a8503f4c6cd0220e2f40d01be7b49b90d62038601b3067949,13.0,0.168,0.8739,0.019,5.0,0,0.021743232231467652
00e52b118b0bf24aa01e86d7c9abbd23954e75de68ee2aaee87c35d4b27b150d,13.0,0.0,1.0,0.012,0.0,0,0.07704350507592042
00e5692de4fa19eb56b33a7bf8dc768b6bfa82f5831a59e4cfdb9ad01d11851a,9.0,0.1783,0.9328,0.0694,4.0,0,0.14698809054495032
00e5ae6c003cdd6f6352205bb8a8f5b4cea3d1220223f69bc44309ab983c520d,13.0,0.1869,0.7157,0.0619,3.0,0,0.10927564837267623
00e5b914991cfdc6d5b40b22843b381309059af59e31b267d9acab952a20243f,13.0,0.1942,1.915,0.3402,4.0,1,0.5833342859329759
00e5ed9dc070bfbc07ebf599920450fdd8a21c59bf7ef17b5a90b318717e9151,13.0,0.0,1.0,0.0049,0.0,0,0.019980332496187008
00e61abf757c5ba2a1702764bae7a2c87babdaa2a6c51fc4b4f7cb88b936c9a7,13.0,0.3441,0.3034,0.7991,6.0,0,0.6393867803960298
00e682e7c6dba277ab4d558f2cd88bffa6cbf3cb87f1fdcfa1b53ced18abc935,5.0,0.1066,1.6407,0.0351,0.0,1,0.10699895262556501
00e691c7f7245f4309b2d830d1f85cf7aaccf931c6891ef60378b6e839316efe,13.0,0.1601,1.445,0.0683,9.0,0,0.11975449472567833
00e6ab4d87112bcbf41d773589a815bde1d05b5053e08bdb390bfec459e96a2f,13.0,0.2729,0.6309,2.0669,5.0,1,0.8507868794018573
00e6b0939afa2548eb3cf5b6b052dd176499856a115cfb050ac76d0abc8f181a,13.0,0.1393,0.9791,0.0223,2.0,0,0.021299451786278772
00e725e2c4917ebbcaf69050638760139655884b38b7ca5bd5736bb47c09d2e2,13.0,0.6903,0.2383,0.5987,7.0,1,0.6649830461036168
00e749b603d321e047dfb61fd4ced79e1b8143e276d668cdb73d7053caf6a0f4,8.0,0.4674,1.2964,0.3316,4.0,1,0.7710233519368055
00e7691a2db5397821c05711fa592c89024bebb5be04d2a41763d4499edef0f8,13.0,0.0379,0.0,0.0079,0.0,0,0.029751083337379636
00e76c08af9c1ba986bf12aecc0ce395e245c5726fe6e05a9387402c4a7d97a2,13.0,0.0799,0.8408,0.0435,7.0,0,0.021800448971356287
00e7ccff76ea102a11d5ba2d7e111f84f84e8936b58b8ec0d9338af9d406b591,13.0,0.1778,1.2777,0.5313,3.0,0,0.4579645365205193
00e7d17d8ca1e49cd6125967b9130cb64e883b5097129aeaa7cf96c2ec129e26,13.0,0.0655,1.1542,0.0186,2.0,0,0.022338433228647814
00e7f3edcfe1dca2ad986d2f71acb5ecae41a79257f30aecb45f0ad61c77d650,13.0,0.1587,1.0616,0.3148,4.0,0,0.4223880467698679
00e861e59ebb55f85ded95ba245789457f5031d4a69dac5e4aefcbd663e35c0c,13.0,0.2513,0.8301,0.0199,1.0,0,0.04228128769550842
00e89052b0b6cb19002210c7f2d92c1b4647c531c67790611551a68a890b2dbc,13.0,0.2602,0.7257,0.2239,1.0,1,0.5083759802716946
00e8a161da1a8f1b32bced90b932b0df92877cb6f8c9c64659d3a8e434c9dd60,13.0,0.3303,1.3856,0.0108,1.0,0,0.11077299387641829
00e8ccf8d7c8c587ffc223f221a5f620fe15947bf21e83ac435b7128dbd9e223,13.0,0.1295,1.1742,0.0288,2.0,0,0.02207083802516103
00e8f176e038ee25f172d08221bcde3a03dc698c71f447ae834db852d3864eb9,13.0,0.0,1.0,0.007,0.0,0,0.022280945636023855
00e90d8f2f917c3a343822ca46be7469f89526b7d5c858e87c70a1e99e37a1ba,2.0,0.1785,1.0165,0.0456,0.0,0,0.1320696818277741
00e93ca9ccdd4268c2eed3c22027a5b140aecf6809f2809ff091338c782b78a5,8.0,0.2462,0.7778,0.0852,1.0,0,0.23886771533350043
00e95d20d47ae954a6631a36990022c7146939998ef47d67ce23c2c45cee6364,13.0,0.0392,3.0204,0.0111,1.0,0,0.06431570005386497
00e9688f62cf08d1186b93603dd45aec01fd9ce345b74ee1f011c4c8c7e08e9b,13.0,0.461,1.2017,0.2028,3.0,1,0.69545688406133
00e9aa2b9bd84b24ce984f6ebc482474bf4accd0db605778a4af67696c37b421,13.0,0.1248,1.4282,0.0127,1.0,0,0.026318423906306797
00e9af2429c469ba1e364c27db09f78c64212e330ffffc19cebe4cefb91b2a35,13.0,0.2416,0.8989,0.1188,11.0,0,0.38054357362234
00e9f453def2fb8d486c163e9ccec986d06306ed5a4b98e1129b97880a379e96,13.0,0.1777,1.784,0.531,3.0,0,0.5132006845946899
00e9fc6131e46319d0b4a33ec6f376453fdfc36a472276da0f77e8c49e992838,13.0,0.0502,1.2966,0.0405,10.0,0,0.0218654494565447
00ea2c521e1fc1befd787fdb9e57c3761e15f427868b195c80cec22a8e80e9a9,9.0,0.1761,1.6262,0.1119,2.0,1,0.3896381428303575
00ea8f8d204a052ac5cc8246f255d7c68f68cb45798beba09f1169961ae27c80,13.0,0.0812,0.0,0.0063,0.0,0,0.015997963814206893
00eadc456c507f33259392f82b7637b953c2e2d9e4eeff1f17c9628aea16cfff,13.0,0.1394,1.1433,0.8557,3.0,1,0.4508313453538026
00eb10831afff33f081396297882ffcc6d601c1b61a821aafdbe275065effb44,13.0,1.5194,0.4789,0.0715,7.0,0,0.35247979077284497
00eb8bbe0602147ae3ee38c1869eb4e069f3a9b4c0902a1a7025c257e84ccfa6,13.0,0.0546,3.2875,0.0482,3.0,1,0.11219561423237537
00ebb777e887902a6685173b3b8af4743906ac9a3ee2896065cce90e72604f60,13.0,0.1064,0.0,0.0099,1.0,0,0.02331668785156964
00ebb7ff6b6fb8485ea9a273956b4b3a0a13874ea633bc9068f0265e7e764277,13.0,0.4284,1.6112,1.1945,5.0,1,0.779194564206171
00ebcd8234a97b118954c98de9bb29f632af664e164ed3a618ec3364874ec7a4,9.0,0.0,1.0,0.0073,0.0,0,0.022280945636023855
00ebcf1819a928dd5954c6a4886c53a5f24f0db6173de5c74b8059c5dbec6466,13.0,0.1346,1.0554,0.5874,5.0,0,0.36973190240596054
00ebdaa53815033b33aa1dddcb6a4736a423ca7219a170907c6a0a7303e32b26,13.0,0.1341,1.6439,1.4989,11.0,1,0.7434468243758725
00ebe24f2c0d70e38c15b180e592fb21b346c719a7b0509f582d27edb2ee284b,13.0,0.4052,0.8628,1.2606,6.0,0,0.744292155250401
00ebf8566b44103316ce510da373c06909867c471d153b8c3e041ee3f4e5352a,4.0,0.2843,1.302,0.5485,2.0,1,0.6152973203305369
00ec00d04d051d48890f4051511f243cf81ed4c383667d91fb6dc14b75b01552,13.0,0.1191,2.2119,0.0167,2.0,0,0.046876121523111804
00ec1108679a897d9c8473e7f7f362fa7943b85a68d1299f7c8798c97fc2f9c5,13.0,0.0843,1.1127,0.0245,4.0,0,0.017945811166010395
00ecb932ceb8c30fbdd5017435e707526835ac5a50d36e375d4230c2072a90cf,13.0,0.0565,0.9039,0.1949,1.0,0,0.19390865577959226
00ecc7c50d1d954fd4fed1e0176bf733bbf2f4e89a13910059e719d129811f22,13.0,0.1098,2.2509,0.1574,4.0,0,0.3216778606114864
00ecd1372302d9fc69fcc67aeb34489803e736475b5c2a4891274643deb2fa0b,13.0,0.2907,1.3696,0.0327,1.0,1,0.15318929607810736
00ecd4b30fd2a280c876e2b1ad2ce2dce477d3c35e24f250c171a1f1a260a5be,13.0,0.1876,1.207,0.1159,1.0,0,0.22159151476775116
00ecfb4fe1bd6c883c371f40e57c3690af8505a766f95a6b3e6e6d037a82a295,13.0,0.2126,0.7992,0.1112,3.0,0,0.29108611651216715
00ed0959e47add86fe9140a2c0c6bf0954177b8beee81831ebc0ba3a6bf4522c,13.0,0.122,0.9256,0.0476,4.0,0,0.019641583387901593
00ed87ca2bc7bf7705323eb364a65d95f381f15856c6384bde92014a4c33ccf9,13.0,0.031,0.0,0.0061,1.0,0,0.01823718103456026
00ed8c8b8b74fca09dcfcdba3cd2cf77270a697f80ff48d1aa152c29b9e0d826,13.0,0.0415,0.0,0.0059,0.0,0,0.01706708727073567
00edf5735b8202795891bcd5f5891901dc754fec2115aa899998a3112b096be9,9.0,0.0,1.0,0.0073,0.0,0,0.022280945636023855
00ee118f64a9dec637a7a41882fe1e8d722db1db1f7a78ab1d46287b90fe2d20,13.0,0.3218,0.5932,0.0293,4.0,0,0.06796319147619517
00ee24c2957b6cb345dc5176469579631188e29817489808d3fb1afda4f63c73,13.0,0.0,1.0,0.5286,10.0,1,0.2889494584786954
00ee2906752930af5d0c125c2c85cf4ce62be731c7f408f21091823d9ebde840,12.0,0.0,1.0,0.0088,4.0,0,0.03210484371077537
00ee513a3b7b2c4005b27272edadee2a52e5e993dc9aa1bdc181ff44325d5b25,13.0,0.8442,1.3694,0.7391,4.0,1,0.8053181514696329
00ee658f18d6a8ac5fd1fe6107007ee3c83414c8177e080087654943a564c911,13.0,0.1301,1.1803,1.8769,12.0,1,0.7655131124030464
00ee82cc5b76a5038b56731652c7ba25dde8a33ecb29b529a59298a5482c5911,13.0,0.1694,1.2276,0.6553,3.0,1,0.5036268328722384
00eeb02af6eabacc0726c6081ca63f454a4144d8fa353f0cce280b8121c998b8,13.0,0.2153,0.7315,0.0235,6.0,0,0.03444959260269835
00eebb17bc38fa401047aa58f671170c8243460574e81c8aa7fea97b28a92bb2,9.0,0.433,0.88,0.3876,5.0,1,0.6981214929489908
00eeee17c7ff5414a1488d11590711d9bcdf22aac19bb6c465b90f306ccb9b73,13.0,0.4339,1.3655,1.0899,4.0,1,0.7915854931818462
00ef33d6b409f17017c105524e9339601b5389030ca395fc0c5d3842055b40cf,1.0,0.0,1.0,2.1051,1.0,1,0.7506361592655008
00ef698633f1dc3c29e9f73b785892d5dd8887ce220a1c89c1c003f83eec5851,13.0,0.1444,1.0553,0.0435,3.0,0,0.029910000877750836
00ef6b09c0a17c421ea48aa2c513b6bd2e1777eaa9e969c3f174748e19f015e3,12.0,0.6344,0.2538,1.3677,4.0,1,0.7627328908327659
00efc117e15339fe2b37704313424def88e9d7e5a1626fd459dd3227db35b222,12.0,0.1756,1.013,0.0522,5.0,0,0.03452969509580717
00f01fea774ab3428b8ec1136d19faa94c692bbbf2da3ef052e1da85e55ebfba,13.0,0.0,1.0,0.0055,0.0,0,0.01978947117409603
00f05a4d5e8d8c94fdc6abae02302ee28df4a99a9455f672df248acc7914b9c6,13.0,0.1218,1.0222,0.0472,4.0,0,0.021315971353377098
00f0834995f32d1c7e66f3b96045c6fbef75880e4a916bc383182c9acdf99cbf,13.0,0.1869,1.2412,0.0259,1.0,0,0.03966251086691047
00f0ae1869ed32ec5859b738c962ce5dbc6c25afa5c7301f272effa8d2500553,1.0,0.1386,1.0,0.021,0.0,1,0.056840961889958776
00f0c0860943bedcdd6f4469c249af6b360dcf4bfe587be6432f8674c8e1dca6,4.0,0.2784,1.0814,0.1744,2.0,1,0.5741810804497913
00f0eca9dd6ea938221eabb21fbd12eab3e8be4c972484feca1bc1309574fd4e,13.0,0.4454,0.4718,0.1235,4.0,0,0.45945447022155717
00f0fca3def400f1dffba878939ecfe2e7571d5caf0c7e401fb09772fa828c0b,13.0,0.3712,0.43,1.573,4.0,0,0.7635068376246256
00f1672e6405380ef2b435be0e41b1daac81ef811c26afe09fdf64161e951022,13.0,0.0,1.0,0.0045,0.0,0,0.019980332496187008
00f1931159632f0f6d78af26961401a6cf2c39c572995a8d813fd12cf09ee060,13.0,0.0806,0.6219,0.0248,5.0,0,0.01715265891888504
00f19ad1b10aea5f934bafe3e9c6b4a8f0c174d94c8f5580ef69c7fb541dccf1,13.0,0.2067,1.1136,1.2664,7.0,1,0.6784264812148522
00f1a217651304b0ccdfd29f4d26bd2013a82ab87ea228f391f7a26746ef3254,1.0,0.1689,1.0,0.0908,0.0,0,0.19234533531269174
00f1a29d19375863098a2738b4e089436e72de7452cb5d2b2ee622deb6d0b31e,13.0,0.1503,0.8841,0.041,5.0,0,0.024494702984412822
00f1a86f27bca5827f9095676b65e2e920dd1f74eb45c5f89d8e947a34b10371,13.0,0.0192,-4.16,0.0227,1.0,0,0.028188655977418896
00f1aea27e2b2e8504b3c0e3c691e1ed60b16a9d6b5961b9232e2e0f1fad84b8,13.0,0.0,1.0,0.0063,0.0,0,0.020263886945132575
00f1b9a7be2ec00004d46d733546334f6ad5d5eb888907c11a6becbbe339ceb4,13.0,0.1081,1.1956,0.0441,3.0,0,0.02037167022446337
00f1c30ab959372630f8a3fc3fb04fcd734116da70538e2f37d0cefc2a1f3b61,13.0,0.0953,1.2049,0.0227,3.0,0,0.019108516693927796
00f1f0801e9da41b79c28b08168b14b37110329fe9202c1fd8a4e24b36eb1691,13.0,0.162,1.0307,0.3656,5.0,0,0.4327114066909803
00f202b9fac1212ea21b8a7ddc3af81334d00b1f3999f9e86be14985ef6bb9a9,13.0,0.0742,0.6725,0.6497,1.0,0,0.24146033131897876
00f208e92aa269ad8f07c9be8907943751e1832bb30e636bc7c04e0e1f95d6d5,13.0,0.1228,0.9843,0.4311,8.0,0,0.2821490653481867
00f22b101ee5480fc7db021d03d61fa84dc58c00b43f85e3036d050d4d110a5a,13.0,0.1275,0.0,0.1503,1.0,0,0.1519502690937156
00f264139f21ee025eed8e8bd28c52bb0b20eb9406ff65ca8d0ace29ee053274,13.0,0.1735,0.9863,0.0463,3.0,0,0.034022391069284716
00f280faaaac2e013e543cd3fe400d8736b7a75fbf2edc4f7470dd975be991d6,13.0,0.1263,1.0486,0.0212,2.0,0,0.023015165713271793
00f289e8ada75c4a8c7d6466f072889b50d8bb88dd19b841f5c2644be50e412c,13.0,0.1204,1.1121,0.0072,1.0,0,0.016742107680552395
00f2ced80b10e3d61dcb79771730eb0a5c8a426a394c11634682e47241d754ce,13.0,0.293,1.2723,0.8128,3.0,1,0.6954498157543181
00f33a9ef9d01bfbd91151200aeb6be7ca35bb59a1b1db8f89e0f6969fd6847d,13.0,0.223,0.7803,0.7087,3.0,1,0.612838040437208
00f34d7e849cdd7e0c282df4994fec693753ba4ada14ec0f3f885daf56c20ee0,13.0,0.0553,1.3065,0.0878,2.0,0,0.06922015552478462
00f356cf72f8a076673211e2fd16249ab73ffa77233682dde49b92ff89349708,13.0,0.861,0.5915,0.1465,4.0,0,0.6215759601515197
00f39aa265a5c5f111a70523a56fe6b8cb3e9df8f0609f05953493c956db8f26,13.0,0.332,1.1359,0.6732,3.0,1,0.6714336956871633
00f3a01d4a2fb955a31e1968400d5073a8a8307b376b0d243322f79d97eabb40,13.0,0.1631,1.0503,0.0343,4.0,0,0.02395400287701817
00f3b45a7ab5ac901452edee855e75e23c911de4b2db6ff646e143a1b314d281,13.0,0.1324,0.3549,0.0393,12.0,0,0.020210542787691316
00f3ba051d5ee31e42cbb57fecf51ed0f3aad0364be131fa55af5c26766a749b,13.0,0.019,1.4801,0.0292,9.0,0,0.025532837722307796
00f402bddcedba4ba918fdd7f3c8b61400033f9a452b34c8672fe0bb2666fc20,13.0,0.2154,0.5491,0.0067,1.0,0,0.03246195593594832
00f411517aae5ab1075722e5d5094e57ed7ef951352f201c8477d1f0d7578020,13.0,0.1014,1.4027,0.0132,1.0,0,0.026633290004261134
00f4480c356187b17225dc891b196db3a6bfd6df0f125870423e3d59c2761590,13.0,0.7233,0.9806,0.4854,3.0,0,0.7164569104690909
00f45aa7eb6ab4c53c8ecdf2c25d0dd05a09a48847e02d1b109613fde9aad3ce,8.0,0.226,1.2282,0.0895,4.0,0,0.2519096805934226
00f476c158be297af34c60175ff22a39266dea21e40d689c7eff9a097a8d6f6d,13.0,0.0964,0.7621,0.0628,3.0,0,0.045638135157545195
00f4d29baab8a558a1b8e8f9fbe373310b39dc6b40d219142b2e1bbd6eda2250,13.0,0.1322,1.0191,0.1746,5.0,1,0.30641478395792576
00f4efedbbe6ed5e014a8ca113d3e76746dbed6c5855f48c58f538bbe49b2c0d,13.0,0.1979,0.9168,0.0719,6.0,0,0.18317323223774282
00f52c5b42e09e93f2a578203d0865977a61332458952a4d9b3d679a0f7a90f0,13.0,0.0793,1.1533,0.0099,0.0,0,0.0515785502920734
00f541c3116c23524ec756ccc03705af097fc74f9babd7c5aa3918687c7f3ac8,13.0,0.0,1.0,0.0065,0.0,0,0.020263886945132575
00f55194f547a0b0981e1c46e6b830c4daa2c981fefd69834c7c934835f86bc8,13.0,0.149,0.9348,0.2251,12.0,1,0.3886346949229537
00f55255ec3a81212d5246be438d72edf2be8ae1fe3e06bfa9233f840ea88663,11.0,0.4402,1.1484,0.2521,2.0,1,0.6275435742142705
00f57bf489b5ef92ca700372719057354fdcc78d985b21abb65af0c5a99c9528,13.0,0.2208,0.7873,0.3143,3.0,1,0.5778633543707884
00f59a41bfc0ec0986cb330d401d611a62f791a4f25d25044f7401ed12efd704,9.0,0.3953,0.4447,0.6108,8.0,1,0.6929653474285015
00f59edc8752fe89ada9579e91b851ca2a18a07ae3e1c0ec427cef53cec3c8da,13.0,0.0,1.0,0.0066,0.0,0,0.023516553475718346
00f5c4c4c7894180020659989640cf9c9d1695f0aa498c277e3b0d9bf26d1acc,13.0,0.0257,0.0,0.0356,0.0,0,0.061055939408423736
00f5cbd6ec473a15dcc5469503b29a060941dc0cce6460b83d2e1708319d335d,13.0,0.0,1.0,0.0063,0.0,0,0.020263886945132575
00f5e13923bf92608a692942fdf900b2c06df99d0a957b8f9e958d568a13f0db,13.0,0.121,0.8608,0.0226,0.0,0,0.0482408755529707
00f60c663e70c7850c1d8d48a8c94009b83b195b82116659c5bfef0a6b5b385b,13.0,0.0,1.0,0.0104,1.0,1,0.053041686427171414
00f62cebeb3d658728e8f8fe0251c9d3e1d4b158d5998de6ce443b1e70a3b4af,13.0,0.0472,0.8818,0.4548,11.0,0,0.27960601142140384
00f63162232baf77c67e25c829b97decfa15ca3cff3a052677ba6102ecc5f541,13.0,0.0,1.0,0.0072,0.0,0,0.022280945636023855
00f63ae5180162fc8fdeb0ad1195cd749a39e69aedded166fdb0e78fa0edb306,13.0,0.1466,1.1461,0.027,3.0,0,0.022657940495467245
00f63cf5ddd7816d4d0ae2ac8738b7f69001a9e14fb73d69530c218e367511b9,11.0,0.431,1.8373,0.0669,2.0,0,0.36243153274136103
00f6414614966dfe6ac348ccd52d4b19daf623b32b768691f314394e1fda67c8,13.0,0.1608,1.0166,0.2477,7.0,1,0.40758098098013174
00f65c8e04ce58e96b6460dd9280ec3a1230e0eafcaf2c1e15533dba413fbceb,13.0,0.0456,0.9436,0.0118,0.0,0,0.0496572663107844
00f65e7ef9ed0ad3e214a19b4d385c2a29d2523ca944cfc5279257d026005bdc,13.0,0.0,1.0,0.0088,1.0,0,0.04702208224538105
00f6fd2e3136e34ff28cf625f3841dcfd528e82e3f8f2a6507e2a09e0207d8c2,13.0,0.0425,1.8629,0.0292,3.0,0,0.030997951484189216
00f6ff6d5620af136c497e107d694eab5fc840ece85e03e866e3d78c584b39d0,13.0,0.2187,0.6382,0.9731,3.0,1,0.6320613257332763
00f7523cf2e7fadca981716fa824018878e701a20b92f5b632bedc2ee68153d9,13.0,0.0879,0.0,0.0051,0.0,0,0.016660711694194367
00f75f1238e58d0390b7cd956bd4eb330e372cebba005219eda8aeffa88972c0,13.0,0.1753,0.9724,0.0471,12.0,0,0.040077089212832914
00f77bbf263a1c9a7ad7ab1faec67ebc88e8320a6570b32c5f866ff098091445,12.0,0.2019,0.0,0.0111,4.0,0,0.04199641974155019
00f78766e38105f2d619ebfa4718a20d8244af590c978d712192c16e5dd6cb2f,13.0,0.1393,1.1558,0.1267,6.0,0,0.2521915761053358
00f79160075a62a5c64ec20dd91ab0765ddaccd0fded89742dfc5314d38eaa83,13.0,0.155,1.1325,0.0448,2.0,0,0.030726538609063096
00f81704c3993a7b497e61e9a4df6aba00590f027a26e008d3e438c85dd51904,13.0,0.9693,0.3048,0.2578,11.0,1,0.6498669277842244
00f818189762974961f3789949feb68a2254132d8f63e88c9e2d6d62b4094c24,13.0,0.1669,2.0655,1.3041,11.0,0,0.6778346511014613
00f81996266ef515098c12fd04031ff68aa7e8b6701557c9e9e8335322417a06,13.0,0.1605,1.0044,0.414,13.0,1,0.4660102641116907
00f8422df3e792b646ee75dd6c5469e263f4f50cd90570cd2ef189818638204d,12.0,0.2114,1.2769,0.1312,2.0,0,0.4779629191785282
00f84adf1f5d54f8dbceec28885b036346a80880d631109d7c48d8a96af8d61b,13.0,0.0866,0.4216,0.0362,3.0,0,0.0177675492217983
00f872170b1ede84dc79d2393102cef605293467a786a1d2fcd7f1eabeaa5c30,13.0,0.1049,1.2109,0.0444,5.0,0,0.01876133725724792
00f879139c44783026373b5080fa1c24070437a8cebb14c7c6dc2f92a7b487ed,13.0,0.0,1.0,0.0064,1.0,0,0.023703382106237746
00f893184974fe66df88cff90c80119f245426599e60ac573e7512115bee5275,13.0,0.1922,1.9839,0.0312,0.0,0,0.13511030720472003
00f8b9794660524777233420d775a4b476395acc5e23c695b890961dd6467d5a,13.0,0.3346,1.5564,0.4422,3.0,1,0.720713045567946
00f8d8d6314f57ad4462ecdfa669e2c002c29b2d259b930111c4cbfcf25893d8,13.0,0.3018,0.68,1.3291,1.0,1,0.6994131943021089
00f914d1856b71f9398720798840f6c7c82a0a8a47bd3f43ea52165d92ef9407,13.0,0.4147,1.4118,0.3203,1.0,1,0.7073800308505603
00f93beec65d4c385e4e934778aecf95b18ad48585a65f1995e7d4abc09807b7,12.0,0.1239,1.0403,0.0268,4.0,0,0.01964852194072475
00f943eaa8185ea11d105d0756328ac8768aa804396563557179707062761944,13.0,0.0125,0.0,0.0082,0.0,0,0.02990386177236331
00f9461ee55caf9e02229b12cb1491f97f04499a44abcd5c09468ec54b9967c3,13.0,0.115,1.3114,0.0637,3.0,0,0.06280627926440761
00f9617bfa09c3a566d62b76f8bd8955f8a8e62df086894321542b80b12bbccf,13.0,0.2717,0.7015,0.6062,7.0,1,0.6055913294497386
00f9709aa5e4beb6505e8f6ed85519be907920280a2f280c57641532c912c437,13.0,0.0495,0.0,0.0068,0.0,0,0.01726728488519047
00f9853c690c6861de693f6b5bf9c3d58e8ba9338311ae936d93e281239db5a7,13.0,0.1761,0.0,0.4287,2.0,1,0.39375484250703047
00f9a53d59294be7abbe4d523770c28b4a52f4134a8183aac45a398ec87e0600,13.0,0.0,1.0,0.005,0.0,0,0.019980332496187008
00f9bb44f56384dfafec837ba21d264d3ed8a92e1318a28a5da6d67312eed169,13.0,0.0,1.0,0.0094,0.0,0,0.07006471872599379
00f9d27a7097c8f3c52928e4fc3b1d067c2dbde603343580bffcecc69e76a3a6,13.0,0.1655,0.6773,0.1778,6.0,0,0.3335982197790815
00f9d45a4062926ce7228446756ab956926344df2ea1ea9310fc34324a4cb392,13.0,0.6333,1.7142,0.7537,13.0,1,0.7910135747950277
00fa02b4d245e7337cd6bcf0752f3d2d4a46356feb8437a3ad8602d69e4112e5,8.0,0.1735,1.2205,0.2777,3.0,0,0.4397183083931539
00fa1d6056c3db88331820108440580b4b8a9d54f6562b4cd607f792a701f89e,13.0,0.0,1.0,0.0054,0.0,0,0.01978947117409603
00fa3ab58bfe0d109459c1e0e14531cc539c97a8d3e4fb43e6b919eadbf90f0d,13.0,0.5086,0.9839,2.7835,2.0,1,0.910424840119759
00fa4d74457eccd6e37b62efccf8a239d6e94737308335d194514b53a930eac9,13.0,0.1739,0.9438,0.0415,0.0,0,0.1159048721583889
00fa4d8e3b464e65ebb95769b34c15f2055513cc2eae09bc2f0f3dfa0812ffdd,13.0,0.0642,0.618,0.0403,3.0,0,0.018786278423585937
00fa60fc7a366d59273d643e8887b9d18e41b3049c805a639ee9f4b3f21db223,13.0,0.0333,0.0,0.0067,0.0,0,0.01712022606166106
00fa9924ffc14c9a8d087913068960c0b4498c65930c72f0378f141e6c6dc404,13.0,0.1441,0.789,0.0369,1.0,0,0.0242432194939084
00fa9eccd58537c2491b9dcc240b4c88db3952ddcbbca482b83f2653cb2d1e73,4.0,0.7165,1.1238,0.1821,1.0,1,0.6255341881037951
00faa26ce8fdfdcab4ea50ac8ddeeefba42244447f16d33a5ad90592225e89e0,13.0,0.0,1.0,0.0042,0.0,0,0.019980332496187008
00fab54b3ee3af1e9e95f585a010418d1f0ace412c3a5f4ff90ac91501cb6b58,8.0,0.0716,2.2061,0.0303,2.0,0,0.03527658537888192
00fb04a3391201f5b709adef7abd597f0033b4e0926f8cf25f217cd35fb7560e,13.0,0.1669,0.9723,0.0281,3.0,0,0.029572919655073634
00fb07626c99dedb9123d25ab004ddbb811f64314ea2133a2020dce5ab3d9df8,13.0,0.0799,0.0,0.0077,0.0,0,0.017565738014278208
00fb8431fa84e72e397ffafb0e681d0810aca21ec0a54f04b317ef494a86dde6,13.0,0.075,1.1307,0.0362,5.0,0,0.019142913087684912
00fb96a40674a8d9a1a8ee7266559babc9b1255afa1c2dcacd537cb882a427c4,13.0,0.1292,1.0988,0.0266,2.0,0,0.02207083802516103
00fbb7e4110cfd4faea11790c10ebff44d2ce899408fb387d4372ddbb615481e,13.0,0.1364,0.9155,0.0533,4.0,0,0.021179683070376768
00fbb99fe553b1f5029e7ce3f324b479c7eaa17e26911468401910c719e7eb91,13.0,0.0589,1.3724,0.1484,5.0,0,0.17322065220274963
00fc076b2df3d0025ef6b7233334359868fc1960e59c9526f09576b1827b54eb,13.0,0.1672,1.0833,0.0077,2.0,0,0.024445766543460767
00fc35170c3776af0b6a8a299ba47a576dbc18c9ef5e1e1731b5b19603d718d6,13.0,0.2244,0.7397,0.018,1.0,0,0.04107689975528162
00fc358bf9f0b1016fadb96be13ed9b322190c56faa13818b4cd2fb466608b21,13.0,0.3147,1.3236,0.0373,2.0,0,0.09466803291733708
00fc471acc7282a0b6b40a72664be2975751b0c5a1f027f4e101aecf822a0664,13.0,0.0,1.0,0.0084,0.0,0,0.05971407759621131
00fc5c9c8f1cdfa5668eb76e049d5739b168d2b6f3334a28cec4805d784ed97e,13.0,0.1467,1.0165,0.0208,1.0,0,0.027157689453104594
00fc80dc8d39bb21a8e43c78c4e8fd0719b97af77993a969982df648a84f794d,13.0,0.2899,0.5802,1.3228,8.0,1,0.763265753781877
00fca53515c77aeb57b5b324deb76e2cbca9e2f00b672f8f9b071d2f672a86ce,13.0,0.3741,0.4087,0.091,3.0,1,0.4848361926244493
00fcb858434e182776e5284a00882b1ea0e3bc4b17ee64536149db3f97ac8008,13.0,0.1528,0.8332,0.8034,7.0,0,0.43757465588627065
00fcce5d202a2bfc734fb93c5c39291653bd6f4f0c2c153132ac481ef3990acd,13.0,0.17,1.4172,0.0086,2.0,0,0.028763214372269464
00fd3ef18b582203770e6fbe5339d043e0bfb54ce85f36ab707556234eb7bd1b,13.0,0.0322,0.0,0.3807,11.0,1,0.24654543273193089
00fd50305dd9911f54ab605feef6b9f8883577feb2d8dfb37a89c3ad670b6a25,13.0,0.1529,1.0076,0.2425,4.0,1,0.40109469270218207
00fd832bb6e07606d6beb50df5448df187becd1c6b99df5a2e03b9e0969ad48b,13.0,0.0134,0.0,0.0058,0.0,0,0.01558099710817492
00fd8a218c5e928bcae43a0dc744937795eb7cbdd0e2f0bb05799596afaee61a,13.0,0.0752,1.2548,0.0331,3.0,0,0.018984468914736465
00fd9a41f69f0c3bb4e65db4b86bd03cfba6aa83f0d04b0bfabc0acecf3510b1,13.0,0.1122,0.0,0.0059,0.0,0,0.01752034685274693
00fda13eed91637e7648468b159a00b98d5bf951f07d6dd648867136a30bbbe7,12.0,0.4372,1.3345,0.3205,2.0,0,0.7228213046018874
00fdb1b02781350fe4ad15ccfe6e2f411f1892cb1813d18403891d125e729224,13.0,0.0843,0.0,0.4064,10.0,0,0.19488764955714236
00fdcc28a7427cc07d61dc80770afcae9731fec38aabba852f2704d5be46beab,13.0,0.2257,0.7407,0.0284,1.0,0,0.043725321894600135
00fdf7628a08ac43b7e238d6affe258e9cfc562e7f6fdd9a51ca5f5d89a25d3c,13.0,0.3037,0.5844,0.0947,4.0,0,0.3090535318498647
00fe182ca23f1cdf44121f2ceccc2a502001c7243009ab963ab4dcf96f3ebb6d,13.0,0.3059,1.6668,1.7183,3.0,1,0.8086436834128422
00fe1d21f4096751446de878b4e1c6981326938022f45f4598c32a910a11edb5,13.0,0.0578,0.4984,0.0183,1.0,0,0.02458759887401123
00fe1e9ce6e8f78757311a48e5af6c3a8ee45ce5efba9c1ea341181f8c6457fb,13.0,0.1635,0.8188,0.0637,1.0,0,0.08265843099511853
00fe2dbd037e4c1192950cec01847e9bbf22dd366c031437d9e4cc502f90543a,13.0,0.2497,1.7358,0.9399,3.0,1,0.6491028491890758
00fe3ad47c79ef57d422250f90fa8e71b0875d307af075aa167a355c3a7d96d7,13.0,0.0437,0.5372,0.0332,1.0,0,0.024911966345425283
00fe3fcd5fc5ecd92a3ed3e85384d56f0462fff04802258763c83d56d7fa5099,13.0,0.1576,1.2478,0.4122,9.0,1,0.4731118168711466
00fe59cd2e2145e0c9a2e0060275f5dc039dbade6967e0346bbb1bc492195379,13.0,0.0,1.0,0.0083,0.0,1,0.037720949013385574
00feaad2e050e7c3e46f3bc414ffc09ed34a27cec58f90e6bd674ae3d8b82aca,13.0,0.338,2.1424,0.2826,5.0,0,0.7239543811124188
00feb3fcc58d4e2e7644b154649e7209f46a185525c025e0342c7db62dbda437,5.0,0.164,0.9061,0.4682,2.0,0,0.3835126902739195
00feed637b44a18e6c609899720775915cce73d3ad12d8ea14741b117d4aaa1f,13.0,0.093,0.9343,0.0457,7.0,0,0.021788236835663093
00ff0318db25fa6af20422955a833844486f3ad8bf32b1b73b4b1a0be5f6820d,13.0,0.1101,1.3111,0.044,2.0,0,0.023862542373334433
00ff107bb3887982a4772bdec24b0abf936524c0dd9c46a4249df9ab3301bd53,5.0,0.7253,1.9838,0.2518,1.0,1,0.6936791568681265
00ff584537ebb42c5cc132abe4f896c5dec01b856d512e7b09b440a6bf392cd3,13.0,0.342,1.7044,2.6439,3.0,1,0.8853584976540343
00ff72759046cfab9b83fe0aac40c0bc0549d5cff9db3c13d272732f23740bd9,13.0,0.0669,1.0765,0.0375,7.0,0,0.023434884207678003
0100379d4b534a8aaac6fbbc492f290931a90bd078c316d990d7a12093b2d7ff,13.0,0.1741,1.004,0.3116,11.0,1,0.422079665570007
010038207f2ea4c6a874a2bd1b7a603fa412b3a45626d60abd333a8372fea4bd,13.0,0.1428,1.2333,0.0091,1.0,0,0.024558959285708407
01003d924700638dee8b7df901877245436666e16396dcbe5063bf023a14f103,13.0,0.1874,0.8895,0.0557,4.0,0,0.06250150387491057
01004143311cebfe374e0759c5b0d348a754cac32810f5624a547b4b1c24b1db,1.0,0.3359,1.0,0.1391,0.0,0,0.4112690518156938
0100b97eab1135b3402ce393daf6821cd031cf4fae8fd860e095e9eac6c919e1,13.0,0.0,1.0,0.0055,0.0,0,0.01978947117409603
0100ed3d7009216f7e1dff83b7b87efc1783430dc7f2bcab5c0f3b928d89a2f5,13.0,0.2694,0.52,0.4938,6.0,1,0.5856777890542832
0100f09517c1ba25f036d2b95310e2ac00c02871f583ae173aa0e8adc9046211,13.0,0.0,1.0,0.0055,0.0,0,0.01978947117409603
010120ccb78e6c84895ed8782d78837a3aa845b1aab6317e5aa20e07eabb2ec8,13.0,0.0625,1.2483,0.0478,4.0,0,0.02049575553657265
010122a8620c677345c15981ea849f0fb3491d4a5f99b19ed739235997b05f2c,13.0,0.0856,1.0712,0.0398,12.0,0,0.023101197646069972
01012c38f09005f86b990e3cb1cc9dd37ad63661224a1d278864a14355d6de50,13.0,0.1118,1.4002,0.0309,8.0,0,0.02077806286191821
01012d5c2a5079f3bbce8da473878aa3a57ada879fed2ec28baffbb1f2618cf1,13.0,0.1407,1.0776,0.0624,5.0,0,0.05227620834259735
01014a6e1bba3352e7afbb967ff27ce07076b5c6fc00d2bdcb91954c84a4d80f,13.0,0.0,1.0,0.0077,0.0,0,0.022280945636023855
010168f3d1b71b0fd66c331e19f00a6eea0be8f765f84f4dccb593cf87e696dd,13.0,0.1242,1.0083,0.0189,2.0,0,0.023015165713271793
01016c46eb747168f025727a271cbae7f94519ed264f3444d35f7dc54dcb4802,13.0,0.1817,0.977,1.4627,2.0,1,0.6738101551933284
010170401c5ee300bd702f84d6a3de3074a85af49765931c0c0642b6877daecb,13.0,0.0,1.0,0.0045,0.0,0,0.019980332496187008
010195083198cd662498f3a8ed610a52e6a03b5040fe3e3ce74d0e5959d2e3ca,13.0,0.0,1.0,0.0055,0.0,0,0.01978947117409603
01019d56551f5fedcc4e17635174a9ff0ced1a0b99f0c3bef790a8f8f73b4331,13.0,0.1512,0.8425,0.0157,2.0,0,0.02179828551280354
0101c5471a8bb1bebbf9779e58f699df82527e84facc7e9be4013dce5c3cb8cd,13.0,0.0717,2.1471,0.0418,4.0,0,0.02595483905254035
0101ce0fd48002ab8c1048e84976003b4aa739bd43233e06d6aa741f2e458b39,13.0,0.1499,1.0683,0.3268,6.0,0,0.4193633497852145
0101dd8c71ea1e2dbb4e21f0204d5133c4e58fe17e8f47c3ce10525a6962fae2,13.0,0.0,1.0,0.0065,1.0,0,0.023703382106237746
0101e49723f71dce8fe622f28c4701bfeeaa3c441f7369319504840e7f201fc9,13.0,0.1416,0.9106,0.0497,2.0,0,0.025671003197348847
01023560309b6251979ab5aed72e6f2660e45a27dc154ef53174b82261478e60,13.0,0.1705,0.8717,1.2943,6.0,1,0.588156275042326
010271bcb3a302c7d4632e76bc6a2dffa4bfee1944a28104fc735eb19656e120,13.0,0.1371,0.9177,0.0268,1.0,0,0.022610242902915974
0102d86451f115fb52d5b149d5447faf782ad84a370fcbf99cdcf868e6776176,13.0,0.1498,1.001,0.3257,2.0,0,0.3376580290841511
0102ded531ee2b6ff511cfbecbc303304402fc00b1e783943defe4a9daf5f407,13.0,0.3597,0.4545,0.3308,12.0,1,0.6491273607145852
01030de2f20bb1ef9a64d6058e6ad584d4318c350a300ae58dd6f330ffaade3b,13.0,0.0,1.0,0.0135,0.0,0,0.07704350507592042
010317b818cc4259b02cd7f4f4bbbb315b7ee800a2a35a030f140838a17522f0,13.0,0.4397,1.2476,0.5481,3.0,1,0.7573906025362303
01035d158e77f784deea27ecef0df10cf8e5b6d876b1d912697ad315237a39cd,13.0,0.1251,0.8783,0.2771,5.0,0,0.23373902290647097
01035f1b50a45d584c2578285447b12358573c7e91dfa9c7fbc4bf98741fc3c7,13.0,0.0902,1.6639,0.0407,3.0,0,0.021207664704227917
0103a9eb736c695daf761c9b7e7b704d0ce061a687a8203be23ac21b307454cd,13.0,0.1687,1.0628,0.0267,3.0,0,0.02929171132304279
0103abd72c2bc98be6e019bf493382cac8368619ca7254ee5390303a6e7121c9,13.0,0.1466,0.9398,0.0266,0.0,0,0.056425060082284206
0103c1a63269ebc09a2bdebf1ee8bd2c819010489807b1acfac84109b3ee22a7,13.0,0.1539,0.9961,0.2998,12.0,0,0.40650964048481547
0103c7f79b92532b27ee39c5ec1f43d07fbecacc614b32f59fe69e626805f8ac,13.0,0.1524,0.9159,0.5027,7.0,1,0.4079115341212789
0103c86a7e5c29b329409ad94abfaf38f76056e4ab3b108bc9f4bbcc7f91edc8,13.0,0.7473,1.5766,0.1012,6.0,1,0.6426667122276493
010403ea5c75a983bf5cdefa05058151a5f275873ad5df184c3af3521233e414,13.0,0.2669,0.9901,0.8919,5.0,0,0.6250483329056638
010405eddbc7d4853bc0e195a5c794aeb4db421d5c4fd261aa84e0ec96dbbbad,13.0,0.0635,1.0697,0.0488,6.0,0,0.02206106751785567
01040e3b4b526d57e237b33e79929621ff0ca8724f705e583e8550dc96171871,13.0,0.1344,1.2959,0.2058,3.0,0,0.33321720451365566
010457b34c9007e982107de58fe37526a59720c1b63f503cfc4d6c75449e0c9c,8.0,0.1231,0.8787,0.027,4.0,0,0.017235233617935993
01046dcf5fc908fc2b9295d8792ec8ee874470ca13596e12c5a6cbe08a868ae5,13.0,0.0731,0.6155,0.4026,3.0,0,0.2007606435593942
0104c30a79ba053d0dc4c63475781dc53e8cc60681a26e4c4d0824f0bace1339,13.0,0.2849,1.0876,0.3456,10.0,1,0.643151029557082
010515e5264cfe1cc72dd68192f54ebd857e9754dfa50184fd53d874cd08865c,9.0,0.0,1.0,0.009,0.0,0,0.07006471872599379
01051dfac777938d07b99e0461f42424aee034ec362bb67b89c6a470263e130a,13.0,0.2925,1.0759,0.1634,5.0,1,0.6415950724247833
0105357bb7f7b6826ae30a91ffff9d66bce4a5b539b93f7cd8c1e999734209c6,13.0,0.0614,1.8009,0.0398,4.0,0,0.02201957299570453
01053a78084101c9210317ee0c8085cab5bec52fef2b1b7e70ab4220a35143cd,13.0,0.2555,0.5251,0.1109,1.0,0,0.26750814973892284
010541f08245ef89cfdc390eb0a41fb1250e876ddf944dcc169f752df59286f2,7.0,0.0,1.0,0.0093,0.0,0,0.07006471872599379
010559c240dce0c5b5dc9ca321209a5789f2f41445f5bf80a59aa9ebb0c1e337,13.0,0.1526,1.1028,0.006,0.0,0,0.02457435939942917
01057fdc1d5bd68bf1f87ad7da235ebf6f13580b1858ccc8b3316ce082e5fd6a,13.0,0.0,1.0,0.0087,0.0,0,0.0668791263085046
0105b724cd1b668b7b41cd2a3c6497123e271591b37a6f5a25b602b9680bb0a8,13.0,0.1581,0.9909,0.0214,7.0,0,0.02268524884900567
010626e8fdcb3bce8e6bd6d34c841080fef1c0981f23c08c92a172a5dbd9e7a2,13.0,0.1484,0.0,0.0047,0.0,0,0.02681674342264702
0106356436c78eb038848009d46aba9b87da437748e40488ea6457d729959fc3,13.0,0.1929,0.0,1.8007,11.0,1,0.7988236793477048
0106bba91b5e161389b23c3207459bdb0f3215020aec8d769ddbfb3c607b431b,13.0,0.3322,0.6884,3.0433,3.0,1,0.8812386430573744
010741b4621adf84504a13ff4d2bffe7fba4d4f9cbcca4cb9c8e755e9595ad3b,13.0,0.3425,0.454,0.5991,9.0,1,0.6520807737588008
0107a51dc129e34b993496f7ee0092e17ccb8c80b1a786779524ef9eb997755c,13.0,0.1718,0.5804,0.0331,5.0,0,0.03119720137393389
0107a697461af2c3d4f1329eab68809370af24ed4d5b8454ea33870436ab135a,13.0,0.0,1.0,0.005,0.0,0,0.019980332496187008
0107eceab193555985db0c2043f959cc360281da8f7db3fb99eda5f8d1e59ffb,13.0,0.1646,1.1346,0.0176,1.0,0,0.025887800993549197
010875e4495ca5998fdcb67e1c2d0b58813bd27c0fc630a209f46812cd583d90,13.0,0.4798,0.6513,0.0676,7.0,1,0.37435628245991753
01088e66fb39ace9d3a6f1ef93159156706925183f8c4e057a9bf890fb700c7f,13.0,0.1627,0.9319,0.0113,2.0,0,0.02353872706485531
01089cd42076134d91f310ee5ae1f439244eb4d51fb001917a0285c699cd8c95,13.0,0.1233,1.0513,0.0651,4.0,0,0.04757304657624751
0108ca2734d6d346a9c3104df26918793f26f75562e9d23c50d73c71572270ac,13.0,0.0,1.0,0.0079,0.0,0,0.03633201737750049
0108d27c3f26fc508ab4d2036e45ac1c69bc3402ccd9d84e75e89cff89bca611,13.0,0.1029,1.3585,0.0296,2.0,0,0.02302193643028118
0108f769141d75c4af041feaf2cc0dfc7b508a11ce4014dde5a16361cfe4b586,13.0,0.2001,1.1447,0.7111,5.0,1,0.5883703384235127
01090974a762c591d96905d0c71324b55ece1f1bd71903babe9e712a117c9a50,13.0,0.1411,0.0,0.009,1.0,0,0.024499139065640295
010924b95c0cd9994b927ea07fa6e77657f0e84ed70a9a05b0e4b287726ee8c5,13.0,0.9107,1.2729,0.0276,0.0,0,0.11284234699294803
01092e1cf67bd44eab260a0db24f74e1151a562af4c4e9b31d7c5e8d31e2216c,1.0,0.0,1.0,4.4233,1.0,1,0.8244618231249173
01093a7afb86f67563e295d3377b533371c91912b9b2c69e14062f8f89f990aa,13.0,0.0994,1.263,0.0309,3.0,0,0.018647797480600234
01093ac3be1e89e7f7fdb393891bd69ff469a3c0eb33557b9f98cfa1ed48488e,13.0,0.0817,1.041,0.0508,2.0,0,0.025969356419761933
01093b2018d0864cbfed64c0d8a3c9715e39804bf97150ff18e0810bf6e80718,13.0,0.18,0.0,0.743,11.0,1,0.4538531567247851
0109461e283212175bbfedf03363638d5a77b03fde2d8c6242f8ef977c8e4f3b,13.0,0.0277,0.4509,0.0185,1.0,0,0.027702829801458773
01095c424a9dc6baa3fc239cdeaf41e9c35a3a3da10e1fad905de11b3e6414dd,13.0,0.2628,0.6812,1.3278,7.0,1,0.749915260409626
01096ba6a9489db61010bb4636bccf17984d44c48cf291218b77ad5a93627ca8,13.0,0.2956,0.5815,6.1051,4.0,1,0.8813632603089516
0109aca0d44424658f42b55f7f1fb2e729627904ad55c48ae0bb40037800167d,8.0,0.1948,1.4016,0.0553,0.0,1,0.23029321835179456
0109b14bcb1be252756de7eae05a28e58acff7b37c1bfbff7e83f08403ba4b06,13.0,0.1611,0.9934,0.2002,4.0,0,0.3616639036228729
0109bc5b5356fdc2514bbeebb05ebda531d420f2c2cebaac64ec133a7fec8574,13.0,0.1703,1.0483,0.2902,5.0,0,0.4136727357809394
0109c236cee77f9d3e7b85f9723c88460c2df5de19f862cad381a13189a4b743,13.0,0.0,1.0,0.0048,0.0,0,0.019980332496187008
010a1589c8ceec56c820bc7e032b3980a0ea9e07489d42b868d9dfcad913036c,3.0,0.1711,0.9564,0.2482,0.0,0,0.3063373518665884
010a3004643bcacae1ddc0537665198daaa661c8f7caa7a7e7665fd36a82a42e,13.0,0.133,1.0256,1.5017,10.0,1,0.6439507139068175
010a3d4f493f5ee2bbc1ef52af632669f0ace01593fd96e69c65dc20e3c787f4,13.0,0.1212,0.0,0.6187,12.0,0,0.27317093060620634
010a53c5b7685eb33f9d883b1666397ac51b882ae5702b96e0bab87a84fc4d14,13.0,0.172,0.9724,0.8083,8.0,1,0.4346018117543173
010ae0023fd6697acc61547dd4e4b6311c051d2f6d9d32c0af02f396cc2b26c6,13.0,0.0,1.0,0.0287,0.0,1,0.10121537159590221
010ae55103c79fa7ef6ddbbe6005720ac41778fca693dbe1cfaecf087242e66b,13.0,0.4961,0.9355,0.0125,1.0,0,0.05951894764837226
010af77624d52d4d8250866d050458fdcb9297f769f84d217f4357521f6b1715,12.0,0.7367,0.4034,1.7841,8.0,1,0.78294985871514
010b0d03c11189efce92b6348821f8b30af0c9114bbfffeda346e07582d79082,13.0,0.3138,1.5508,0.735,2.0,1,0.6586842786117996
010b0f4554353c740f63748a1889f714e5605ee90fb797fab2ab77760ff2fa9d,13.0,0.0837,1.0783,0.1693,4.0,0,0.19563532445226545
010b662c695eda15c35650195c0dbbb73001d9b038be570a0422e36e7e66cd88,13.0,0.1407,1.0629,-0.0004,1.0,0,0.023059484390988406
010b80f62a5c557218fcfcbdff0b0fd617b560938c527e0b6a3b13dbbc799326,13.0,0.1998,0.7852,1.2729,7.0,1,0.6841408085382585
010b8b849015c9d6b20dd19f320ad2fd1a37d979b839a91c31777af7d97808a8,10.0,0.1957,0.8393,1.5615,1.0,1,0.6259493306412725
010c1103aca85e473784591ae9e72350bd8649acb04ba3bd547255a0bbee26b5,13.0,0.0,1.0,0.0051,0.0,0,0.019980332496187008
010c1dcee4add5bf5d707bd6f7ce42b2f632cc96d2649c660624ae4001a8af8a,12.0,0.1183,0.8894,0.0651,2.0,0,0.04779297222629084
010c4cb0c47d5da82a702afe53bc522fcf25eac94f9ee9bafdfec14732a04ced,13.0,0.0,1.0,0.0098,1.0,0,0.05187563026111525
010c560de0c8788625d7fd193e7157b7c21f851060a209aa3983f6ff03bc0b73,13.0,0.126,-0.7358,0.0491,2.0,0,0.022709635015850216
010c67b4fa16e5182d5906dc0002eb8f3e454d9465def07a19f184221cece57d,13.0,0.0894,1.4728,0.0081,0.0,0,0.037500222451800375
010c9567829fa1050d7110c04a2f20343605d5243cc324afeb6ac4914327c62a,13.0,0.4006,1.1387,0.2107,12.0,1,0.6537971614190365
010c9f830539a025b6c8e74ac3f23759ec7166a28303666b96efbee38c1f4b37,13.0,0.0,1.0,0.0062,0.0,0,0.020263886945132575
010cb5b11ed6501c817f20079457507abb55ca71a782498d03945460790ba01a,1.0,0.0,1.0,0.0068,0.0,0,0.02219398911428473
010cc86c8fc984b4b783acebb80a1edcf9dbed786d18d7fcdcfd8ecf12222c1f,13.0,0.1539,1.0121,0.0063,1.0,0,0.01824796399275974
010d7374b5c67bb54d5365d4b38d579287810c6ab22ca5d639c49c462ac404b4,13.0,0.1376,1.0752,0.4558,8.0,0,0.370723693649796
010d79d6ded98b7d5e59e035d343002d76e60f6f72ad1855739f1cfa1f8117a3,13.0,0.2296,0.8157,0.8057,4.0,1,0.6378264264985238
010da2ad6c572b25cfc0f431ba43990800c569efff67a7b6dd5a3aa63c45c50a,13.0,0.1061,0.921,0.1255,13.0,0,0.15322835432205217
010dbcfda2e35c7453b3f8c89c2b21d45c4a503a63b9abddb76aac67afc07be8,13.0,0.0496,4.0267,0.057,2.0,0,0.2293703832599985
010dd18ce3e6ef9349a80b449b840b099637e09756623d155e51999b0e3a8e4a,13.0,0.0,1.0,0.0096,0.0,0,0.07447578192254842
010dd652bdfc798ede523f19d11250a4bd58866d3e8895f0b832c7e3d0997abc,8.0,0.2165,1.2567,0.1971,6.0,1,0.5692857629818158
010e29fdf36484fd685fff4d509a9eec3593b78714ca139740176693b7567aa3,13.0,0.1157,0.9087,0.0477,5.0,0,0.019465680523642566
010e34f7cf1700b5526bf482492c75d4b02aad321d93e6fa25f40a4aa238045b,13.0,0.0891,0.7823,0.0245,2.0,0,0.018714039200383125
010e537aceab945dfcfaa17128e7861e4bc30fbec3bd2b508e1e7122c0e98cfc,13.0,0.4544,0.8141,0.3934,9.0,1,0.7245981200903364
010e843f343b5567ef498d2a7ffcd161e033b738c3a66314a132052cfcd0583e,13.0,0.1345,1.3076,0.0447,8.0,0,0.021865443476817535
010ea0cd602ccb05bafe9fcea443139d839edb5618cb9041f62d499a26c4dc24,4.0,0.1543,0.9268,0.0836,1.0,0,0.10356863374408004
010eab4a14997133ceb2e8481d7cf657040a447b2bda6031de58a43fa399624b,13.0,0.1844,0.9401,0.581,5.0,1,0.496658880559452
010ec9a29d403a978f04999a9a542c8bfb3873e47468cfcf82753a058b32c44b,11.0,0.1739,0.7474,0.0883,1.0,0,0.12266195818747566
010ecdcf6ecfeb9bd846b9a784ed8ec4a431120939fcbadc392d166c62b27434,3.0,0.1552,0.9845,0.0659,1.0,0,0.07978430300046639
010f00e379ae27b32c70bceeeb69fc7ebeec4154f57e07c17e75001d36d0a526,13.0,0.5416,0.5048,0.1543,6.0,0,0.5956368073956914
010fdb35af45423347a0929c58e018f6ba2caf806cd20a17df20753e306dc4fe,13.0,0.092,0.8888,0.0373,3.0,0,0.018070880299199434
01101064d645621ebc4499a6eec1d788be588187988359d1137e9021c7cd99d7,12.0,0.0897,6.6981,0.0474,1.0,1,0.5462516324830767
011033f8cbeb8e38645388deb5b50b7d1434a5d5f32562213a8ad71bf7e2a578,5.0,0.1649,0.9875,0.039,0.0,1,0.1483553477278379
0110447cebd2c619079342b0a10ef31a0e9d71bfb03f2246db71006a6c237642,13.0,0.1492,1.1229,0.0056,0.0,0,0.02554934417712088
0110542ddb0934d95c9f97d65a36df6fd329c9b9fa1e24c9b7e00696c675021f,13.0,0.1676,1.0627,0.0085,1.0,0,0.029751421702025226
011063e1d7f70f68e58c5aad319be437d497e9b087b5f1913be8b6e87aefb8c7,13.0,0.2698,1.4393,0.2044,4.0,0,0.6143413993034094
01106da06e2b3be37c2ffae6a4715dee171624eec684b7fc1f8ca260e70d4eac,13.0,0.0,1.0,0.0059,0.0,0,0.021280478197017946
0110b661c77d183f85440bf60d457ed31eb3360aadb70dc5a1f981d8b2ccaaa3,13.0,0.2248,1.3612,0.0384,5.0,0,0.04992190451192848
0110d792e25f762d766a49d5c5715db8677a773ef1a809ca66f7ba21804074f6,13.0,0.1469,1.0395,0.0284,3.0,0,0.0247791284795967
01111ee707d81ce52d74f34fcf551172ab912052cc91fa673b1af873e9f3aba3,13.0,0.7911,0.292,0.0773,5.0,0,0.3901096319735634
01113f0da66e80ee625f27b7b8a728f43bf7c9643acffac3c40e1a3fc53641f9,13.0,0.0729,0.6539,0.0628,6.0,0,0.04495019988304977
011194ee8ff8f7d4236d4e1ec1d8f59d5ebb7182eb78f03de5d053259ca2a676,13.0,0.0832,0.0,0.0569,1.0,0,0.04740427936374271
0111b35dcc0cf5b867544874a8d91db7a0086f63e2d8091954a8bd5115796ab5,13.0,0.0,1.0,0.0233,7.0,0,0.0450475029307242
0111c7855c349ec38c565ed54fd8e66ae15abdff28f553782d012ad5f6770794,13.0,0.0979,-0.3973,0.1281,11.0,1,0.14126492770292304
01120c924fdf101a630f498fe80441d8d064c6c0cca6ccd787a297cfdc6b0dc7,13.0,0.2713,1.7654,0.2193,4.0,1,0.6265971084736629
011243d9c6831f7b7f6b877c7502549bf8df2d85d51a2ba2455adb92b608d77f,13.0,0.7007,0.957,0.2947,4.0,1,0.730291976815002
0112645b1e7fee5f242b5cb62150763e0673a303d8e658de7b98164acb8c48cd,13.0,-0.0014,1.0,0.0238,3.0,0,0.030176100127426858
01126f9885c085f8ebd887df78b0c122be3408a4f83e30fb746ed19ad7264943,13.0,0.0,1.0,0.0042,0.0,0,0.019980332496187008
011290e594eb00f42ad0230d0c840f58500936eeda47154136f2f423830c5999,13.0,0.3666,1.1593,0.0983,4.0,1,0.47467186526078897
01129e8f434cdb43be7f2867e164afdf323d2a39fae012767595564968c169d1,13.0,0.0,1.0,0.0154,2.0,0,0.04726716098037076
0112aa5d0ab4565b78277e4ce3582cb2e679f4d7441af6e27652f2bf8fcd70f5,13.0,0.1956,0.7817,2.261,6.0,0,0.7558303462480843
01132ed8b0a3ffd9a974efa378469da3c62e8db4206d25359d074d069edb7c43,13.0,0.1442,1.0622,0.1958,8.0,0,0.36472489654939155
011333db306fe2b450cb6d19142983a2a303988190b586f641db794aa5c5dd50,13.0,0.1351,1.1136,0.0364,2.0,0,0.021956513802842182
011387a8120419617250df8ca8af1d03be66e8e2912736f183e3060f43c0d098,13.0,0.0,1.0,0.0065,0.0,0,0.020263886945132575
0113dc718ce02cf1922c85aff3c5926f5edd8a4a47bb6913bf04ff72303cb298,11.0,0.4961,0.4806,2.3002,3.0,1,0.8130876845714041
0114146ee968c96ea124b98c249cb042feda941c843d87c1e0f39d1a0b8f102f,13.0,0.5088,0.5674,0.4743,11.0,1,0.7059622707619175
01143d17cc66c97be7e41a4be0a0917424cad8be80c9df4d8fd42328929cd284,13.0,0.4024,0.0,0.1173,3.0,1,0.5045291997669928
011452e0a724150fa36105ee90332eb4446e0a89d9db7cce6ba6ff310c797768,13.0,0.1661,1.021,0.104,7.0,0,0.2509902218876787
0114781b1c4c278504cc4e28f38151f103df2a96ab7075d74f135e07d50aa7c7,13.0,0.1375,1.0604,0.0145,3.0,0,0.020616915381250232
0114e30e858895de49729eaa988d426be3ada1f2b0a925f89ff71cf5233c8aef,13.0,0.102,0.7979,0.1317,2.0,0,0.10807646592066619
0115363594dd8d9db80707cd719d0b34495e3255170108ef44b3dba3478dc0c0,10.0,0.1433,1.1003,1.6281,3.0,0,0.6515493101692872
011550ff97633ac9a755f093c142d6444fbb5787af1c6e18d32fdee6ea164145,13.0,0.1479,0.7978,0.1386,1.0,0,0.19103377241780617
0115601d976c3676e686b32183fc3fd5057dc037346ca3cd8c631e749df9c1b4,9.0,0.2856,0.6043,0.1051,5.0,0,0.3888394716853647
01158249ec3df0fd12f45bb70643a2b328faf780921e293a832ca0bf29c52ee3,13.0,0.0,1.0,0.0057,0.0,0,0.01978947117409603
0115b6a97565a551e6780b07bfacd2f91e8535b2ef7312ea9b506cfb6481a1f3,13.0,0.6046,0.2835,3.4136,13.0,1,0.8457561217072506
0115c0abee5b010bd37446efe5aad6ca4d9dbcc880282f3bea554d1edb80f9dc,13.0,0.1673,0.9581,0.0102,0.0,0,0.0547238184951384
0115f05dbd68ee7b983d1727d82d965bc3d7953f16d1a93abd956dd548a182e9,13.0,0.1243,1.0337,0.0364,12.0,0,0.0216977486234954
01164f5685832517b6d1290168bac6e86b8ba3e0edcc56fc87c075805efd5e26,13.0,0.3217,1.9026,1.4199,3.0,0,0.7716521530821775
01165a0cd60cbc580d702b66f3037b14db238582236a137d0bb477aa577b6580,13.0,0.1326,0.9471,0.0441,2.0,0,0.023229758231855455
0116957c7c81f7fa2241564251629ab3035c893a977ce8f4d46cc9e934331ea9,11.0,0.1753,0.9992,0.166,9.0,0,0.31023900063662657
0116ca9336bdfbcfff43fdfdd6724b446e108f82562f1ab7ebe8133b625678c4,13.0,0.147,1.4444,0.8338,13.0,0,0.5955724637079163
011700434b040cd6259a7438c6cee624a07bb3f7742536007751d2060c21d912,2.0,0.2733,1.1601,0.4243,1.0,1,0.5793716747296551
011716311fb15d39c8a3e89224194e04293254821697ecacad841ad0a520d2df,13.0,0.3469,0.7668,0.7184,10.0,1,0.673952146684229
0117247b2965026ed325c06579618c6150fc06922b31eccff48b33f716735845,13.0,0.0,1.0,0.0081,0.0,0,0.037720949013385574
011760bf57f035da4f0c2949f6e9f3098adf3f60a8336425bc778b9793a59df0,13.0,0.0551,0.0,0.0056,0.0,0,0.01572805593170433
01176854c73980b98711b8a6b682dee6f80802bf4b0027138c65febe8312e0fd,13.0,0.0,1.0,0.0055,0.0,0,0.01978947117409603
0117e3c2d27eb315a9c8f1be5ac18dd93cb18b08ad5ef0abd9f65552b387e1ad,13.0,0.1121,0.9752,0.0596,2.0,0,0.050319989758500515
0117e4738f9f2eb9c817b682588deb2284532d76a0114d4738dff6e9c6a05080,3.0,0.4222,1.0796,0.291,2.0,1,0.6811503268053776
0118013c20f942d94855403c3891eddb5f78204689af0e044d9d791a96ed4948,7.0,0.0,1.0,0.0318,0.0,0,0.09814160875743351
0118450372073c86bb4bdc33b46a90a599aca8e5cd7487330c55848594f68839,13.0,0.2751,0.6402,0.125,2.0,1,0.47237267974665736
01184a9dd011fc1288c037c1ba6ce0659112935ca7df9d20b9cc20a67cd9e8c7,13.0,0.1437,1.1202,0.0252,1.0,0,0.02454873868043058
01184e94fca644733ac810a6a88b02f03ef682fd260e33094532af909ecc031f,13.0,0.1801,1.0097,0.7258,3.0,1,0.4781654218839113
01185e37327713990e4e0ccaeb730bfd9576270d85a84fea05b5a3d0b002e8c6,11.0,0.1536,0.9929,0.6232,8.0,0,0.4396728272915507
011889efc704a140faf6e9806e324be78c75838283aa487f48495cae8475c521,13.0,0.0722,0.23,0.084,3.0,0,0.05720451098386467
0118a39c83854dd2bb96d89cb162f36d935d42cd7cbd80d2111e826826840e28,13.0,-0.0046,1.0,0.0422,3.0,0,0.029882793950869405
0118ba19cee78d3882e6946eb647617e597f0f9799956f2977a99017151b0afa,13.0,0.0396,0.0,0.0057,0.0,0,0.01572805593170433
0118ca1d859189b113c769ffdd3c6e10655820bc6c0c7f231bfa20e2b6f8b721,13.0,0.2361,2.8514,0.0818,9.0,0,0.2640829079243437
011908cc581a8f3476854f4183cc6744be6f81fc5ed97f1cca78be274d554600,13.0,0.0,1.0,0.005,0.0,0,0.019980332496187008
01193d0fcec8c06f51235bc8f67059cac7dc03a9164d14b0693a04614fbf0504,13.0,0.18,0.9387,0.0303,3.0,0,0.03252704868417114
011963460da60f4b6e1b9f876b9f7c4bd18264033e51a0ddde05c3f8375ee669,13.0,0.2555,0.9244,1.221,2.0,0,0.5595732698772515
01197f89aab50667a1293b95deb32f54e45cf410a25aa05b79d80f1d65b838ea,13.0,0.0979,0.8037,0.0178,3.0,0,0.017916631370138675
01198fef9e603a42f9f906d1e1d0a5635128daaf43687c71f5304d79f2a30dc5,13.0,0.1761,0.9969,0.0166,3.0,0,0.0371538878390454
01199c054377971e2a17034c87a2739d7c854df75af9da6e1220f5507614157e,13.0,0.146,0.8378,0.07,3.0,0,0.08049807811209277
0119a3c9e813f7ee582d21ba678361c3bf3db441773ed343f80821371d50cc81,13.0,0.1627,1.1381,0.0282,2.0,0,0.0234028314028095
0119c81cbf6530ff4e21bdb8b8850438d67a36d5b56a52d99bc2f102a657e270,13.0,0.0489,-1.0124,0.08,3.0,0,0.05911746793543401
0119d38628b2cbdd040605a61d119c08b3d5c73481b1df64871b249c0615d512,13.0,0.1264,1.2428,0.0778,4.0,1,0.12408282957462191
0119e7d5ea6feab5c8b44daf7a5a7abb34898df39e729f1fa896271e5be5253b,3.0,0.4757,1.1666,0.4724,0.0,0,0.46951719940267805
011a1e12fa59366760c3c4e9961f9c8c458fb0a1c3ee92f49106644e69f6b65f,13.0,0.2241,0.7485,0.9594,4.0,1,0.6469090391708404
011a371bca91cf25ab1ba3c8d10d47b1a3a3b9946d262cb1e7ff395846856814,13.0,0.0909,0.6138,0.0203,1.0,0,0.021928385775452162
011a761167ce7b1b2a265b1823a56a6afc922591421c1cd706703c8427dbb189,13.0,0.0835,0.5989,0.0339,4.0,0,0.01709444608035774
011a9a2c386185d439d41d25e5b958c10c6126ae4e0a50e262a9dd70730b67e0,13.0,0.13,2.5811,0.0687,3.0,1,0.3252679087446756
011abd40f5bd1c36fb8485d00d03d78aafff6610b2b3d84fda79748d0a793c88,10.0,0.6033,0.2036,1.046,2.0,1,0.7088588087530548
011ac25109fd14c18556fe5c91dcc178b6fe6b155b589204cabd95d864b2e2e2,13.0,0.0,1.0,0.0058,0.0,0,0.01978947117409603
011b0bf4db629672cada1f25d379ce47afaec2d5f1374c1265e7eb28a332b247,7.0,0.0,1.0,0.004,0.0,0,0.019980332496187008
011b16be0711169359a99804727d0624a440d36732aae99cb88f5138c7d9ae54,13.0,0.1283,0.7896,0.0199,0.0,0,0.047687053969463024
011b22a7ddef0104035ddba71bdb9c176a81308c8c264f49a38c78b5db2c57ca,13.0,0.2169,0.7973,0.0104,1.0,0,0.03830194432869367
011b2f704b9f90b489043e01b7fd6dd0d992ed9c772c0548ed4c3533f772da54,12.0,0.3245,1.1773,0.6254,2.0,1,0.6105417859635246
011b4c495b8473a96de78276d0b2359f5462ec72db5c77530ab1a7d3b4d76724,13.0,0.354,1.4891,0.029,2.0,0,0.11153815333710457
011b7a630db24024fd80e5a59ec5f6ac96be644665868ec5d247b729f8f0974a,13.0,0.2977,0.5894,0.3902,3.0,1,0.6335595233793337
011b7b955db8eeda4701aa66c3c9ca3b4630ae20c251c04e07be5092bf6d4f97,13.0,0.1434,0.9658,0.0234,2.0,0,0.024278637120576076
011b9cc2f968f4770cd145816401ec21296fca08f762806587ec8e7b409faed1,13.0,0.2002,1.1556,0.1381,1.0,0,0.44198159220892175
011be6c1ad2bcf5b5c9854ced7d8895819c23e188faf09edbff781484a6becbb,13.0,0.1593,0.98,0.0175,13.0,0,0.0248171076413353
011c52ddc32a06e829de907f09fec7bd0e0291dee545455d92b348b28df02599,13.0,0.5732,3.1367,0.0836,2.0,0,0.3328815438600345
011c59a8a1bd20f9093a9c571ee658dcc9563aab6ecec4484abfb7a30ebb1da7,13.0,0.6712,0.6611,10.2532,5.0,1,0.8895066502614302
011ca2f88af77bacc62bcb4f9b542628d532471e007b5f8affdc3bad148ad390,13.0,0.3967,0.5737,0.2535,6.0,0,0.6087306751562428
011caee78c8dd325063eeea97092233b002ad703050ea7c594c80b4175f2f7ec,13.0,0.0,1.0,0.0068,0.0,0,0.02219398911428473
011d312d5a25833b86bbaed63b22a598db245411ab4ac6e15afeabd7428e8f9b,9.0,0.1682,1.1005,0.4237,7.0,1,0.4360563717626176
011d531f608afddd758bce447bcba8e5e3044aa3324b2147d20205afea1eb9a5,2.0,0.3627,1.4522,0.1592,1.0,1,0.6290410128409804
011d53ef581886574ca81404ffc85b714c59c9fd22c96b190328acbc20fd8af2,13.0,0.0,1.0,0.009,0.0,1,0.07006471872599379
011d73bc1432158047d35671e1019b49826eb56408f8ead46ded583529fee043,3.0,0.228,0.9921,0.4969,2.0,1,0.5590660287664582
011d861d51bbffc6a3a2c3295fb7e757f0b195570fdf584ba740a20828b42c66,13.0,0.1546,0.8368,0.1176,1.0,0,0.16007352720579882
011d8d114d72733c5bf609d12cd6272126a370141340ab0c7ef19b659f54926b,13.0,0.1851,1.7243,0.0335,3.0,0,0.04897580813890822
011da822e659f0b22bed9a3292f2ba1545355f01765b6c19683e18784e9ad8fd,13.0,0.1655,1.0521,0.0286,5.0,0,0.023353569740132186
011dd1d1082105ca0eb94ad3a1a9037bcde2e96ad268e4d1680d448fe9ef0e8f,13.0,0.1519,1.0373,0.033,3.0,0,0.023975316063942178
011e1c66660f838d2636dc50813740132c27ac44db6b7630330e1c5b82fc7953,13.0,0.0878,0.8711,0.046,4.0,0,0.01765725342326863
011e7fa9968961c0c3b5fb6a095f050198729ad663a2ea72ea14f6903797bd66,13.0,0.1732,0.9352,0.0428,2.0,0,0.03147908894351886
011edf6d66710673aef59b65469d573fddcb975aaa76adf287a82c309ed318e8,4.0,0.7298,1.1755,2.0725,2.0,1,0.8629355488794029
011f1b79c2d4b11416be284f2dfa09a613fcd103bd33f89ab4c25fcb4b0adc28,13.0,0.1975,0.8616,0.0551,5.0,0,0.058264803586923514
011f35f0a9bad31c5d4e2467e25073342e6a15adaabd0b0205564a6301342b96,13.0,0.1261,1.1313,0.0242,3.0,0,0.01954562724629646
011f3735ae2b2990907b49790e8f1b1e0b79b9609e35788d23578b870210902e,13.0,0.1737,1.9011,0.0298,1.0,0,0.034466690439725195
011f4168e412525428370376921e2f199780ba0bcbf6fefdb8b4bae76113df88,13.0,0.1254,1.3927,1.5364,8.0,0,0.5997918190737141
011f59962ca72831fe78d60132d30078f9c53f47c60376849e93e9595617aef8,3.0,0.279,0.6763,0.0591,3.0,1,0.19009368290388617
011f65edce67b2ab844e449dcd89c1f15a9100d6b09db7d0c13d71955f7b99b6,8.0,0.336,1.1649,0.3012,4.0,1,0.6819785652921247
011f8cbee794860713188b5182ec500c41e7803e8c3a4c7a7c4cdb56766d79d0,12.0,0.2831,0.4349,1.8972,4.0,1,0.8437597214561444
011f9ce3c6cfebe58033ab3fe4fe5475be8682b1f54b5af8a14a4f03c71688bf,13.0,0.0541,0.7424,0.038,6.0,0,0.022745770387281226
011fbb37efe8587d51a50e842e03d745c4f48513b1c7c04d54de5d92aaa2f03f,13.0,0.1157,0.4797,0.5957,3.0,0,0.23707654851039034
011fbc96d03bf1196ffbb3fd3abbb0d1db748960e37f74377679d999ef7dc5cc,13.0,0.1458,0.9774,0.994,13.0,1,0.5871186430211941
011fd5990a795b685f719dc5efd9859d8c0b6be17392f5b967e46e3e4b51b57c,7.0,0.3427,1.5467,0.0484,0.0,0,0.25997364024908964
012041ef028479c2d6b5b3e077d3737e16368a0a2e0be34f2f8b7faf1daa0644,13.0,0.1449,0.7488,0.0155,1.0,0,0.022254735361135123
0120659ac6f2e0ea77fd1a72fa1ab1ed2208e8bf148cb0e44cf637992fd13b61,13.0,0.2469,0.7199,1.0247,8.0,1,0.6670252314599892
01208947e53fd674bdccd8abba1ed3351d4f395730648f9eec43143ac6866982,13.0,0.0562,0.0,0.2608,11.0,0,0.2224427495295201
012093b5dc494e381871f099f10e1b53e799c79709a11dfb20fa3b572192c270,13.0,0.1476,1.3438,0.0227,2.0,0,0.02461197267642952
0120ae63f9195c54c45afb9c71f303cb7c2b68b1ffc800d4d70c34f6750b7dac,13.0,0.0,1.0,0.0052,0.0,0,0.01978947117409603
0121835e962a7dcd86059bbbdb5772d13eaa39ac4e33119eae45a6f25ff4d501,13.0,0.146,1.1067,0.0112,5.0,0,0.021888491854270505
012185b2ed4795638c3f03c4e179bed65723032dc45f39dfccec38b63344240b,12.0,0.1637,1.0839,0.0109,1.0,0,0.028362664133042698
0121b65f289a363dc90d55fcdc05eb7b75213de1d75fa41e765385922bb403df,13.0,0.1547,1.1026,2.6561,4.0,1,0.78462132492112
0121d7c98ab60d41499ef87fb6519897d506fb5b3aa8d78cd06bfa5587bd91ae,13.0,0.135,0.9522,0.0597,3.0,0,0.05371095514666632
0121ebe771c59507520038b648c1ddbe29edeedb53faced4ce146a441dd7f8b9,13.0,0.1437,0.9775,0.0932,7.0,0,0.17150173328916865
01222b31b86d2da88aec7ff202097eda2853443d9e494742eb9ba0f366c22fc1,10.0,0.1515,0.3915,0.1147,2.0,1,0.18856402396710303
01226a808ab1d214a09b39d905afe034d7d5ec02daeb9dad932c364c7e9a6fa2,13.0,0.0828,1.2362,0.0208,2.0,0,0.021698430717110445
0122b03108a6959c4b9afe6720d42e93f346fdcd0a38b90334330508b1f7ca41,13.0,0.2612,1.069,1.0734,4.0,1,0.6464137471849618
0122c5107405a183e413ad43cfcaf46073de2cae6beddc65b83cd1e7923f42b1,13.0,0.3025,1.4471,0.876,12.0,1,0.7026591699131274
0122c51d0695cb7de04b22f634f56dc67c65bb4330ad3affb5c7f1d198234db7,9.0,0.0803,2.2659,0.057,2.0,0,0.0978003647881764
0122e25d84c5dea57f35fdec2fd51ae2e92882515f3cc4aed17942f2d960fc90,13.0,0.1245,1.316,0.5321,2.0,0,0.28221786275502564
0122f6a564ad37bf9cd53518837dbd075d46d776eadc2d784e7c45f8df150242,13.0,0.0,1.0,0.0063,0.0,0,0.020263886945132575
01231d15b22b7b1e32f5204a624a075725e65e6051b46c79d594e4363bac232a,4.0,0.1932,1.0419,0.0089,0.0,0,0.06422650085791302
0123301e9825f5435c5a66029213ade6d350ea54ce052e33b4c8add2266ba8b5,13.0,0.0,1.0,0.0116,0.0,0,0.07688026147883344
01233056394c1554c1e02471b6e8a39ce0c160accab78a267e4e641fd8fe024a,13.0,0.4103,0.5452,1.3261,7.0,1,0.7819441771589876
01236a4f1225575244d79a5501665d91b51e55cc83859a94a30a7fe242e048f2,13.0,0.1633,0.9371,1.1777,13.0,1,0.6290524598247824
01239e0e4b02140d470cdf1d9f76d4addddd56b2ea372ade6956bfb09b394fea,13.0,0.1041,1.4481,0.0163,0.0,0,0.05365164711513858
0123aa6b5f7095e2f1213dfd11e50c8320b83c990ddd766851b4b7064d294d4b,13.0,0.3568,0.6503,0.0345,3.0,0,0.06433420791205609
0123c227eb3693bb088ecb0f0592c78a9cad2b471f334c95ddb28e451750716d,13.0,0.1594,0.0,0.8875,13.0,0,0.4617970767642894
0123ee48712875e1b142064606f7cb966e5a087fc5640a3794463790330168a1,13.0,0.2873,0.5343,0.2943,5.0,1,0.6241620248387658
01241dfb42b4b2ea590dc77cdb17b8199c11b269f3643191a9e98c9f8e527cd0,13.0,0.1488,0.9277,0.0252,6.0,0,0.020339084835214138
01243f90328703a042e1607c74074fdc191ceebaa8efd41cc04e882b5f5d062a,13.0,0.0631,0.6842,0.0337,6.0,0,0.018274212425355704
012445d0696a7c70229f5b409473d3d153d773c4141b569570e921e31611cd12,13.0,0.4068,1.1754,0.1842,7.0,1,0.6710969037802164
01247ea46213ed18d28af9613559c64489af92d3b072914f1b8dcc30f8949d54,13.0,0.0197,0.0,0.0067,0.0,0,0.01760605223762118
01247f1e9a3bd7b5ef365f26bd9e72757ac995861b22e40337f41f69e5c1b386,13.0,0.0818,1.0255,0.1651,6.0,0,0.1869654958809287
012481875e6178aa02a5c8d4b1235d30dad0b150109fc599d2af90c5e4e8f10d,13.0,0.0,1.0,0.0057,0.0,0,0.01978947117409603
0124959b30719187323d02c728b066954331adbe40a22e866567b6cb640a966d,13.0,0.1423,0.0,1.8098,10.0,1,0.7269189345874345
0124e9b628a5b52bf7818ed80273ca1bd13ead1d32bd7999b817cb200fe10770,13.0,0.1267,1.2148,0.4878,3.0,0,0.3414244324684199
0124f5c75aa0238cb2f3b224c0f54f56d38dfc419925999b949c4b7489520cdb,13.0,0.0,1.0,0.0062,0.0,0,0.020263886945132575
01252b93b1554d3df0d98033c10468d97d319fff8f5d861242da771c23f10ac4,13.0,0.1413,1.1107,0.0811,7.0,0,0.11406407929130692
012573338f3376511ed28529a7412288833f242409f71b0c4b9af0ff56c32f28,13.0,0.1252,0.7649,0.0653,6.0,0,0.04520662656388474
01258ba658dbcf662815cf5536f7d17163d03d9351d93b3a6434e24691cb4902,13.0,0.2058,0.9216,1.2934,3.0,0,0.6686133792140638
0125cab75e068540541ee0d0d863ab6dac3463bf66f8946fe2e60c66e720826b,13.0,0.079,0.8925,0.0397,2.0,0,0.02160457154327669
0125e11ed5c94d63c58d503b449096e0ab5b8aa5cf769c23706dcb78c54cf7cf,13.0,0.1362,1.0781,0.0132,2.0,0,0.022973591326796976
012611b67cd9611ba93cfd3ba3353dda7c4be742a1795dad2a563c5c914e94b5,13.0,0.1049,1.0439,0.0417,0.0,0,0.07564212815690298
012619bef16cbacd8be652f31bc633eddcb782cf9efdb32d330ced1a908c081c,13.0,0.1276,1.1803,0.0222,1.0,0,0.024922734271639366
012661c9591712c4964d42cd7ceac9b55ec57f244a85c3fd13be753c0f992d7e,13.0,0.2559,2.2325,0.8325,10.0,0,0.6155888058347404
01266275c128a055c2c1e6644145e179d12825435f3f800f1d4a0947d4b3ca75,13.0,0.3298,0.7422,0.3801,8.0,1,0.6524762445047366
01266f759ba5851a135c27faa4e9066fef389fd4ea9db6f363428355e5ed7f5a,13.0,0.2487,0.7201,0.0131,3.0,0,0.03430768219620872
012697525681cdb215de62b25096acad63045c60205958c07659a80116110ac9,13.0,0.2484,1.2705,0.0051,0.0,0,0.050733819006355964
0126c5a6b0f3a3634285484af433e09d6c37a828684aab70f740befc337a9261,13.0,0.0,1.0,0.0053,0.0,0,0.01978947117409603
0126dfa1280b482e70a209e1964c27751bf905cf69422e7a65abafaaf7e7bd29,8.0,0.0,1.0,0.009,0.0,1,0.07006471872599379
0126e6228d87af6ba91cbafd51bd2746c41dbe8fd96cfdf2f82d9a64ab8b924f,12.0,0.0995,0.0,0.0083,1.0,0,0.021152997131031998
0126edc805666c4e7f8b97c75497a4b630339323a70b79594627f4871afdb5e7,13.0,0.2869,0.9666,0.7177,5.0,0,0.6532606530811651
0127005cdadf0ea380b1a79c2394a64c126f9c0b128b9f40756accbace867d9c,13.0,0.0869,1.2618,0.0243,5.0,0,0.017191099789597496
01273bd7fd9d96e2a3aea0fe5b11243b90b2f4e3f858cfde2aacd0738a491280,13.0,0.0,1.0,0.006,0.0,0,0.020263886945132575
01273ea0c4a3e3110c8577bfe47786a2d7cf12edefc08083618eb0626eb2a842,13.0,0.1327,0.9842,0.0209,3.0,0,0.01992113165304542
0127a90058e0cffa2f783d6d33e3cc249ab971fe8153938f1f41e75b2c672f37,13.0,0.3514,1.1481,0.1195,2.0,1,0.5204130170175781
0127c20c098d5ad65a4cff4f0b34dfa3c65f570577919ecec00358ddc3960e72,13.0,0.1506,1.192,0.4706,4.0,1,0.4951462282909224
0127cd239bada4456cbd909e9125c638632106342ad8c922f3eeb6b2a2f5d282,7.0,0.1461,0.9547,0.3864,1.0,1,0.33285951487729337
0127d91ac27f2c1242a37540f588b76c004fa71e980d278366aef709b61a0962,13.0,0.2511,1.3592,0.3272,13.0,1,0.6290632804878534
0127e32f244f330ceebd89accb2619f38dfa85eed06bf2e5b6906ba2a1eb8f55,13.0,0.3054,0.8287,0.5659,3.0,1,0.6507612302726921
01281ed591507c59b4eaa53c109e04c15e301dc814e060525bc5a2e61ef30371,13.0,0.9389,0.4611,1.9667,2.0,1,0.8382180054632378
0128438503be997074b63d63d7fb01318a97378eaf512bbee53c0a221e4aacc5,13.0,0.1486,1.0487,0.0359,5.0,0,0.02317495893976559
0128a37466dd5598a8217dc4a6cd649a32870f9744e56a47aa52cdd75b420dcd,10.0,0.1157,0.734,0.0442,2.0,0,0.020700425469999374
0128f17a88f7c71e65ccc7df6c2ef583522b55552e162e9fd4222036a7691f6a,13.0,0.4062,1.2387,0.4164,6.0,1,0.7606195564911108
01290182e5d0e1fc3511a7466386d6085a572703af519ac32dc5484fb674bc5b,13.0,0.3973,0.7913,0.0747,2.0,0,0.28728959783159547
012927195af5e8c0c535519b92f7a92769e1665a1575c6565d3a9e577fe0ef25,5.0,0.0,1.0,0.0159,0.0,0,0.07704350507592042
012937713ee8e608fccc2a3a6d1e361b31d95c90006b43b6eddfb333deac5efd,13.0,0.3247,0.519,0.8735,10.0,1,0.6750525992071864
01299e405e474da85d29e77aa0fb0dde2baa35bba2256897258094fc3138b40d,13.0,0.2274,0.7444,0.0225,1.0,0,0.04211673583497893
0129a9f1c3f05be09fec0ed6d68fe692a96839bd1dd513b5917ee0a64f32b749,13.0,0.0919,0.6935,0.0249,1.0,0,0.021928385775452162
0129ce192fe3bbab0b3fefaecb1e095ac7866146560c005d0b158f587e01547f,9.0,0.6521,0.2532,1.9958,1.0,1,0.7095567241017571
0129d66a34cc7fe38bf37d1b8090d7ffc9c85ab466ea36b00e490e47b57c5a3f,13.0,0.2416,0.9987,1.2229,2.0,0,0.5454868190339695
0129dba30f840d75727e9dfb8b5b36c6b7e9fe5a151c7b0021a8570c8563ac40,13.0,0.1391,0.7173,0.0266,4.0,0,0.017497489475729926
012a2425ce47a367084e3e9a3c413fb9984bd2da3e2fec1dee8f3265d55e89ad,13.0,0.0,1.0,0.0075,1.0,0,0.025174868857605906
012a4a468dc919756449deaee79dbbcf2e381727b80ebc306ba1651b142ec1e0,13.0,0.1079,1.1633,0.0136,1.0,0,0.02469775505230936
012aca638b054e4389defa3134c1425a39260fba24ad7072327e2b3e805940ba,13.0,0.0,1.0,0.0079,0.0,0,0.03633201737750049
012b4448395118911f921138f766b3a57a4987c1bb449c8421decb2fa9cb0e13,13.0,0.1178,0.9023,0.0333,2.0,0,0.020006450031911326
012b7c74ae86fb08983cc30adcdb379e55c271df5f5b68d518db2fd07998fd74,13.0,0.0961,1.0907,0.0311,1.0,0,0.025571574016313613
012bd11710c7ed823f4c3cfdacac739048b692e0524b1bb8bbdcb4f9315174ca,13.0,0.1523,1.0478,0.3933,2.0,0,0.3795824257990878
012bfd99b74f7736bfef2a8ffffc4bac5fd95df6ca896605f274872d0965def3,13.0,0.0687,0.0,0.0321,1.0,1,0.023216412239248106
012c7d3900ba17fb67fbdefb2a2bb8ba96ba87ee3a4f70408210fb5efb5060b1,13.0,0.1346,1.0336,0.0165,2.0,0,0.023236082138048973
012ca0be996523ffe9018b298029195a4ca48a5910ad496e533cb632db0cbc0c,13.0,0.0,1.0,0.0052,0.0,0,0.01978947117409603
012d0c7dbad6462165222ee423e12033fc536993ae444d030e519bdf51bd5955,13.0,0.0649,0.6547,0.4713,5.0,0,0.21020190082926227
012d0dd1419f2b1d140455e97a58819186e9d63fe6047d77fbde068853d51e64,10.0,0.3403,0.6918,0.2561,3.0,1,0.6128723627302306
012d74c60f4b0fbbfb7ccebbbfa7b79b9bdfd295a8c24fb5a8ca8d1edd608eab,13.0,0.211,0.9385,0.4667,3.0,1,0.5661749637574738
012dadb0096ef2ff4e2d1ecf934ad4a56fb35352c103d2f820b58cd955ae03f6,13.0,0.0961,1.029,0.0364,0.0,0,0.06853888921010527
012dc95f2fd5f54f07e3b63c00303602038824173c343a4082b5b17a39c39c38,13.0,0.3243,0.7346,0.0105,0.0,0,0.06358663618838212
012dcfa3fa8e709959526d94cb2195bd963cabec1d304fd6522b8f3caf9d788e,13.0,0.1038,1.4564,1.1811,4.0,0,0.5760001014362741
012e443cd3bf79edb9acb7964448e0a589311a8c35d6110078fe55779597cc44,13.0,0.0535,1.399,0.1289,3.0,0,0.1619912042942307
012e9fd90e91613949fb8b39979fa5684b8ac8fc97bc2f33ea56fdc6cff68e6a,13.0,0.0061,0.6688,0.0514,7.0,0,0.025166183396483667
012ec44a69ca9498ef880edd4cb10ec3b11ae9cac2ec64a6f57ae6d5bd8af499,13.0,0.0824,1.1984,0.0659,2.0,0,0.046826290451804725
012eee95c55d2ee7d1f7f9308659f16c85fe260ba11c4bed12a06e9ec76a9802,8.0,0.2007,0.9212,0.038,1.0,0,0.04261822756794025
012f079591bf7c75de96f3714de48bbf2985b8b92faa324af5fe02dc81a9a185,13.0,0.3428,0.6423,5.3002,4.0,1,0.8860900317686786
012f33e5f9d11294d2993357d3636ac42e3332ef59647eb661bfdddaa688bc2a,13.0,0.3437,0.566,0.0421,3.0,0,0.09593196539720321
012f3738f84f2d6ff077e56e72e1e34a149cc6b7181645cf7e7af0e4e6eddcfe,13.0,0.1392,0.9377,0.0183,4.0,0,0.017534461196504227
012f3a35accf4e6cb6348be3f6ec877d088c4729acabb14505655c53cf26d898,13.0,0.0177,3.3528,0.0554,5.0,0,0.13757294464901254
012f5055d91686febae2b6dcb779d0d6239215522bcf2371c555645a610173d5,13.0,0.5313,1.0565,0.0811,7.0,0,0.4272136639653092
012f650d3007fc3e2e7c2c99de53645ba6de499f79a7b6008f6581463e03bd87,13.0,0.6462,1.1021,0.0638,13.0,1,0.48513798168892774
012f8f02bb2ec424e3b8465ef39d41904f13f79c3ee902e1e4db9b6f3ed835d1,13.0,0.0,1.0,0.0069,0.0,0,0.022280945636023855
012f92dad90b39037954cdf5491ee6c683fa46b817549e4cd12aa3025803e96d,13.0,0.3227,1.171,0.3695,9.0,0,0.6474624197073332
012fad3d40912614c0e2f0244941ac821c1051cb2c509a68fc814c35fed4e406,13.0,0.3168,1.4407,0.0232,4.0,0,0.10703416612974541
012fd459a9fd16631ac7f528531a92b4afe3b30e67121b71d1fe81695be1aeb0,13.0,0.132,0.8347,0.0913,4.0,0,0.08862358174859528
012fe74e8e27b980efac1cb5d9252eb49ac5e2260768f894a3a0db89d3914071,13.0,0.1649,1.5578,0.6904,8.0,0,0.5471123903082249
012febda5a5651670321763953424b9ea9909e39fc27e9ace98682708f6d3f5f,13.0,0.1331,1.0165,0.6085,0.0,1,0.3438038226773709
013094be5f36acc826446d6c19ab99e0731f0fba4a91cc5504d56a9c101deb02,13.0,0.4166,1.0044,0.3186,2.0,1,0.6485496779809232
013095a13fd291b84961935505ceb4f8c7a58262d63a7151ca841aef0d2d8fcd,13.0,0.7935,0.9661,0.2499,3.0,1,0.68806591919051
0130c2b9a49e5b1d3ed05c685c9dc75fca7ac207f07373137719806eb27cd969,13.0,0.1837,0.9617,4.2155,7.0,1,0.8227837933040706
0130e40d4deec1a04bedf50a96f25529d25d12749ddd7068889e6252db340bd6,13.0,0.2852,0.6245,0.4868,8.0,1,0.6401943545421637
0130e781f66de015e20026f347b68b01bba8f30f5e10e231459d457ca4ab8722,13.0,0.0534,3.1559,0.1701,3.0,1,0.4190264625195428
0130f938b40a154537a408728db20c4b10b6d7ee6ab8e4526450a9cd8f73b3d2,13.0,0.1178,1.3583,0.0287,2.0,0,0.022845057345313852
013104695a3ed27afd03738b57d8b4162e1ef6a8232218517d404dbe918fe87d,13.0,0.0,1.0,0.0065,0.0,0,0.020263886945132575
01316e70370c4dd64b820003d96b93421c5d352cee04c27097af8e02ce29b129,13.0,0.275,1.6235,1.2538,10.0,0,0.6647436365854036
01317077a7cdb3907f127cd80de5347e12daf4ad28b3207d16020c2b0e111926,13.0,0.3133,0.8791,0.465,3.0,0,0.6449388620496918
0131771ba22e926d2c38862925ddab1a76dd71fe4b2da7ff658147b9b8283016,13.0,0.0,1.0,0.0067,0.0,0,0.02219398911428473
01318110af5e0a85ed232c42fcf5a48f4e1ab4a75f5442a8b923bc840a6b3efa,13.0,0.0,1.0,0.0071,0.0,0,0.022280945636023855
0131dd53004dce1ac9775014ac82204b3c68b52f3ef7962ff9182b5a8af06801,13.0,0.232,0.751,0.2787,3.0,0,0.5973529100186182
01322d7cc3ec0be538521baf932dcc9fbc6915ec508780202d27663dbdfc5731,13.0,0.1518,0.9626,0.0353,13.0,0,0.029060546967264414
01322ea5d4dc8153a040b04223199880da5a3e3f3a45a4b25d34829723d5962e,13.0,0.1185,0.7476,0.0357,2.0,0,0.01916485866423099
013252a69b1a22b54dedb0cbce87847d1304aad53f14c95922e917ef4bc1969b,13.0,0.421,1.2007,0.1928,12.0,0,0.6739454824637522
013274c02e99351d07f027a10e8a880b43a1cbb4ebc3bc6640a1c2fdb7c8e642,13.0,0.3467,1.2661,5.0108,3.0,1,0.8981158771645973
01327e307314972c25c320211ab10f07263b3782de2c839597b928f24399ea21,13.0,0.0,1.0,0.0072,0.0,0,0.022280945636023855
01328729137eb902501c1db96cc8d3a7d581e442ebeb50d7f3a74c57870240c0,13.0,0.1677,1.0366,2.3522,3.0,1,0.7455773789922963
0132a222cd9a55507fb09d2ddf35232ea270e06a079d2aeb504bbfe773f1d3c7,6.0,0.1773,1.0328,0.3375,3.0,1,0.43056886954203644
0132b051c870992cec5c92f98021e61d944b1a3b1c95c5f2d3a01ea558315d62,13.0,0.053,0.6793,0.0841,6.0,0,0.06742029604644101
0132b2154685f074d4f73307563375e6b24d223391f27dab15aafdc908e7c534,13.0,0.0676,2.3947,0.0063,2.0,0,0.02998013052726007
01330b05847f67dd6719d615498ccc8e215893cb12b933357f13724c1bac5bef,13.0,0.235,1.046,0.4196,4.0,0,0.5960167186426037
013313b5cc2b2e43ac04607ade3230b14d5fe3e2728b2bd6ff15ed3230fe8a9e,13.0,0.0,1.0,0.0063,0.0,0,0.020263886945132575
01331cd5bc62fc19f7e75cfcaed5a22823249fdeade346f67474553ab40e1a71,10.0,0.4661,1.2222,0.177,3.0,0,0.6839225192174888
013376b6a620e9dedd59168f2dd0b8eb90c5d3c0e281ec8be2f2e2c57cbb18bd,13.0,0.379,1.1667,0.3123,5.0,0,0.6885926739228303
0133e23e50dc920a3b7953bdaa5901a75fd6ce56cf5616694171025979fc2bf0,8.0,0.2169,0.9211,0.1737,1.0,1,0.5166186350226953
0134052cf6c86e65d531dc9f4de11c922c1350ba30f9dcf03fcfed9325d27471,13.0,0.1542,0.8316,0.0363,6.0,0,0.01942719148693525
01341973cfebca20251e680b43400559ee3b99d0d919b8f7997f52fbb093163a,13.0,0.1214,1.084,0.0756,11.0,0,0.07691149653806863
013424845ccd9d0c5c29ad9bd69e3901e06ba8ccc5db592fb71b6172e3c30cd1,13.0,0.3489,0.8764,0.408,7.0,1,0.6691212849559303
01343f8c8d80ae6d2833668ee350428eaab381a71b192a8580251f20a797603c,13.0,0.1688,0.6032,0.0268,0.0,0,0.0574458481224818
013472c9ad5e7271a832d17027e42aee2fb70b66a8118a2b3527d8a44cdbb1eb,13.0,0.0,1.0,0.0087,0.0,0,0.0668791263085046
0134ab0922971679d754c47a8bede836f5e3c907898da41a4d3202900f2b6066,13.0,0.1144,1.2188,0.0155,2.0,0,0.02182488270954426
0134c5dcc70a8f9ab211bd2c5fd4b1548300524e346dd818879762aeda903b43,13.0,0.4423,1.1222,1.0063,7.0,1,0.7446092333826129
0134cadf541ab965df9e00a887d922479a81ed5da36c93031c8f36c1459da1d3,13.0,0.1506,1.3331,2.4415,4.0,1,0.7720169314987464
0134fc3c939c38eb272034fee1fb194de5eb2d75e9bff866bbabb85f46008b3f,13.0,0.1006,0.5924,0.0459,2.0,0,0.02087730455496669
013558e967a9202fca633a3eb3afb9385dac198e15320d20ef5194f3657376e6,13.0,0.1053,0.0,0.0386,3.0,0,0.019135353407608094
0135959a14b332f74f4067cde712ad21adacaff7a5d2b0c792afd4681f37c0c7,13.0,0.1456,0.8724,0.0782,5.0,0,0.12161319176284616
0135a85b7693812cfc4c466e8be0565690f879f35b18ee1e7ef4b2d7abf8324d,13.0,0.1969,1.361,0.3269,6.0,1,0.5629689618859977
0135a8ecffd0b58b8d349b51831fab0e7eb2fff2cd68ae9504c8be07290dd10d,13.0,0.1893,1.9717,0.3555,3.0,1,0.585612412390326
0135c17d270087cdb5fdfd73a211c992a48aa5d2d82487f6186cc4c21e1ed14d,13.0,0.0,1.0,0.0053,0.0,0,0.01978947117409603
01360603ccf36ca4c9f4bc333dbb99df25bc56f25bc377da8cc0919aa3dbd06c,13.0,0.2089,1.9302,0.0571,10.0,0,0.1468191259370933
01364f57fb54dd5ca29e537424b32e2c0802ba5e943d5006b3330e5c83e1136a,13.0,0.0984,0.4952,0.0469,6.0,0,0.01812499865557498
013663472d5c2601479e3492b4df4dd6c1539db07f11dcd31a8aac23caaf8ae2,13.0,0.0928,0.612,0.0532,5.0,0,0.019236206376101607
01367b96b64fd353cefae8d12a6c6e2f7fceabd997812e092598a905e5bed33a,10.0,0.2436,0.8423,6.6744,6.0,1,0.8655223803457374
01369b2e022c4d35610bc50760894a985d7d612616192485b85d5f3c642b1f7e,13.0,0.0,1.0,0.0055,0.0,0,0.01978947117409603
0136a87ecfcd95d01259c1280af210a75457c11dbbb8901cbc3f123fa7b15201,13.0,0.2071,1.4411,0.0395,1.0,0,0.058070531829820256
0137550ad7757829aa9f800451ca3f13a7d0fdf65d1d08bd64b104950ad47ddf,12.0,0.3605,0.7918,0.0211,1.0,0,0.047649387254599426
013787ee7e51f89732da63307321da29da194846091e36a35541ed92cb1e2c1a,13.0,0.2117,0.7904,0.0286,2.0,0,0.02866756030045049
01378aa2d35da53a227409344790126959d133de58464e11c832e6b17c299890,13.0,0.146,0.9117,0.0151,1.0,0,0.023508715952839626
0138336a5aaee935de032db7ec89e8cfe4f8add178ffaaba2dbd7f9e8be9b28c,13.0,0.181,0.9949,0.0207,7.0,0,0.038261782123290226
0138563fe40e03f1829a598fa39874fb93d9d389255fbd62df08d37afe1055dd,12.0,0.4638,0.9623,1.7964,6.0,1,0.8342303964867023
0138a1e8e6ee806fb3cd3f039fe6c1782c013b401f2fcc02f03d38f77b67b4ea,13.0,0.2745,0.5817,0.5309,3.0,0,0.5673715968492786
013913c0a2f53fa566ede56ee898717963159a36a2b13c32d0b8bb3bfa8aea4d,13.0,0.187,0.8057,0.0418,6.0,0,0.04058892288802847
01391bc2f86d1620de5c0e15ff9651f62b00df70a537d15c718840771840f86b,13.0,0.1436,0.9053,0.4532,1.0,1,0.33757928948202914
01391d3eaee21b3b7c52cbdefb6734a3ad7df3c22fa5f4bf09fe435d93d7c798,13.0,0.2754,0.6163,2.3726,4.0,1,0.8499667336535068
01393bd4c49cbe636971419b072e91a6e02d0d7e6fa905fd245007252014ac1d,13.0,0.132,1.0772,0.1592,3.0,1,0.254679254692776
013995b3189493b2329c2f599dbddb11215b917d03b3b41f9f8a7aca7be33ed8,13.0,0.1305,1.1788,1.1929,2.0,1,0.5054802206306046
01399f502ea554143bf4054ee60e72e17a5a9432446f476b070585acf961d364,13.0,0.144,0.8937,0.0255,2.0,0,0.022628215838994464
0139e1cc6722637ef7bcce4ea3b093824896b2d62c50daf59c2a187cf524ceae,8.0,0.9623,1.0175,2.5183,4.0,1,0.8547013966334924
0139e31b30a51312fe57a0b2e1f5787e1fdc6c7dee9a02bba3bdacf8b1936bfb,13.0,0.0649,0.7012,0.0163,1.0,0,0.022892044767834064
0139e72bdd263b16707d3b3c4604e4c94ce2f11ea6aa04b8b25c3f9bf575400d,13.0,0.1788,0.6934,0.0229,1.0,0,0.029348569942137942
0139f75959488266b9b72d453ae7e1ea897f0da46512a3aa094553259b48bf03,4.0,0.194,0.8687,0.2194,1.0,1,0.4554587374830851
013a1bdc5bf7fe7568dcf9211b2f7076409b2fa71934fc29e3bffaf8245226ff,13.0,0.2604,2.5778,0.0518,7.0,0,0.14299454589340024
013a7fdcb7a7697e8db5c8858ad6b221b949518a7d8cbfb25888c46ac26d8041,13.0,0.1571,0.8636,0.054,3.0,0,0.043658187215609254
013aa2edfab86cb2585281f96dd7480ba64f9fbf5fce2f6e83a7bfba201be561,13.0,0.0,1.0,0.0061,0.0,0,0.020263886945132575
013aa4f2cbf40ba87c2c5406ab9e6ada3f67ab87021992b8f92bc27c684f3244,13.0,0.1216,1.0181,0.0572,1.0,0,0.06191406273161264
013ac49bbee26f97f26473edac30cf95b85df6bfd1c72548a7e233070bf60bbd,13.0,0.0,1.0,0.0053,0.0,0,0.01978947117409603
013ae246cca4e991d5a278b4cf8fd96b69ab0ebd97d762b806f1d9465fb405d6,13.0,0.2134,1.4665,0.6819,4.0,1,0.5971815939796281
013af51522db50dbf2de7e5d502f11905923e50ef610416c39363adb2ea85205,13.0,0.4472,0.25,0.2827,11.0,1,0.6766124552141274
013b34f05cdde24ee8b1a75a09d5f564ab596806e53e0a490d97e830c0831253,13.0,0.5712,1.8771,0.5373,7.0,1,0.7893686987569343
013b4cd9078fdbe62b2ebecc94ec5a959f2d8fe00adf91b403946105e7facdb6,13.0,0.0754,1.2599,0.2324,2.0,0,0.25538929233902036
013b7a13c5dd2618795964df3c4277e487315ed32acb0090e25e3a08693b18ac,13.0,0.35,0.5988,1.2507,3.0,1,0.7098415991610846
013b9d4ab65879cd01a69824a10444087b9386e18a178249f4c43741271d1df9,13.0,0.0,1.0,0.0073,0.0,0,0.022280945636023855
013bc45b9f3b0443b7c3a3129763f9832c63019e30f93d214f2a83dd9db783f0,13.0,0.0,1.0,0.8527,10.0,0,0.3488283489806285
013bccbc1084a2f0cd801b61adcdac6e63fedb1e9812b9781a88a794b3a00ca0,13.0,0.0623,1.2836,0.0341,5.0,0,0.018598351150873514
013bda66f32cced047a02465396043a108bca6b9fe40c0307f5cb195dffba20c,13.0,0.0,1.0,0.0059,0.0,0,0.021280478197017946
013c153b2394077581c5c578bb8d90cb5ce53f4b1520b6d8fb1754959c7b0999,13.0,0.0333,0.0,0.0051,0.0,0,0.01569832901850119
013c21e986923ebec8a6f9b3852e8eaa453a7fce3b5520447fd94e06a7569b83,13.0,0.0952,0.5503,0.0266,2.0,0,0.019121367950563614
013c2f6de399bab206a5a0c93903de31789b945f06a9394a609e39ffbdf84810,13.0,0.2596,0.6795,0.3462,3.0,0,0.5899749405419992
013c54d00aa3534cd0f9ba31c3c0122d03c6c8aa5a83051f1ffc54edd84bbc7b,13.0,0.1258,0.9743,0.031,5.0,0,0.018662454240259724
013c700589952e426cdd4974861c94ee70363e05ada126e5217d2fc6b0b5aa04,9.0,0.33,0.9192,0.541,3.0,1,0.648695275459847
013c7ff77875d5457f273cdfdda95c32c7073b145387651545513757e74b6230,13.0,0.1268,1.0484,0.0311,7.0,0,0.021218031225613675
013cc594ddf976a337eab4541839f3483d83f62576be03e734d6bd3a73a77d5d,10.0,0.1506,0.9888,2.2158,2.0,1,0.7402455183055359
013ce721e611f443094eb5beb4c6102cc3a333eb96a6bc4f7d6fbe7157af84dc,6.0,0.2027,1.0793,0.1146,4.0,1,0.3276428743523114
013cecb3bcd4a4528c5ff7d983c5d56a782ead2982e82645af46689b266a8e54,13.0,0.1717,0.9577,0.2477,10.0,1,0.37069507303566973
013cf5ce24acb126cda01c0bb62c522ee30304bfeb1c1b37773c3974ddba9c3c,13.0,0.0,1.0,0.007,0.0,0,0.022280945636023855
013d04c82030f1f390e2c028d1828b1d6f42bf738e4626ce32bf4a0986bffd1a,13.0,0.0,1.0,0.0052,0.0,0,0.01978947117409603
013d059cf652d5554722d017d9fa0497fb3995d9ba919b1fe5b41459f38d4f5b,13.0,0.1349,0.9871,1.9747,8.0,1,0.6888548293308
013d0961e205f316b44b953dbff2a3772dbe9445e36dc5b91d450021800adc55,13.0,0.3259,0.3175,0.155,6.0,1,0.5771615206120291
013d3b3ed596d010c9157958d376bfc48ce454f096255dd0b86556607845b721,13.0,0.1249,1.0354,0.03,6.0,0,0.01945033127183756
013d58c6061e41975f9ec2393b4fa99a618a23d2076cdf185b22045f93287d62,13.0,0.7706,0.7223,0.1541,1.0,0,0.587782559546564
013d77ad8ef32268ca2b7aefeb9fe59bee216c32dab877ed9ebb77a251fc6e7c,13.0,0.1105,1.0103,0.054,7.0,0,0.03168659496176714
013d7ef169aa5c85ffd32d5abc6708c791c1ce29d9b9b3b67f335fd08c49af46,12.0,0.0657,0.8849,0.0998,6.0,0,0.08579754407559916
013daf1a072356e3dd8f39198dc682b98d0c635d9918a0a8fc91297a2e9d31d3,1.0,0.2139,1.0,0.0174,0.0,0,0.06841811301932794
013db39ffb8bd9c78a7d582ad9728f26ef5d40b444ee5f675eb8027a91094783,13.0,0.0735,0.4505,0.0274,2.0,0,0.01945803938469985
013dfc1e2d13a4a72db2288f72af8058cd058369ce2c64695d5620c8459fc86e,13.0,0.1215,1.0167,0.0283,1.0,0,0.026308099896258586
013dfe236a4e81213bde36f9d823af593a091e876f133512ffb9dc2f7b245dbb,13.0,0.2406,0.7451,0.0897,5.0,1,0.2987252156056632
013e0be398ca31667518a3e1553823c6722cd6ef5ea0d87db2781486d618f445,12.0,0.0856,1.3089,0.0436,3.0,0,0.020018046454939528
013e733ec935c332d5f942360ae4d6e60663724ef5dbdd5450d4c0fc62c4b2ce,13.0,0.0,1.0,0.0045,0.0,0,0.019980332496187008
013e966a80b08b739d4521d35c5e575a611c25f411a913824532e8aab8244683,13.0,0.2394,2.2403,0.0218,0.0,1,0.19196934509505678
013e9c63a07f62896bbce48b9439318d748a89e6ac41033533ed0d5d3751922d,13.0,0.1489,1.4905,0.0357,1.0,0,0.028876175950199204
013ea122c3fded5bb90c0455b0b6dded41658b58ca601ca9da00a6bac3dc85bc,13.0,0.2978,0.0,1.5651,9.0,1,0.7846303309445054
013ead58d69ce0d8fd9029543e1dd25da84a5acbe2e75ec6168a17b492a01d94,13.0,0.1336,0.9829,0.3157,6.0,0,0.3095193432504539
013ec1d42b2504f43fe5f260e25d5b0d577081cfa53762bb5c95a0d2320d680e,13.0,0.0,1.0,0.0099,0.0,1,0.07447578192254842
013ec843f71879348f75868d5a898948b08bd202ab47ad411cde3856f8f3530d,13.0,0.0,1.0,0.0049,0.0,0,0.019980332496187008
013efadc6a4dfd2be61ec743ac9e740c7a45e038dfc867d5d582b6b965cc57ec,13.0,0.3719,0.7683,0.2278,7.0,1,0.6505210628393695
013f104dc612dcd8efce70c9137019d0428e25db601853523a6e14bac9416af1,13.0,0.3412,0.9651,0.0078,1.0,0,0.05060831163473406
013f27c6f7957ea994b09e291947d782222e65917763b418efddc8a3dede7179,13.0,0.1523,1.0357,1.0434,8.0,1,0.5815468934398762
013f5d304e5524e85fb5271ddde2ccccddd29687e6ac21f59ebf7b818ed41783,13.0,0.4366,1.5878,0.3991,6.0,1,0.790388601997315
013f6d23238b6aef7c1c1478d4b9abf71f19cfc62535f123c352b7a22c273383,13.0,0.199,0.0,0.0065,0.0,0,0.043008709051622934
013f71991c206e490c365ef439a8450c46df781f87637453850ae65c8fd856e0,13.0,0.1085,1.3135,0.0283,1.0,0,0.028323129029313637
013f73da7246b422095b305ac369d57ed7d6e5daa6dc0ab53f978da9031afc6f,3.0,0.3631,1.0068,0.2627,2.0,0,0.569992041212187
013f78ccb7882f3a5cea99ed13111bcc4aafca86f7666286491c5439fbe4d5a3,13.0,0.2532,1.0529,0.6875,7.0,0,0.610165949390677
013f8a116b80a89ddd2a25f593c567148e487e9d2122fd9634af7483039d7b30,13.0,0.0,1.0,0.006,0.0,0,0.020263886945132575
013fa126f4b089c25c5c74c409df5d72e307d1f941428d7667dbc14370e53e55,13.0,0.0806,0.0,0.0057,0.0,0,0.01593955253905294
013fa613237378603a9771df54f7edada2f23f69f9978540733415a26da30b60,13.0,0.1441,0.9607,0.0613,6.0,0,0.07843950874434985
013fc833a8ec6f21c7386357fcdbaf0b058bbb494e438f122e3cc47829f05d4e,13.0,0.1119,-0.6093,0.0414,1.0,0,0.023160445154160693
013fccc40e87d63e7c872a5a0091471343835f066837b4da677b64b0454c4fec,13.0,0.5154,1.2133,0.1512,7.0,1,0.6876277436769875
013fe35bc6d946d3ab02244149bbcaa8aab70c76eb43f813924f06690e4fc9df,13.0,0.1848,0.8184,0.3439,5.0,1,0.4583837705367888
01402c6064920a534fe69d53db59d2d67dfb8ab21256f657d7ad9d5d5ac9b5a3,13.0,0.0536,-0.4701,0.1639,6.0,0,0.14809362751469762
0140844673adb92ed8a8c42ad1ede3c2e2c5b60c1804a4b3270a15183be41f8f,13.0,0.1235,0.4704,0.328,13.0,0,0.2509227079898436
014087f743a8d628a30154384ac088dd4d3488c0ac6290590c22840cea4ac95e,13.0,0.1791,0.918,0.2749,6.0,1,0.4067643898645026
0140a382e74c934a640f6c4a84f6a6a438b5f2bc77faf12e74f0c0b6038d7820,13.0,0.1538,1.1014,0.9031,9.0,1,0.5328521441190215
01411532800b32e2835dfcf58da66c81f8f2878a803ba92d325cb2dd415f924e,13.0,0.0635,0.0,0.0063,1.0,0,0.014545783248823003
014169d207873212bf35a4239032463e95de4af290dc7c23bea9b277e992cb81,13.0,0.3136,0.5344,1.2196,10.0,0,0.6572755278872526
0141955b6980f8863ec04c381a4c8f63fe98f2038fc10c90b1b0547f323ede38,13.0,0.3191,1.3997,0.4109,5.0,1,0.7156575212208783
0141b9b18b065adb5adaeb4334653d93cba31a6f592df31e33eb5dc3bccfc927,13.0,0.21,0.0,2.7078,9.0,1,0.8211143595720999
0141da7b6148fb549c875c4a577ec3e84f2609a573765a716233038c25b08b44,2.0,0.1705,0.9991,1.6449,1.0,0,0.570414586535549
014205afc1ea6ad5aef0935dfe95470e5c470e28f0b2ecbc143f1b3c726e4dad,13.0,0.127,0.1826,0.0394,7.0,0,0.020092488561888402
014207d8394578b9be972f2bc2539074a18f86504494c9b702b064c581a0a76e,13.0,0.1274,1.112,0.0307,5.0,0,0.01824808949739573
014222724e6e35e6d167e26fded93953c1e2701932b4e167be3b6545ee17395c,13.0,0.1363,1.2351,0.2901,8.0,0,0.3448406920027815
014224f2227b2a74cd64008ff7fd2c05373795f15fbd77c3bc73c92bcd5091e9,13.0,0.4688,0.7913,0.4779,3.0,1,0.7076980314096815
014227bb159694ba25aa6addd22f63b3f8f704c64f5cb573df1f1f26f59bde19,13.0,0.0,1.0,0.0051,0.0,0,0.019980332496187008
01423a2d0d55b242c401523204ac2682566daa3b23aa836852b631b3e069c801,13.0,0.8313,1.6264,0.1741,5.0,1,0.7352796360864473
01427919b901115a49df1219f5a85da14ec07afd4660d43d68fe8527fdd17ac1,13.0,0.112,0.0464,0.0369,4.0,0,0.016798954610802955
0142794f08b1b3de3e5e23b097ef881a5b7eebe2f06b6bd9a2a87e368e3dae21,13.0,0.2835,1.3852,0.2604,2.0,0,0.5875801385580245
01427caa70713e32887b7a66f3b7dd162e3cb587ee887072bc7dbf93adee1693,1.0,0.0,1.0,4.168,1.0,1,0.8244618231249173
0142ebce28f90ef8f7bad9b7726ddf3e40fbaa098f5fe2c0c9125c8433d7927a,13.0,0.0478,0.0,12.9531,11.0,1,0.7968705060972803
0142fc060035fb05fcc7b39540d3bf66fb4561261ac0c2f1d41ea9694185756a,13.0,0.1218,0.8766,0.0409,8.0,0,0.018923059464282507
0143140628d4c83f3d37ce0b84a666ab6faeb334807a033bb5fc3a9e4ad0fe57,6.0,0.1324,1.0252,0.015,1.0,0,0.026425018648256426
01432c7ad93e0415369e43d792fd4d478711ec9d4f32d3d9aed98cdc8d032df9,13.0,0.3239,0.5407,0.1733,5.0,1,0.585451074585828
01435e4d5a7c7816a92163ce4ffc96ea6ad6770e6a75c6152eae38289505f35f,13.0,0.1456,1.1022,0.0233,1.0,0,0.024763341363262806
0143739d84edbe9ffbb78a42615943f3610e972583b754eda2db4f24e1546668,11.0,0.1523,1.0543,0.009,1.0,0,0.026041102490111857
01438f5e50f27f833486394b5ce807efd27096156aaba8f7f706b731f061a985,13.0,0.1268,0.9131,0.0329,3.0,0,0.018752715621970034
01439ee3abf1b4552d54f75cc46d18e1f9d4aed4b816de517a6ea08c440d4360,13.0,0.0,1.0,0.0065,0.0,0,0.020263886945132575
0143a7ca34159016644e53f0437ec563f306d0e5c925c45b27dddde7141e017b,3.0,0.1893,0.7137,0.0276,2.0,0,0.030762176557817364
0143d1f0d8bc3615d73a0bf7ca96391c34e2dd4ddfc3ac1e4ade1bcd1eef5dc5,13.0,0.0397,0.0,0.0302,0.0,0,0.06247433409599376
0143d5db60c3691d78c2567736215fe8400913802c11d8881c244425613236c3,13.0,0.1356,1.0905,0.0411,0.0,0,0.09022342724362177
0143d5e8b8a84bff526e29111becd01f72bd7ccffd3b82548a1a854fa7e155c5,13.0,0.0,1.0,0.0052,0.0,0,0.01978947117409603
0143de073738a7ab7b02ce5c01e1e37dc0439d9d5495d5b7f9976018007a62ed,13.0,0.1263,3.1589,0.3328,3.0,1,0.5166201038238907
01442a2815bfe6ec72c7b232b8bb325ce6f38d697bc2a74eaeb0cc35977c10f7,13.0,0.0707,0.0,0.0071,0.0,0,0.017565738014278208
0144416ab7f138d7bae08ed71be3d7caef560621b16fcf0e9173bbc975750300,13.0,0.2181,1.2558,0.3109,11.0,0,0.5679566883809195
01445048a915220f8de2e4338fb3d1c3e8d0a66a1549bc88f881cb860a23b7db,13.0,0.6713,0.9513,1.6956,13.0,0,0.739627790586383
01445188cb944ddbbf05d82a67923e783684c5723b9495856eb8f403b155112e,13.0,0.0,1.0,0.0084,0.0,0,0.05971407759621131
01445efda07a20d3ebcdc07483a722780b490bc68cce138b4e982b67d8e5b8e8,13.0,0.3167,1.0132,1.0701,2.0,1,0.6102277409916436
0144950a51af41ed3829d51fbb84336ed82ab4a1399dafa71096ccf3f9024853,13.0,0.3495,1.0392,0.0508,4.0,0,0.17361398636555778
0144a9ac16bd524a80fc55e5eaa96f21c33a7fa4fefcc80f5702db9b25b147b7,13.0,0.1476,0.9793,0.0374,12.0,0,0.025347904290330354
0144e777a1889372792cc9535e6533e0685117e47ec1dad193d910a9f76c7c1f,13.0,0.0641,1.9418,0.6995,6.0,0,0.42400320508834916
0144ecb748f9ce2b7a60af80ba1cab07089f9a5c4974b2f40f825fc56e6d9ddd,13.0,0.1208,1.102,0.0328,13.0,0,0.02304165991270199
01453fdbd6d22af4c0743c350d94f303156c55ea1520e150ae4adfcc15292f8a,13.0,0.2162,1.5383,0.0131,2.0,0,0.060868684136188726
014541cb5523d77e062965fae347b964486607d5fd59db47aecd9043454c7a18,13.0,0.1635,0.9668,0.0251,3.0,0,0.026082860699870515
014545b7856f6209234beff204f670c08819dfcf2a990e84d83dfb4d0f4bd86d,13.0,0.202,1.0782,0.0114,2.0,0,0.02958367848993349
014549fc70f9f49e1fd291ff495b6043ac7a0650eb3c5dfe7967c0e86450b5b1,13.0,0.1656,0.998,0.0359,9.0,0,0.022361300368900352
01457ac34097cbc23181edb7aecd2ff3e2bc4e97d8e3913ef2dc115e62774905,13.0,0.1629,2.2952,0.0335,5.0,0,0.04821543897852548
0145ecc1766b00602be0a91d8a83085cc9645cf84e84d7bd6e812cf832ae1903,13.0,0.1727,0.9866,0.0515,3.0,0,0.034798790331552004
01464f771923a8ecdcde21c394eeece58ea51d775de9f3950689e809dda4e9de,13.0,0.1421,0.7239,0.0339,7.0,0,0.022685168259366083
0146640ec5f5ab9bc75b470f9077f37242912ed875b749699f86697cd014a0ee,13.0,0.1589,1.0185,0.6062,4.0,0,0.4717104431641799
014666074bb7431b483711c9d5e63dde46b3bedbccd9347fd933f25707199b7e,13.0,0.1486,1.0004,0.0727,2.0,0,0.09111166982285603
0146746d57aac943f1cfa5cf3961c117c4aafc6536a6bf29dd20458b07e16361,11.0,0.1677,0.9916,0.7639,8.0,1,0.4635069521076748
014682dffbd5e794c9caccb3633c0be46678b513b7b740c95b23432d50d3cf34,13.0,0.3069,1.2842,2.6117,6.0,1,0.8542133783456106
01469df6846493cbf24232f4f30a0c30697a6f4c47a08aaae09659f82304771f,13.0,0.1705,1.0185,0.007,1.0,0,0.022307797935403516
0146d0387155c910e66f777ad61115707736f2e38cf71ab6985e717dfd2a0da3,1.0,0.0746,1.0,0.0243,0.0,0,0.05522078131775455
0146f504b9193b8cae6e0a2c9e67e29f4e1471896889e60c68ecbc9f28c5c961,13.0,0.1203,1.0065,0.8427,5.0,1,0.3675901878848263
01471fcbbc6e9fd573ccf1a4e2f9237b7ab105cab9d97b4f9888abedfd1f5523,13.0,0.0835,1.1019,0.0433,2.0,0,0.023144712191399554
01475a87ab6b2d1b10b0b1700096ca5c3bffd8125dcb7c62cc928a06d5b0885e,3.0,0.496,1.2513,1.4529,2.0,1,0.8188043844127386
0147a92aab9065a3910bc0712305f45daeb4aa1e357186e75bc0bd749fb5ae97,13.0,0.0,1.0,0.0078,0.0,0,0.03633201737750049
0147c2bbf0e4ece678d9603f50aa8ab68a5d4dbebc34fedabd23074d19cfc55a,13.0,0.2141,0.7651,0.0163,2.0,0,0.02652407664864886
0147c336e87510b0bbd351cc9a53596f7825c3d89a351e25db54e8d7fcf57c97,13.0,0.1487,0.8683,0.0407,2.0,0,0.028639804311700975
0147caa4fd71d63b0cc6d5d698145a2d9b7f4aa8f54714ea280e099d73f2b7d2,13.0,0.0,1.0,0.0065,0.0,0,0.020263886945132575
0147d0304eb342673b6f4e3c600dff03418b310561925f06540b95c7b8772043,13.0,0.0,1.0,0.0847,0.0,0,0.11993251064281209
0147d2600df9ae0b8b509d1dc4f8177a587ea02cb3277972afef250572acedce,13.0,0.0,1.0,0.0081,2.0,0,0.03282097023136836
0147d513b914e2f34e317b18e50774a8241253b7aba70b8c6eda947a67b67409,13.0,0.2877,1.5179,0.1863,7.0,0,0.6482900984159862
0147fe9607d0fc77b707de83e6b692382442f6095b88400b87a799c6c7de2ab4,13.0,0.2756,0.7833,2.0592,5.0,1,0.8467850845381638
01484604951b1dffda50d669c0de743db3f29a953afb3a1c5ebeba6e518114ec,1.0,0.2505,1.0,0.0624,0.0,0,0.28565403820656843
01488fde11c4090a140b63df4349b3a1ea0ed6c14d2308fe6dac5c0079172968,13.0,0.036,0.0,0.0052,0.0,0,0.01558099710817492
0148b2ab25eef11540430f19ff83004b473f9401131b0efd54c3ac264e399665,13.0,0.4037,0.7355,0.5711,11.0,1,0.7077427597745043
0148c074dc455c10de2346b328872d57dfd319ccc3cb53bc4ca06b8c5283d203,13.0,0.3133,0.966,0.0142,3.0,0,0.08045580371213253
0148c2c93fded7a851268217c5e52d494f4541757dc976bf2ad591a72c0d6566,13.0,0.134,0.9991,0.0341,4.0,0,0.01946337640046817
01490b0349d29dff4640629e421dd13aa28fa2ae58e18ffec9e3155890dcba05,13.0,0.2205,0.9204,0.3891,7.0,0,0.5709142267550642
01497b626aceb6b1f0f6fa45b9c48c3e4a135bfbee9dd9cab8241f03c27e7f12,13.0,0.0,1.0,0.0096,0.0,0,0.07447578192254842
01497f4feddeb70de8b521362bb5afc38a271c825c0d1adc63ee6b93cb8a446a,13.0,0.2329,0.8034,1.3776,2.0,1,0.7102473037294174
01497fc59bf4cb7c24ee630e07711d226aa3658fbd108875712d000ff3e5bb6f,13.0,0.2219,0.7927,0.488,8.0,1,0.6005934854866042
0149a770cb8c46915cdaf138ad4c0b5b117bda3be4dacb5726706cb899a22063,4.0,0.1678,0.9411,0.0418,1.0,0,0.03447802194990062
0149bbf4aed3274baffa288caaa0d4bcf5a06b73d0ee1d4b1381e7b13d73755a,13.0,0.0746,1.2776,0.0236,2.0,0,0.022338433228647814
0149cec379664f65b158fe2e895050ba4498d5b52c247293a0745a7270c56d1a,13.0,0.0,1.0,0.0094,0.0,0,0.07006471872599379
0149e6ee6b2f444bb41d8d01b78cee78ade5cc806ba754222050ec9d501a97cf,13.0,0.1044,0.0,0.1768,11.0,0,0.17314014302403738
0149ec819a64bee6da133b4aef9e7d17d19d048bee03da64941ceba844dfd833,1.0,0.0,1.0,0.0036,0.0,0,0.019980332496187008
014a26bb50b9ec728298526298e8ef4be0f47d2bac1a666ee7675431a4a745ee,13.0,0.0,1.0,0.0056,0.0,0,0.01978947117409603
014a5b936f6d958664641b63f36368dc142c6cefe9e5a08b3386aabdb56fc803,13.0,0.1052,0.4105,0.0311,3.0,0,0.017985503337314065
014a5fed4eea49f144f1794ebd745b3fc66108edddd10127c9a550ec1f4d266f,13.0,0.1679,1.0416,0.272,11.0,0,0.4142344627625792
014a73f7c4409cb488658adb314389b1b91dd9964deac2ac643f80c945adb8a2,13.0,0.1318,1.09,4.6608,7.0,1,0.7745194336874279
014a91251d8b70703da68336df65205c164bdb7d6326a1efb161c1e86d488697,13.0,0.0361,0.0,0.8165,10.0,0,0.27678177808250726
014a979c510695a4794e4aa60692c5b81124a8a9e898036441c2882708e089f7,13.0,0.4909,0.8031,0.0378,2.0,0,0.07428533098994582
014a993c979efdcdbc3c1ed0ae8e668b8a1c54cbd2833812eadaa451496afe13,13.0,0.3717,0.5622,0.2397,9.0,1,0.625109331303979
014aa4f8ada96b5810f83a8e8709445246b8c7e18b73dc7428ed175f8ac41a1d,13.0,0.0246,0.0365,0.0345,3.0,0,0.01965531271921755
014acdf194395e59ebafab79d2ea21c439f9caa3a3f40c4506a3bf6d340f30f0,11.0,0.2376,0.4356,1.0019,6.0,1,0.6495320453568497
014acecc038c204f2ec3ce8fef34f5a32344720894d8b57f9471e692aae1ce3a,4.0,0.0,1.0,0.0057,0.0,0,0.01978947117409603
014ae4bd65a8331fcd59a3c7f449f8b0753722ce0a5ccdadde040c0663a442c6,13.0,0.1195,0.0,0.0321,2.0,0,0.01991247614697828
014b6c9add63bddaea12be13efa39296632c84496ba190f563232e31914f70e6,13.0,0.6662,0.2475,1.2208,10.0,0,0.6846448277475846
014b9bc4c0b8a4cc84005a193b4092bdefd5cc9ea443a522bfd9624c2b8ae5f0,13.0,0.2506,1.6467,0.1602,8.0,1,0.6208022026645346
014bab7c869a2c23473fd4bb268366f7d7851a1faa7f462545080aa096364842,13.0,0.0,1.0,0.0058,0.0,0,0.01978947117409603
014bdc604fbba01c7d461b576b7fae851837e553c1447b1fc7ff31fadd25e7fd,13.0,0.0,1.0,0.0047,0.0,0,0.019980332496187008
014bf81c181084e94b340a4864c05818e0dfe070a067e287be2f9d6167a51168,9.0,0.1495,1.1005,0.4555,5.0,0,0.4360154089065679
014c11f3aa783e11b9ef3c7ae3243cf975e3ae868d5bff0ed157803225faf616,5.0,0.1856,0.9025,0.4137,1.0,0,0.44282466409440135
014c36872b40d31c65110ff331c877185a4629ec9867f4aa6455e56a8bf40150,13.0,0.0,1.0,0.0054,0.0,0,0.01978947117409603
014c7e8e347c778c70f602acb163bf01170f795137fdf463cd4eca025d67e23d,13.0,0.8036,0.3882,2.151,3.0,1,0.8155255681097955
014cc8c7fc45025c41e63369dab6c96803d6679ea68e3b3f3fff764ed3ab9777,8.0,0.1483,0.9528,0.0638,7.0,1,0.10575705218654681
014ccffb39012febf6b6ce24931269b546d22b5ac2f60646e9b64912468724ad,13.0,0.1803,0.5912,3.555,3.0,1,0.8266765534448755
014cf5276205616b09dd1b05ffb7d4da16359b40ffa54220376306ce951fa5a3,13.0,0.2215,0.8298,1.9545,10.0,1,0.8189808693648986
014cff5280d7dea8adee83413b572ee18aec46df01d8e04901784e36aa857c6d,5.0,0.1677,0.9981,0.1367,1.0,0,0.24127415408933575
014d2db0bc739147cda3677ad11020d9d890fe752c1cc83099c7c2a3d74633fc,13.0,0.1812,1.2862,0.996,3.0,0,0.5538946100644249
014d5d52e92ece6ce43f4323cbe17cbc65ae1d2ffd0d07ead8d3c092ba7e450c,13.0,0.0565,0.3822,0.0651,1.0,0,0.054578164483643145
014daf4ecc32f46ace894e526a7b39f8a7762f6954c79d5beea055bc0d354221,3.0,0.1813,0.9767,0.0281,0.0,0,0.0732239534500636
014e2a401004329b99dcc69809c025da9f398e0cecce92b720310cb22fd85e11,13.0,0.0528,3.2987,0.0072,1.0,0,0.05192898377102617
014e413d6e7f5479d29ec5fdf04395caee7b901c065cf5a41cb37f675e6fc0a6,13.0,0.3677,0.4604,0.0284,2.0,0,0.05333799457106988
014e78be052f9d6885631079e2fcc48e1d9fd9ef766ce992b66c1c63c34a2720,9.0,0.3781,0.682,0.0093,1.0,0,0.04989189474772168
014e79018e11a4317ca02a5fd9dd87ecd588a29f5b0ed12ffbf42c413cc21a35,13.0,0.016,0.0,0.0071,0.0,0,0.01769300875936031
014e894c62cd995b409e8288ef42bfff88707c98902bfdf96bfe6e885bcfad89,6.0,0.2493,1.4627,0.0778,3.0,0,0.24171429408701847
014ee49aedd4794f123c1a95be738e09eb462cd11a90a55a266194bb3f8e09fb,13.0,0.1621,0.9958,4.7792,2.0,1,0.7971941400729498
014f0eeb45d80dc5e7a0e7fcd19c740f9c9471d14224e03ab9cf85dc80831962,13.0,0.1753,0.9141,0.0395,0.0,0,0.11471005944021292
014f3c8334b4490f2ca3e868c6c932107f217a2835d9804f6331418abcc829b2,12.0,0.18,1.2403,0.1353,2.0,0,0.25045807373680395
014f5ef832c5f11088d1b85dbbefac165b09978ef9af8dde6e2069c244cf630f,13.0,0.1629,1.0183,0.0568,5.0,0,0.08683274656077611
014f61b9187ae59952e34b5df047ae82c19610e6f368356375c772fa29732690,13.0,0.0323,0.4981,0.0302,3.0,0,0.019364891661075124
014f7b292528ac393b5b68d62a631cac803da4d970048e92a93ca6073626c0b6,13.0,0.1255,1.0394,0.0257,7.0,0,0.021136730412605543
014fcb264cc90bad97ba8423f81e85413231120424312afbb06d3f2b14276cbf,13.0,0.0,1.0,0.0043,0.0,0,0.019980332496187008
014fccafcec18b02c8614e4c992720d40f3c1ffe0ca1695ddc3673f233188cab,13.0,0.1503,0.9468,0.4425,2.0,0,0.35579298162541606
01500e2a9f82cfab49e8abb8ebf2101abea1528701250901c1396133cd4f9c38,13.0,0.0851,0.0,0.0061,1.0,0,0.014285180025434102
01501521562e1c8388826dd42d41451802ef0a7a09ca32bf58efc263614f4eab,13.0,0.0,1.0,0.0064,0.0,0,0.020263886945132575
015020ba15f434944612bce2ee92d7f641904070969b3edd3fc2d505fd8135cc,13.0,0.459,1.21,0.9768,3.0,1,0.7574954415769699
0150253a6e73af36f300391a3cc5cc78035517b74758bce695c4c3c1c2251df6,12.0,0.2001,0.8201,0.1029,5.0,1,0.3348974839679099
01502e45de6d4b0ec84e604d6a3a7f30b8814b6a78a913d7d425e41dc67ba606,13.0,0.1375,1.1999,0.0522,8.0,0,0.024719837329756217
0150770e12bfc6a75f82aa79ec41bbf0734a1a2475d2ad29b8b5872216f44180,13.0,0.04,0.5156,0.0541,4.0,0,0.030972921198897146
0150b28f168c757c6eed6049b577a936dbd28e59ea98477fa69f873831a8b97a,13.0,0.205,0.722,0.1258,9.0,0,0.4072772937089645
0150d2884eb0b1d699516263a1076894e65d7cf80b05ed8a2ec6e4773d7f8bf0,13.0,-0.0048,1.0,0.0311,3.0,0,0.03025740094043499
0150d4a6f6e47eafb553606ba748e244566b85ca9330d8d15ab77d4192b2875f,13.0,0.0,1.0,0.0086,0.0,0,0.06425341129100266
0150ef1f8a2aadad62efb1267980c7719ef421cf277f588dd75b52ac3eba9130,13.0,0.5583,0.4754,0.3935,3.0,1,0.687403202464758
01512402aa16db22b70ee83702b3575403aad4b4045700601af1467e86c4c97e,13.0,0.073,1.0363,0.0509,2.0,0,0.025969356419761933
0151c6486f0aae21c8819b958d44c7ae1287e1cb365bcd9d2c40df51a5165543,13.0,0.1644,0.955,0.0401,1.0,0,0.033157457300014376
0151ececc73265465d2c0d7979b559572537f626b49d4a5e71c5b8cad8b1e77a,13.0,0.2061,1.3164,0.2158,4.0,0,0.5554765460114812
0151f678a41fb0a9d7ff93ed1ad26c5f645a6b406680bd5a2f15f3a903668495,13.0,0.1488,1.0004,0.6638,3.0,1,0.4504443158862753
0151f9e9a6dca117bf1ce725951112ba6429d34013723883539ae5df5d2b7fd5,5.0,0.2587,1.0265,0.119,1.0,0,0.3713680426632993
01520154338e9b2acb43a592c5a2ca13bed3239384082d8b46c1048b814ff708,13.0,0.1559,0.8775,0.013,2.0,0,0.022082527534080135
015239c7a3f332cbbc70f26c9e9250fbcd325502be3bcc29d95044e9170f20ab,13.0,0.1431,1.1239,0.406,1.0,0,0.32914360819925065
01525cec4ebd6c642afa9630f990bd61def192ab18b989583940841d0a03dde1,13.0,0.1093,0.9297,0.0373,3.0,0,0.018350062396917406
0152860993fe1a7b155d07743fbb31ac8c70ad4202dce41ab50c8662aa3f6dc6,13.0,0.0958,3.2508,0.0087,0.0,1,0.24354449113971113
0152fdadd3840dd7c0245e951708afa2e9352dea9fa82bc490d37caa317c8992,12.0,0.202,1.0566,0.5205,3.0,1,0.547696724503143
015346a6d1485b4b5fe771c5ebf32cb0a44f312c9f8d2ffb78d6c66b1678c1d5,13.0,0.1395,0.9651,0.0506,6.0,0,0.02265962886815495
0153927d9e10028e59aa5f15c4145c9948d2182c524072670783793c69fd7284,13.0,0.1647,2.4735,0.2778,3.0,1,0.5436099185417576
015399b8e15c44935543f2fb3e8202e90b72ce377f995be4be829446d0e1c638,13.0,0.0635,0.0,0.0088,1.0,0,0.025138022989400675
0153a2d752aa352c13db85bdfefb4aad341c2884ec9c0f01732a9da9500c225f,13.0,0.0933,1.2539,0.0357,2.0,0,0.021912476463032314
0153a6922ba0ba5237b746eeeb35680449fd1ebb5c3ca74a7dfbd93020ab02a7,13.0,0.2573,0.9349,0.0112,1.0,0,0.04874970582363486
0154215b3415d9c499f8445047657ff06721b89df03ea1cce64ed8a7640efb0a,13.0,0.0614,0.0,0.0129,1.0,0,0.024267057689532
015453ec9ca68333362163137d0a5b5bdcf442bc59e7d9a8feb956350de2c461,7.0,0.1736,0.9759,0.1371,1.0,0,0.2276214467002662
015471f5bb952889c62a73ba9a81e252ad565addb10645cdbbbcd819faf81205,13.0,0.1603,0.9832,0.0765,2.0,1,0.1761412504550985
0154c4653fabf5f12906d05e741020838c510e12570dd767c90060b938031b97,13.0,0.1563,1.0255,0.0096,1.0,0,0.026716514541423195
0154c4e7b3d035cffd4cfc50ac93ed0be270eee106e1e4fe1bfb32cc5a913306,13.0,0.1878,0.9995,0.055,1.0,0,0.08845087710779014
0154f9fabd281ff14aa9bbebf5961d8d896e4244e0f8cf2185067f765f57d05b,13.0,0.0996,0.7373,0.0694,5.0,0,0.04427619524643623
0155177efc129835b7a2cadd8aba8f45368fbe25db0ff961c4a36b111e13c195,13.0,0.1839,1.0573,1.0677,10.0,1,0.6166909790322106
01553cd28a449fb4fca5ee1a119d118462abb3686738c83354ae7d3e9dfe8f31,13.0,0.5045,0.9261,0.0125,1.0,0,0.05951894764837226
0155afd8b8d3eefda2fbf901c31033c3cc16d92ce5ef20047646f2134ee93a6f,13.0,0.0401,6.9994,-0.006,0.0,1,0.5425447765374447
0155bf8bdb84a3b6c1306e8f96f9f4f9a3d85e31eac7b936d1798621bdeb4e76,13.0,0.0738,2.3024,0.0404,2.0,0,0.046253638864000184
0155d387220526797a606bb8a2a79104682e50a508044ceeda96120a176a76b4,13.0,0.4237,1.8965,1.2641,2.0,1,0.7754258366672266
0155ed08cca47bb4266e68d903b9d6c457057f1c420ae062574f53b6a7b19092,13.0,0.0791,1.6264,0.0617,2.0,0,0.0633623227705458
015680a7c6299be196e294738e422f4419dcf9d949b18da68469ee14f6d8c544,9.0,0.2641,1.2686,0.0157,1.0,0,0.05152864606839223
0156dd9f1533afb2ca111aafb6969708ccccecec6fe971c9a1c299b2176a2b4f,13.0,0.1773,0.8925,0.187,4.0,1,0.4051025915522154
0156f02c5df3d3e7b1f45df730e6fb33a89c56abb7f0eafe5cd49462da29e527,12.0,0.662,0.6838,0.1323,7.0,1,0.6252208802389599
0157518735a805f3e35363cddfdc9b1aa13995d6b4f0a71228c38d98a58653f7,11.0,0.1448,2.4992,0.1049,4.0,1,0.5451297876854668
01575245001c9afd3e7c7a1f0eb585b54d69874619a693fe04559d9489b9dcbb,13.0,0.1184,0.6874,0.0243,1.0,0,0.02175150669048484
0157709beaaa7f94d88e7a3742feb492304f82696cd447d353856fa72a333fd5,13.0,0.3275,1.5468,1.5393,9.0,1,0.7956398872035969
0157a7c96250308d451461098e4098093eda0183c2f1f7be65bb607985a1a4f7,13.0,0.1663,1.2346,0.0114,1.0,0,0.029703319242341264
0157c4eca54017dfc4b70d9d98147a69a1fa5b6fbb6136e55d2bbc811ce6ca12,13.0,0.0,1.0,0.0077,0.0,0,0.022280945636023855
0157cb1e4cad08c60a1eaf49f6865a00598c39683c1ced18ac2a43a79cdd9c3e,13.0,0.0146,0.0,0.0052,0.0,0,0.01558099710817492
0157dd2fedd526f0541e613022d073ecd117146eda1210c14286bee30ed50acc,2.0,0.1449,0.8668,0.3129,0.0,0,0.3137913089523595
0157e8fbd4d79773ac3f4fa4ba784dcf08d4e159f941f6bc0cf4e0429c5759f0,13.0,0.2388,1.0531,0.2937,3.0,1,0.5986225781173771
0157eef9906b7558a93a4d2172e4fa428695e705e03c904acbf77302f2c1cf89,8.0,0.0709,0.5739,0.2033,4.0,0,0.16402751516857259
0157ef50befa7605da5e0a8b041ca1657ec449f9d8c32de3c57f57639b4058a2,13.0,0.3447,1.1416,0.0472,6.0,0,0.18602791038147085
01586e3c687055c4c7f49084c75816950a98b2a723844dd3b7bb7da7420d290a,13.0,0.2802,0.5093,0.045,3.0,0,0.06449837715514377
01588a8e310d62ce304a19e24ced332acc9fb8bc6da1c1c615561ebf14e105d1,13.0,0.082,1.0178,0.0242,5.0,0,0.018925944730136427
015895e4d6d34dc83877264d7eb0a65b3b38172474810240aacf32c5895c15fd,13.0,0.21,0.9398,0.0303,2.0,0,0.03374761669959679
0158a041dd27b261321aefaf9c7b3e88bdd8579779d2ca6985e242a081003009,13.0,0.1616,1.0884,1.8002,2.0,1,0.7428682334811633
0158af0edbf99dade1e9858b515173adc4cce533ec01bb6a226f4c5f4dbacb7c,13.0,0.1164,1.0861,0.4079,1.0,0,0.2382891727641845
0158cac1d749e4c9571df643d047a7315bd2d507d6427d586ebd6d2898754bb2,13.0,0.2098,1.7663,0.1428,5.0,1,0.5740792965365401
0158cb70ee6cf59ccdd7d032fa3947e9aaf65ecfddfbab28ce5566addd81e4e9,13.0,0.0,1.0,0.008,0.0,0,0.03828730443968284
0158e96d6f5d6460d698aa1127461713f2ff004730954c7eb198af81433ea24a,13.0,0.1519,0.871,0.023,4.0,0,0.020617092094425953
01591056470c860cf3d584764b53f241980bdb4d99362b2c7b86515508c377f8,12.0,0.1626,0.9676,1.1548,6.0,1,0.5806533809871779
01592add3cce6aa67d9dfede55704e0eb12a431c1b063e19ffe9aaa0bed14686,13.0,0.1193,1.2892,0.0109,3.0,0,0.020375727718328768
0159a04b351ab15ae6374cb2b19cbc3814ceafe8b39aac5224f8daa176e0884f,13.0,0.4611,0.6367,0.4621,2.0,1,0.6558477496317766
0159a6523f72c5439ccd20ca5303bdea62620a24ab89e3185e2712315b0f839b,13.0,0.5682,0.801,0.0919,8.0,1,0.47442195514538094
0159aeeb4b0af733e32edf62cb3df9252d6f9ae9f7bca35ea1fa060a9d1d250b,2.0,0.3336,0.9936,1.7921,1.0,0,0.6376596402625057
0159d64538b4be66e0c424e85b99c4086e5b1749dce73fb49c71fb8f8946a27c,13.0,0.0,1.0,0.0101,0.0,0,0.07447578192254842
015a9afe5923fdc3e6b1adf053b1393303e88e72a40afb18749db7699cbfe1a7,13.0,0.0,1.0,0.0064,0.0,0,0.020263886945132575
015aa232b369eda3fd853049eb87493ece6ac1c5e866f546a5834ed3cac726ea,13.0,0.5227,1.0092,0.3963,1.0,1,0.6569787029944709
015aac004074b8824730faf5f728272820e916958647f757b54878ea76d92fd3,8.0,0.1169,1.1818,0.1591,5.0,1,0.20386065273293086
015ad2f09398c2fd78f272cc68264df29434341361926cdd7e8837671a30d8d7,13.0,0.1428,1.1818,0.0861,6.0,0,0.13928865473065585
015af00d4cfb9c06d6f55df69ba849965ae02e41e44e001fbbafb08d7219f233,13.0,0.0753,0.0186,0.1266,1.0,0,0.09495921852426813
015b3bdb4851eb823791f0fc091a809160113a003ed8558017163113f43937b6,12.0,0.1261,0.9827,0.0192,1.0,0,0.024824865774526278
015b4cf6fe8f5a7b7deea58c978099c8d954bc1df6d3c596268195fe7a97f550,13.0,0.0733,0.9556,0.0523,5.0,0,0.021959421441709957
015b5cd52cd270cf65c091b4bb4967c5de3dffe701c8bbe4262d7a4bef0cb794,13.0,0.1539,0.9472,0.1517,1.0,1,0.26297994439757433
015b929cbfe37fc45a48a1594fda8c048ec26f43b4761059c8cc71d7ea4dd018,13.0,0.1362,0.9701,0.1773,6.0,1,0.2681095355642715
015ba32437832f1bdf4d850e55e9ada322205f78210ccae51923ed2b404c2d27,13.0,0.1713,0.9771,0.4371,6.0,0,0.3989716252552054
015bbf4a11159cfff546b4208843bb1eff1be34031898462a02983dcdc370012,13.0,0.2394,1.6252,0.4466,1.0,1,0.617624452880635
015bd0234b6bd5938aa2545a6541f5e097ab6abcf35f4feff7a66f230a050dcc,1.0,0.2075,1.0,0.0202,0.0,0,0.07353800160871746
015bde12e3a16b592e11e22afe9d19dc9400e683fadbe7beef9712f1a31e227d,13.0,0.1554,0.9564,0.8443,3.0,1,0.4403578162142533
015be2fec7801dc88bfb7b5a7d1610702432fdf4a8edb47f54d20356d43a4dd6,13.0,0.0,1.0,0.0068,0.0,0,0.02219398911428473
015bf19bd4ae0aa5088786c2b45e54dbf2627204540b6f1cd7d2c3736b193b40,13.0,0.5254,0.633,0.0843,4.0,0,0.33974830536902323
015c3be3a7139768fa4b70da38131a680bc54cb0ab89a511ef8c1fc31495a91b,13.0,0.3378,0.6291,1.2546,2.0,1,0.6803770755033003
015c87bba3aad7c7a6c5ed0ade7e041448888b719ef40850d5449d72c003fccc,13.0,0.1434,0.6421,0.8678,10.0,1,0.4460957937940331
015c95c548ae2b1cc27c080ca2ee1c79a216ba022f5778db0033a2f87c1cadc6,3.0,0.5243,1.2394,1.1097,1.0,0,0.6689822393798525
015c9914d026882534b322aa8135b53e1c252cccdcfe916ff92542826a28f989,13.0,0.5624,1.4811,0.0758,5.0,1,0.42372864086157164
015cc7275dfc9a2b7ba4f10410451f30f4cceec7b5632bbc2e81e93b59deb71f,13.0,0.2505,0.7391,0.0377,2.0,0,0.04274415651872233
015ccceed6d24fd71538a6be319442ac9e05056f192c3f169b67eea1602ff1ab,13.0,0.0778,2.2016,0.0075,0.0,0,0.04087477904358503
015cdd49c0d8a12f645843a104f0c50bf4a487f7b28666187eff58cea357cb06,13.0,0.2843,0.5399,0.6659,13.0,1,0.6535110045684139
015ced13e6a2f64d5274ea62b8f965e5da348d6b5553ef410137783b18f5ecb7,13.0,0.11,0.8201,0.0485,9.0,0,0.02063564734089264
015d2f6ad02988759a8ee4a6caf2e936257608285bb466eaa0d0d2fd8ac8a979,13.0,0.1583,0.8795,0.0258,1.0,0,0.022535091317231592
015d5231d0c134c0a65fda96386abc5dc400ce254bc50b93f90a70e579fad7f5,13.0,0.357,0.4914,0.1071,5.0,0,0.4182386743505897
015d7145f6f08672812c096b4dac3483af140399af6079e2c11cf2d11fea0908,13.0,0.2067,0.9701,0.0294,2.0,0,0.03071166467481596
015dbcba6a7ca5a6323ddd0373b35ba762c6fb5fa86b55c4fda60efc3e36de2d,13.0,0.1285,0.9689,0.0419,6.0,0,0.02050165217845389
015dc53124ad85fd32f43344aea6fe97c5e94773690d5a45b2643b6d52cd86d5,13.0,0.148,1.1229,0.509,1.0,0,0.34695285831126893
015dca6d500217bd8b112783aab9f5ef35c4afbd96b0584dd1730f65bae20c4f,13.0,0.1966,0.6841,3.1365,3.0,1,0.8493537188130432
015dd4423918b131cf5fca4e3faa4817ecea9bb69e07f626f6edeea37272c95e,13.0,0.497,0.8694,0.203,5.0,0,0.6633140258388507
015e10ec3d0634045d14fab021a4f6592112013ace76c582a3e7a7048b398cb9,13.0,0.1359,1.8834,1.571,10.0,1,0.7378850559576661
015e60a3887cdea7cdf4ffb307125c8692da9121068e12a988b68aa932cb139b,13.0,0.09,1.57,0.03,2.0,0,0.02609797734715168
015eaaafff2da0515c3c453cd2a3e542313feec0e7c120dedad73f2441569165,13.0,0.2505,1.1318,1.2733,1.0,1,0.6435623078738726
015eb23619d4c937a1ea12464af949c1e524c7e0a14192bc04f5f6c03b2193dc,3.0,0.18,0.9683,1.4664,1.0,1,0.6347587135790022
015ed665033d1d4001f822c55b3c99d1090c1b9cc110ad870f0c65772067a2d6,13.0,0.1016,1.5863,0.0328,2.0,0,0.02624300157291742
015efdedb8a2620998993bc6cb131dc84237dbe692b81dc3c95ba38559d07f4c,13.0,0.2758,1.5067,0.1436,2.0,0,0.5541575426144418
015f067c265b0be954b54544072bcbe567176000fb6a478722484b00392dea20,13.0,0.0687,2.5892,1.4641,12.0,1,0.7796729409803262
015f0b2cded5581652ad84ea4b373d632d6189c989837ecab68fb292ff87c2f5,13.0,0.1285,0.544,0.5563,13.0,0,0.29776278086151686
015f2824de10892d7293ec2a81025109a898f44c39fb41a10fa06d38a498c790,13.0,0.3497,1.5129,0.1229,4.0,0,0.5427911749046276
016024b833b9c20c4d35791c1a0f4abd25f0d4a7d96263deb63fa2d5b6a8a333,13.0,0.125,0.9426,0.9439,3.0,0,0.3508968700394986
016078eec060432f62ee7efb991646fcc100f4c85a940cd1ae6fe21a46dca66c,13.0,0.2971,0.4941,1.9135,13.0,1,0.8227679898572029
0160a8d6505e43f09349c6e38eced7a342a8c44a15b744aff9d336fe4b875ef7,13.0,0.1345,0.9596,0.0385,2.0,0,0.021688734379318696
0160d26819608e55c722351b6d7e3e75b7762f2bcc9a8f8c97c854400ca7767a,13.0,0.5556,1.4497,0.4541,3.0,1,0.7840988253432198
0160d2aee3bc8e471d32282cc17b162ec0b750303a405467e058adfccd91d7ec,13.0,0.1051,1.1193,0.1965,3.0,0,0.21689873794114195
0160d7ffffe1a4b64da271989824cf4ac25d21d48c1a317873a66edc4c84c553,5.0,0.1848,1.3156,0.3271,4.0,0,0.5142740677256084
0160ec66104923b014e01c0a5a7d847266bc443846a28bbf0beb5d68e4a09a7b,4.0,1.9325,1.3356,1.2783,2.0,1,0.8196800126581509
01610691da95b223ed3a5e8465ceee306fb3876fb437d7d223560a4a86a0a502,13.0,0.0,1.0,0.0094,0.0,0,0.07006471872599379
01611e52fd853e19893cdcf591985d93a884a3002f78b771489481fc058c7ff1,5.0,0.0695,0.9764,0.1091,5.0,0,0.11351254551581486
016127a674feb3fee9c04eb235159874626908c52c43319ad6e603f735dbfd23,13.0,0.1299,0.7444,0.0661,3.0,0,0.04725586578727024
01612856f1744cefa8829526cc7086f7648bc0f5fab691306798f337b8bb8c16,9.0,0.3058,0.8915,1.0634,4.0,1,0.6849529087856807
01618f482c0b24232c40d1ed1826786d13364a47e0311a2de75d90ed02792e65,13.0,0.0,1.0,0.0061,0.0,0,0.020263886945132575
0161ab657b736534bd80a72695afeff99b94f53423d8329f74a429add6f38737,13.0,0.2323,0.7249,3.2785,11.0,0,0.8309589432883439
0161ef00e6e63277bbef20baa93f48c6c1edd6b27cc17d505f106e69779a6d18,13.0,0.3323,0.4637,0.0451,5.0,0,0.12096449122267955
0161ff5554afe2aec3dd7e58ef6fa53e2bfc89180d8391a4b6fa73d3a54b71b1,2.0,0.2449,1.0796,0.1875,0.0,0,0.37165835108012485
016203306e0719b655d268c37dc20ec6f8d42f712878ab2bffa96178e3353f8c,13.0,0.1298,1.067,0.5546,5.0,1,0.38556667752582113
01625fe722e362140b5e6bf7939378a04b5dae25d83176f43942094d800f6ce4,13.0,0.1998,1.2363,0.0401,4.0,0,0.04259988588709954
0162bf02fc0ac07e77f3fc8fb9a3c176dc17cea9342c1a691b074b7904a2a054,13.0,0.1069,1.6096,0.0497,3.0,0,0.041810665004540754
0163243d9bbb1a20f8a34a906a1a22887cf635ae0e164b35784e202b18b3a644,13.0,0.1986,0.855,0.0997,3.0,0,0.2288274646918719
0163455e16299151299342a1f24363e74d591873bdfc607bbf45c7d86f7f5a62,6.0,0.2305,1.0208,1.1109,2.0,0,0.5730747040199037
01635f92326e62c02176b0146b5c6a13ede6ee47f28062c9441c834aa310e205,13.0,0.0,1.0,0.0046,0.0,0,0.019980332496187008
01636d5cbd63ef85bc93dfe7b8cc9398baa51e392dbe78a860e004ae89e700c5,6.0,0.0,1.0,0.0062,0.0,0,0.020263886945132575
0163a2217210c5480662f627e5d4e013c2ed2083d638a4f879e53ddc1270af26,13.0,0.1366,0.814,0.0352,3.0,0,0.018760251662952823
0163b2cfe6194a964dcbbf3bfaeac87828c930a655f201a2010c2a3e0a6178d9,13.0,0.0999,0.9729,0.0385,8.0,0,0.02127680211959144
0163e22259e7ef19e90ce4fb5249042bca9fe287c90ffc397cc949b70c2e61fa,13.0,0.1443,0.0,0.0144,4.0,1,0.02284801817814543
0164002e5e108c1552f14e20674ebd7c2dd202531024bf7fc3608ee95cc98acd,13.0,0.0,1.0,0.0065,0.0,0,0.020263886945132575
0164021258e5cdf3daf84dbc4ec2fbd4e0facfd3912fc158ab4e58cb774f315e,13.0,0.2862,1.8034,0.6818,6.0,1,0.7033478232718173
01641ad5e5871475e76a3f1eb82721c24f2d4e7d139a22b4b22c63df105afc69,13.0,0.5915,0.4306,0.5324,6.0,0,0.6561911558910084
01642c826b26fb35a1308923a2e2f437c09daa723d0b0420fafc5ec65c914898,13.0,0.0,1.0,0.0085,1.0,0,0.04439636722787913
016439fa2896ee46cd5eb1b4173bbd1056d0a933b38a2646630b48e2fea26266,13.0,0.2031,2.7484,6.0358,2.0,1,0.8290664165172805
01643e199657093ff8771f9329021ff0f7d7d50cbe4bdcad656d92801af3bfcd,13.0,0.0652,0.8825,0.0406,5.0,0,0.0176703572570404
016447f3e293d0c9991065dc2fd961fc4a85bff1f9f9ee03e66eae5bea8ebba0,13.0,0.1464,1.5707,0.008,0.0,0,0.04350887226352818
01644f10a9fb0db2692705aa35ce49e065c80573e62eeb8c4b16f0f343cf2cc7,13.0,0.2649,2.5721,0.8423,8.0,0,0.623455390762316
016487a02ae1d19a8a55a0a8957dde7eb8a0a41427ce03035b7a506577b827db,13.0,0.0129,0.0,0.0074,0.0,0,0.01769300875936031
01649051c745012678c04f2e0bf6478ef41717f954030db586203ad2e8849572,13.0,0.0,1.0,0.0117,0.0,0,0.07704350507592042
01649fcb9803d7766ceb24590c11a9c9acb6141b29821b2d3c59231df074b0d5,13.0,0.1377,0.8053,0.1138,2.0,0,0.12067094704128362
0164ce7a0489a1e2151c53740b683cfeabf579497c9ed10b99d6b7639bf915dd,13.0,0.1622,0.9695,0.0256,3.0,0,0.024916666285267054
0164d0e07f8af11de79fcaefffc44d397ce352d74428e1ed4bb54a2afc1b46b0,13.0,0.2605,1.1898,0.09,6.0,1,0.30917163955497007
0164eceac4121de4047065eb7ddbfc057dd2b17ee1e9c6b5eaa595e37c224937,13.0,0.1054,0.0,2.2478,9.0,1,0.7088294511169625
0164fa27a00372666b35f07a98bd74f84587600ba4896b3ed853f0c84cf55f22,13.0,0.0296,0.0,1.0634,9.0,1,0.5738915168679042
0165114afd35784e7d5c2f5e05168ffdaa26bd0b3cde5537422b9cff96eba342,13.0,0.0878,0.0,5.2016,13.0,1,0.769772072038795
01654880ec39ce82a98c1bd9df7cbd8f82d030a2727725a051307fa056e24cdb,13.0,0.1119,1.1401,1.1071,3.0,0,0.5490816954218913
0165995e18956b135507514ec4ae254971565dc404ae00078f87e51f01adc544,13.0,0.3105,0.62,0.1253,1.0,0,0.43271202045795204
0165a7b8aa40304494113e2abaf1c23969c8b6d13180e5c3055c4c57191a47f6,10.0,0.1682,1.0297,0.0077,1.0,0,0.024325255082661243
0165c5ad1adb5a3306608e4240fae55eb7c860c336566e484936378700881a6b,13.0,0.3007,0.5088,0.036,3.0,0,0.06950015444672954
0165ebb8fd6d2423f13b4cc6b4a9bd85981e38368ba1809d6f169055e50399a2,13.0,0.122,0.0,0.3536,6.0,0,0.2094506949182797
0166059f43c62cfe4b1113b8f2dcd5080cc20aa8477e628302a354a9fc92abbe,13.0,0.1917,0.8561,0.1313,4.0,1,0.4582685050064563
016661b2275fbd12b66a6a44d5274b3ce8a46b9bacdc012080e599bc0e421257,13.0,0.0249,1.0519,0.0356,5.0,0,0.021259486462425176
01666b9d18975dbe632c7f39c3503cc64cee493503162e2993d537df820f9045,13.0,0.1161,1.1001,0.0488,7.0,0,0.022207874113952673
01668a49e815de9326669143de4a94a07d4ce07e074e4a29797b3a84f61cf33b,13.0,0.1488,0.7213,0.0692,1.0,0,0.07309303267457738
0166927f67841858bc296dfdb801a43765cdfcf7b3e2c5301b6e3b35d026e576,8.0,0.0,1.0,0.0061,0.0,0,0.020263886945132575
0166d9d9debacd7e8683d864afc6dfa3a3b7138c40af6a48fac9fc0c3dda11d3,2.0,0.4263,0.8943,0.5561,2.0,0,0.6440217724151245
016705285dad4629610a5807e2c23cb456730e41f2841f58040f46cacaf7f311,13.0,0.7513,0.8202,0.1351,6.0,1,0.6784676235074546
0167126577724f3947f18172861b8410e013c899c21e4268ca76211f639e627e,13.0,0.3475,0.9179,0.0337,4.0,0,0.08469502481889585
016733ea0d660e96059066246e43744393ac2e692c1e75e1d8ff1effb79f2c71,12.0,0.4706,1.0435,0.3221,4.0,0,0.714445939521858
01675ef625a06b6a9055fe8604ad055428a626c05a4afc97cffc1f84d381e844,13.0,0.0495,0.7248,0.0126,2.0,0,0.02137956406059077
0167b761744a56f9106e23dd6b57ae6d06bb449203ee62e35d61c9195ee1bd3c,2.0,0.0,1.0,0.0202,0.0,0,0.08224435074188237
0167bf47cfad9fca5e5511b585a5db9729deae0b1fbf06b36364af633614c131,13.0,0.0,1.0,0.0057,0.0,0,0.01978947117409603
0167c7688bbe8c261f9ee3fcadae61512ea28da36f569abf7ac116cb6f157653,11.0,0.4779,0.5756,2.331,9.0,0,0.7551874028973077
0167d26574711a51690e59c72159909790a0aefc83c904ae8566fb80c8eb4162,13.0,0.1371,1.0621,0.1072,4.0,1,0.1983510942569946
0167d457faabbfb4e61fa1d4d5e5bcf588c7805b7c70c738725a655700536453,13.0,0.0943,0.9416,0.0455,2.0,0,0.022391783055441417
016886231168f143fa1e18993d24760f1d48d1ffb2685de13d149e569cc77f45,13.0,0.1632,1.8722,0.0668,5.0,0,0.19888074762739483
016889c41714c61bfad162d29c19b1c5a464aa9bed96875acc61fefb20dd9ce9,13.0,0.1724,0.7668,0.0162,1.0,0,0.02471548166576113
0168c14a90ca643fde22be16781f638fb3ac9aeaf58e7973077ac9dd5470cb72,13.0,0.1216,1.4017,0.0108,0.0,0,0.05211923622280372
0168d541d6fcf81c02641fe35e9f4e8268f3a2998415bd7582f273a6ac27de75,13.0,0.0939,0.963,0.0594,9.0,0,0.05172534450421109
016945418dd7f0767560fae0cfdfc7fc68e40c86b4b625dac26c8702ea1af2d7,6.0,0.1717,1.0155,0.2879,2.0,1,0.3668632136593669
016946405c32fc414ddb8abb0b348f2ea80b00826e5df86d3f11e299cada945c,13.0,0.272,0.7886,0.5914,6.0,0,0.6042876807670696
01695c9521d34c08d4be1584e2f729c121d4a0a2f35a13012c628845744eb7f5,10.0,0.1385,0.901,0.5939,2.0,0,0.31545734306314943
0169664385c50bca6a657ee8b1147632dc8c25d5b573076406d859955a890277,13.0,0.1266,0.9035,0.126,3.0,0,0.12639438615660453
01698323c8e357c5af21459080610845abf2325762de466f74b5b1620dbca379,2.0,0.2736,1.1422,0.2701,1.0,0,0.5476131550560095
0169d46f67d0ea88da0163ac5b771603beb85c6a061b36e99d545e268d0f2d93,13.0,0.2143,1.6044,0.0323,3.0,0,0.03937063673989571
0169d5c01b57230ca53616ebdb2d0892c503e522993b753e3d09d19122de17dd,6.0,0.1832,0.9305,0.0749,1.0,0,0.14486280467031037
016a49e6e64505fb21d321ce74394824d11de2357361078a0abb9cddad91b6ff,13.0,0.1255,1.116,0.3582,1.0,0,0.2614277802336548
016a5b28805dd71acff78198be6e85fe5755d5642818e09c64e9b0443b4cf58d,13.0,0.3806,0.9543,0.0105,0.0,0,0.058181334500828595
016aa435ac4419605510d5067d10c86b64375d9c5647b20f1edeb1ccde8c4e21,13.0,0.0993,0.5378,0.0491,5.0,0,0.017896594435478336
016aa766ff43f02b244ce877c9194c407b90f5e727e7d07e20a7fbfeb5cc760b,13.0,0.1318,0.8769,0.2067,5.0,0,0.2540169894572775
016ae019defe2c16d0e0a6c1fc9ece5a4dc40da6302004072800abc297154607,13.0,0.1312,1.13,0.3392,7.0,0,0.3545675048845196
016b2d05008ba2a9968eb62d8d4d78db51aecda8ebee77b0bbe24b72b3392eef,13.0,0.0,1.0,0.0132,1.0,0,0.05165338435105394
016b4bbcd57b9039754e93a8c9cba95935c5829c78ddbd9f2840ffadeb666b11,13.0,0.0,1.0,0.0107,0.0,0,0.07688026147883344
016b661f535438930fb0181df8bd22b57dca1d4346a0ff70aa81009c6a106a53,13.0,0.1694,0.8319,0.1234,3.0,0,0.20687699071150475
016b73b6c08cdd849142dec3e0546e85bd0f426a9e2fcb78ee6cd43fa81a5773,13.0,0.2889,0.8376,1.5234,10.0,1,0.7838571313501157
016be0c038b900dc3090fea913726541475ac544ddb6cae27e71b0146aada224,13.0,0.0411,0.0,0.0316,1.0,1,0.039287975364891856
016c062ef6aa50c6bef9ea8252ada1223bc2a0a1736238dfb5e8e609fadb7f9e,13.0,0.0692,1.3519,0.035,2.0,0,0.023231244010811093
016c0d656ae50698800d0e28bc7a3a456be1ca3e454b1f555f69e3859413946a,13.0,0.1344,0.2135,0.0684,2.0,0,0.04662855310739551
016c535fa95908310d63697260d60b13a61884dba5ced4abbb5d3b3a4dde18ca,9.0,0.0643,0.9176,0.073,1.0,0,0.05940459430056826
016c6287474ed4e9216357cfc79e4b362f1cfda5625e544e6ed1f15446afe520,13.0,0.0,1.0,0.0887,8.0,0,0.12551367965670512
016c7365109663514bd42fde9fe410b6e54e373fb8573e97c71ccb5f17e68539,11.0,0.8722,0.7105,0.3913,4.0,1,0.7284246657334843
016d2a25489f1d1dec6fe1b1ee44c2d07a6f681ba851e611b1cd10c676621687,13.0,0.1705,0.9641,0.4455,4.0,0,0.41018096990503994
016d332a68147bba0c48e1f5922485c279125c809888c3e89765272d8c390faa,13.0,0.0,1.0,0.0055,0.0,0,0.01978947117409603
016d3766cad9dda78f645d6fde6de356b8e0c62e655c1db7e1269b594ba78451,13.0,0.5599,0.5892,1.0066,12.0,1,0.7659588335878105
016d9587aa5b65d001eaf5f9d2adf55d7de5fbb305dcc11d9d39f40798224c9e,13.0,0.2297,0.7349,0.0084,0.0,0,0.05521868062148656
016da1337cba63f57127679eb25a6286b53aa0768ef688c336712cdff742ce80,13.0,0.1041,1.2625,0.0434,5.0,0,0.018115319558132878
016dc57f38793791cde36b0e4d4f6c55bd8c8bc0477af04b0c6af91ba471c35e,13.0,0.1389,0.0,0.0079,1.0,0,0.020769823138878887
016de7e04535456f10c5ef693885ca10c3560b28c76d34af4e322362a5b428fc,13.0,0.4371,0.4028,0.7182,8.0,1,0.689721333694368
016e0f93d90c75ab58f352bdf8e6987a8e110a884adb032c9f450f07c7127372,13.0,0.0,1.0,0.2262,11.0,1,0.2590919532826659
016e2082476a11f4349166159d32b29d75ed2fd944c03eac6dbf10658ac3cf2b,11.0,0.0,1.0,0.0293,6.0,0,0.032322672797691424
016e3b0740da9998d1c3e31d47b82ab2b047263e0fd9d1767b56bd2a89f0b3e2,1.0,0.0,1.0,0.0125,0.0,1,0.07704350507592042
016e4f1e0a6a9eb0581b520b082f1804bbe9390670daba763a77b1d0f857733d,5.0,0.1537,1.0103,0.0102,1.0,0,0.026716514541423195
016e5097d5eddada07aa1c496c99349eb07a4fcf517433c8216078ffd82c8cb5,13.0,0.173,0.9746,14.5161,2.0,0,0.751481113602305
016e5a1423c1d5b694e0ae11e25c195494e4a555e47cc44d368ad0b0fb515681,13.0,0.1016,0.7238,0.0339,6.0,0,0.017411518218709548
016ec9f974273300f95ab7d9d9b8c2c1cda2f1b507aa877105ab14e2b932b2ea,13.0,0.0,1.0,0.0298,3.0,1,0.03263835332138737
016ed059fe56de67cf2b8cf226b7a0547b402b6a08bd00b1246d364595b65b52,13.0,0.1979,3.2369,0.3737,5.0,1,0.6254269328537141
016ed9ae43f1cb42c190a17a3d72d5aa6c418e019872e59d62295ffe9442711a,13.0,0.0,1.0,0.2049,3.0,0,0.2244171419026835
016f08d7c58d5201cfcb328288fdc69a84da1a1dc959dfadc0f08d58b0abd806,13.0,0.1964,1.1246,0.07,3.0,1,0.15627559184303547
016f2c5fb5b4d13d1dd0e62656c46dc76d7b22cc7a07b0760997c46786db30a4,13.0,0.1228,1.2262,0.0203,5.0,0,0.018164246773911895
016f355e115d63d87da370358bda0b3274389b3efd77d96a46919226755f1654,13.0,0.257,0.6047,0.902,0.0,0,0.3297669853398563
016fda579d391c84f157728837e3499da435831b6d3279a4316000f6235df9a8,10.0,0.971,0.8345,0.3409,4.0,1,0.7302174024048665
01701321f734a83cf5c8d48c352f3599612d9e1da402f753050c7453d4658550,13.0,0.0264,0.8972,0.0237,1.0,0,0.028544421169139113
017092bec24f0d3bc89f1cd685e141ec25fe582b00b9dd838aa58ef67f2abc8a,13.0,0.0,1.0,0.0078,0.0,1,0.03633201737750049
0170cc6256a083b3edcbc379d80385c4ed61891f59ecc917a3780bf402b931c5,13.0,0.1274,1.0845,0.0168,2.0,0,0.022752674902019793
017100fbad8a63b179c74b15c07b358132fc4759a3f8808bef72dec312fb7c0f,13.0,0.1744,0.8315,0.0747,2.0,0,0.11259517377269283
01713695dfa5aed02b0c969e2190bf88baefab990184a5b4b9bb32165315a680,13.0,0.0,1.0,0.0051,0.0,0,0.019980332496187008
0171425fc4c380b2f0cfde6a347ae1b7475f10cd8f94810c62891479b47c92be,4.0,0.2113,0.7459,0.1167,0.0,1,0.2862474177596018
0171a5a69111ed3d46e6c241b38b0bd1c5d4e18b778dd04d0528fc74d317ce12,13.0,0.3273,0.8894,0.24,13.0,1,0.6463015600972711
0171b8dcb0476120ffec55fa281a6fc6b4a8c92606560ff23b29c5633cfb03fa,13.0,0.0841,4.3171,0.5096,11.0,0,0.36827789741821076
0171c50491650da763aa60df89c2bb6d48df0d56d53c9f3cbde9c5c731b25ef0,13.0,0.1639,0.8013,0.0162,2.0,0,0.022856432093093383
0171d82b78a41e198a7d93529cc969627cb9283e07d925660efcd1a4cf2a038c,13.0,0.1279,0.5934,0.1412,2.0,0,0.13571538188420817
0171e5aed26e2a8f5df82349502882aa72e97900f15e772d43d040ab3539f961,13.0,0.504,0.9954,0.0365,3.0,0,0.08195400777905455
01720ed2be7094f643997ff79a63f8033783dd6f3425ddda57f1b472f09bd576,6.0,0.1687,1.0066,0.6052,3.0,1,0.46511039542118376
017251be7584ec6905c1fe12b9870f0e5b4b7b6df683d5ed7981fb2d7a7b5069,13.0,0.1975,0.8322,0.5416,2.0,1,0.503540462264437
0172966f58a357f5a5a70a9db94ed996b1930e75933a2ffa5ac25db765f3a563,13.0,0.3184,0.6743,0.8826,2.0,0,0.6002923434309357
0172ad6e7ccfcba6f8477be2aef65efbe68f060ce6869cd5ae471c1f3c0f5376,13.0,0.1018,1.0607,0.0399,4.0,0,0.019575071549424256
0172b845c43efb16b7f206098d91f26f9d6e9dbe730e8403917120d584728ad7,13.0,0.5164,0.5044,0.5596,4.0,1,0.6990062172530088
0172e2c3ce96cf3283c5baca641772f1147d4e6ee27b49eae8038a3b4bfcd185,13.0,0.1338,1.2552,0.0276,1.0,0,0.025398070788318097
0173031ccff6672fae8f0b2a5b75b8c4cc87bc44db57a95f7d611b30e08b2741,13.0,0.0541,0.7669,0.0614,10.0,0,0.048836964822821176
017323654b46bcb882e1b4f02f7cd39481d36aaaf2906088316ebcdf90d68808,13.0,0.1294,1.0285,0.0405,3.0,0,0.021918671579874066
01733d92b28dbcbfb15fc1fde0258dee42bb0335bb0c219f0663bb59c755dbf8,12.0,0.1083,1.1453,0.0328,5.0,0,0.017582332975043413
0173412cbeca24a316834a0d7040660a9b1edbbd3d127c89a5294d8895fe1b87,13.0,0.2379,0.888,1.4415,6.0,1,0.7336499367886289
01734c1e5a11f5cd0c7c8933d410d4dcb13986be24f91eb2669d79e704541536,8.0,0.2541,0.9446,0.0528,2.0,1,0.15686808868821692
01735d36a3d9b19b4e57a64c5eb103035ee577fd296b144d5186947de70b0491,13.0,0.0784,2.1358,0.7786,13.0,0,0.4758705139129933
0173b9974cf0e94552d7a8d116b6689f7c548f8698caed3ca69c9e632fc1df8c,13.0,0.1348,0.9282,0.0414,4.0,0,0.018127483253143367
0173ca15b894053626e50be17928f21a20ff0676f33ced10ed881beca1f1627e,13.0,0.2833,2.166,0.2398,5.0,1,0.6570823014840933
0173ce7292e3bec7eb02486bb12c9d6495c412e728704b59976e68be980a0ad7,13.0,0.1721,0.0,1.4153,11.0,0,0.5945897737793299
0173d66f9221dd04346412c197de392dfb47bb920494505f1828e29a4e8d260b,13.0,0.1403,0.797,0.0597,3.0,0,0.05322430397173573
0174319c8b6289998f0912534596999bf805448c720999f222d00640911bdc42,13.0,0.2575,1.3139,0.5079,1.0,0,0.5759598700933943
0174651899f665d79b450a847b3c78fce544e3f3659c960f69c76233761a639e,13.0,0.14,0.8585,0.017,9.0,0,0.020364344965993555
01746c530a130c11e4d6aa366a66f2c70ac3324fe84c33d67eea40df50efdaf1,13.0,0.1487,0.9938,0.0784,7.0,0,0.13458324642864009
01746f20818d1ffff6664b97391f1431ac49dd3b9c84499fb5715e81302a635e,13.0,0.0,1.0,0.0005,0.0,0,0.021051628307654998
017476c7fd1806854527fce4e75dfc869cf406586a06fe7012e0a8804bef6900,13.0,0.0,1.0,0.0078,0.0,0,0.03633201737750049
0174af9c4f79efd807f6adab321393c488997dd9d9ff6bed5a5bc84a0f155288,13.0,0.0639,1.9652,0.0146,1.0,0,0.03804190352556218
0175286d174830fa4f9804a8c311b14c477aa5292038ae4f25f7a0ec2fb5aeef,13.0,0.0283,0.0,0.0048,0.0,0,0.01569832901850119
01756a79df5dc74bade469c00e6d4bb0e98cf5295d9229c75e80b2bf76f279f2,13.0,0.455,1.6982,1.6856,3.0,1,0.8425046538607452
01759d44ec50ddb13e8d0e42788ae6ee752c6e677191975e93695563f6774b64,13.0,0.2919,1.1555,0.079,2.0,1,0.34586123631981514
0175a20d16df526b398efffc438a7c0ba5c8fe4b4b5fc33a00dfa382ca4451cb,13.0,0.4418,0.3589,0.0096,2.0,0,0.06016007073458824
0175d0e2b284aee630c3a95b7aed140c06d2f7811a0a133aa2ba197f5df9856f,13.0,0.1254,1.0655,0.1452,3.0,0,0.1484483015023684
0175d7a26e834afa325153f361669f68bb9d27fd5514c59e27aee61e7e7eea2f,13.0,0.127,0.8943,0.041,3.0,0,0.01910039275549358
017624d2ca3c952acc4d0f25396e63fc8ede8e3ef43ff2fe969dea81913394f7,13.0,0.1264,0.0,0.0093,1.0,0,0.023068421554431593
01762ca77efe83253247df206815f2878ee57b8a26a1227e0c516c7fa3726c76,8.0,0.0,1.0,0.0184,0.0,0,0.08224435074188237
017673e8acb8205623fa8d95613578f09998664232173958a5b26b44bc2b2ec4,13.0,0.0,1.0,0.009,0.0,0,0.07006471872599379
0176de674c502353885233b868a7ad6c0d06890d5aa6a2333e7f5a206fd581c1,13.0,0.1914,0.9336,0.0099,1.0,0,0.0427098728855455
0176e0f2dacc2df1bc9ba83f93f07d8af0f91ba61719d2ece40369dc53c069a2,13.0,0.2237,1.3905,0.8542,8.0,1,0.6109995092410786
017700a1d5c306a58e367aa0a60b69365bf81c16252c07560033d0390c6c2a97,13.0,0.5055,0.7434,0.2499,4.0,0,0.659690321276608
01770967a0059d00f274cd75151c2a9030cdc4933a9fe6a5d558bb61f1c48f26,13.0,0.0978,1.2567,0.2862,4.0,1,0.28978196898672137
01772c8cf336a5ae2fcffb538deeceb1347476e02bca4a2a1d2b197bc430f63f,13.0,0.2872,0.5306,0.1176,2.0,0,0.37073501016171084
0177482329ac5d0eec16a3ee2235fb46e9bd9268b92736070242c9fe66437b7b,13.0,0.0599,0.0,0.0107,0.0,0,0.045672029423106754
017771816097af3b7041ae97ca0d7d32756a28004eeb70446b933902487cfe8e,13.0,0.0,1.0,0.005,0.0,0,0.019980332496187008
0177942218dafa9e8c669e4fb966daa1e5bdcda9909fcb7542027bcd353b098c,13.0,0.1514,1.0022,0.9963,5.0,1,0.554486175424773
0177995aeaf0afc54884066d4851b2d7fec90c1e66350a243ee1267f4cec0df8,6.0,0.3788,0.9856,0.0322,0.0,0,0.07085026158200006
0177ca95b796fdecaf0f3d4707f4b95d6c81939d6b87145ed7f6d05f5dbfa6a7,13.0,0.238,2.4413,0.0175,1.0,1,0.09793627355215861
0177e77761830a244b03a9e1becf93f436d617e4d8f775cb24d6a7f2eaabeb50,13.0,0.1812,1.3812,0.2623,10.0,1,0.4570894338768138
01780700343ab85c0c3a09e54b8bf454f00cfa0a9ff8e06ade3740a242580d71,2.0,0.1702,1.0065,0.1019,1.0,1,0.19432966794345932
0178456d1d5d9fbfa73bf2849207a34514aad5b8b39ff006730e8094fd618c81,8.0,0.2172,1.3877,0.1582,2.0,0,0.5289920632902424
017868d7640bc8610f476a1efaadec2733ad5fd696561857da5ebf4f3725b160,13.0,0.3517,0.949,0.0223,2.0,0,0.05056309240655365
0178c5e81c18ccc306274c241b7069555763358678a8bf49639b56fb4f225229,13.0,0.2898,1.1641,0.054,5.0,0,0.14296578118050188
0178cfc612c0e2b115333ef60eb5d1f9fed048c3b5f38a74aa8e73aeb298b7fc,13.0,0.1729,1.9266,0.0741,4.0,1,0.27159374144626464
0178e2d522be02869e922355965e43f89f38b39d0865c01e0221a10812aa2c0f,13.0,0.1418,1.1361,0.0089,2.0,0,0.02365816958174295
0178e40e713acd4367d67a0b5d4451753edb7df39ea7b7188da7511e133936e3,13.0,0.0,1.0,0.0535,1.0,0,0.085146565728262
0178fde097296195f9e4132b08ab4e8d15fd4b886115e07491513fa4dc564b31,13.0,0.1108,1.1714,0.0767,7.0,0,0.12172532979490126
01791943eee21da4380ff3945b4148426e6653931acda18bca5d1e15f80d9bfe,13.0,0.1976,1.8514,0.2227,4.0,1,0.5807722879928757
017982ec8b83640adad0cd92a9be7ca788a4ac55078d657c78488e0b858d7a65,13.0,0.1235,1.0205,0.0464,4.0,0,0.020793279647586798
01799368fdeb3432b71006034c0d3dd73f375ca082f960e5e73d64316c3e1fed,13.0,0.0,1.0,0.0063,0.0,0,0.020263886945132575
0179affc2c5a32265d846a6c395c76ba13152e57d86eee15e29cc6d15c0d2c71,13.0,0.5415,0.3444,0.2862,2.0,1,0.6353625297154585
0179b0cb7975222c00e887553b72d9bd346dd730e2d33cb11cbf0bcdf429a55c,13.0,0.1078,0.6838,0.0356,3.0,0,0.017954453780587343
0179cdd846e3ab25610db51a83dbe085ae3cb9ef154611278ae04c2abc6b9990,13.0,0.071,1.6459,0.0386,5.0,0,0.020596600098138976
0179da0bbf558eed230f0bde44841c2431463e8f159aab209fec0ab2c988db7c,13.0,0.0,1.0,0.0054,0.0,0,0.01978947117409603
017a092b440bdec62ab052740773fd181dd4cbc63fb2bee47e110c87f98383db,13.0,0.1606,1.1481,0.0109,2.0,0,0.02396989849800123
017a1cf3d20844e9759a473ad669045e0fde3cf037ffd6dc56ee84ed9b6052d6,13.0,0.1746,0.7806,0.1971,6.0,0,0.35341747583565225
017a90eaaca5cf458ec60e4f163883a40a49ea0d3044ff64c2036434f45646d3,13.0,0.2371,1.1295,0.3679,5.0,0,0.5890709680173716
017a94f4502037a546b3f67a2c9d79c4e221e138447ca5985a6b77821fe31534,1.0,0.1892,1.0,0.6733,0.0,1,0.47037787600786296
017ab9cfd93d1e41e8ad4f94e0d18012e647b9cf9c510ee55ae6d58a2d02746c,13.0,0.2859,0.7814,0.3298,2.0,0,0.575323539208221
017acc3bbcf95576dce3343fa34fa83b7a907ea0d3f345cc8c9a65587e7a41ff,12.0,0.2148,0.7732,0.1538,2.0,1,0.5419866785751548
017ad99ff2182100120eda9c699359e0f0fc487461d6c9bcc1179b5d1defd350,13.0,0.1533,1.1041,0.0054,1.0,0,0.016857269482410144
017ae2404161a8a577f8bbcf506228956878f673480b1e91d9c03783d2829795,12.0,0.0,1.0,0.0067,0.0,0,0.02219398911428473
017af008104089b132b3846ee3431d0f49667fe9685f0ae5ae1e311ede6d7822,13.0,0.2767,0.5946,0.391,2.0,0,0.5213343720328674
017b3e6a9979b165e2c3ce62e19ab14363ed627819f0c7d6e9f6f89e00557e7f,13.0,0.1915,0.8857,0.0281,1.0,0,0.0431100074842746
017b63d6997ebbc015bf4b5575f399e39e739877b7c2b39dab4d02d6602495d1,13.0,0.1774,0.8525,1.3677,3.0,1,0.669874046427541
017b6b6ba795b15b03cbcacb45be7a1ba1b05b583b5be2ce4bbda6fe166bb219,8.0,0.2285,1.3037,0.1691,3.0,1,0.5990090959701423
017b72caf0492bbef47457495c76760a15268cc90a539143893806924d69f60f,13.0,0.0902,0.4947,0.0285,2.0,0,0.018494380392317947
017b8412c475ce3089cbf9da30af34e000a26c51a78d07c7c95c18eb2a979da4,13.0,0.1132,0.8066,0.0362,7.0,0,0.019946430457141628
017b8e70a79df36b32c47006abf4d04d8c5e5b5969e6ec4310d23d00c59697c7,9.0,0.6998,0.8779,0.4494,2.0,1,0.7033438725062833
017b8fd1dad456901136e05cbf11fb40e928f271fd897fabbf5760734a8bed7e,13.0,0.1425,0.7285,0.0223,1.0,0,0.04173385744470377
017bfb9576ed80d41dc42e8b85025853211577301697a860424d59ec3b478974,13.0,0.159,1.0499,0.2657,5.0,1,0.4133883153122499
017c3a8f2ae009c97555fe36ea7d6a3d5e016b040fa7e3d8e7d1e6532dad02c4,9.0,0.3065,0.4812,0.3848,6.0,0,0.619208867527021
017c42ec81c9e4ad75fd652aab359b23c7865c6ad34f91ed7625ca5d3752d2be,13.0,0.0594,0.2709,0.0631,5.0,0,0.04245144733401762
017c59a799e7896eb33efd137ba449ef48f488894c148c0acbd32cfb33a8c59b,13.0,0.0293,0.0,0.0079,0.0,0,0.029751083337379636
017c62c2d536df82410d9f3427c2da1f8d3c277efe592b0acc88f84f50401799,10.0,0.502,1.1123,0.24,7.0,0,0.6873917716603476
017d2570550e8022c138750093ea32e69d269f69e30ee796b2677c9b0ec92c2c,4.0,0.2132,0.7252,0.1398,0.0,0,0.34478805097332677
017d295eea642b311ec8792692064831da196eeb29bcae7a7f9827a66eae4b49,13.0,0.2056,0.0,0.0129,1.0,0,0.035617179167434274
017d591201067da99e45ad7da9b97d1bdc1fba7d5316449edb2516ba4324418f,13.0,0.0,1.0,0.0114,0.0,0,0.07688026147883344
017d880b4fbfcfbce83c2aef796f9b4891296b2e1d39f26d012035be8e1604d5,13.0,0.0545,0.0,0.0063,0.0,0,0.0160504960188503
017dc2b7fdf2cad233902839da4d5183738d323725e8ea0f38e9f2ca47cd5e8d,13.0,0.0821,1.2932,0.0247,3.0,0,0.018750546106912666
017de53393e7210f87be836b2102c5135b0d09f2d2369d80aad359a15c679056,13.0,0.6968,0.554,0.0204,1.0,0,0.08458034667064128
017e0031a14e19d117b7678af8572f78448ee65591177652ad94b6ff4ba2bb50,13.0,0.1291,1.0571,0.0256,1.0,0,0.02599242638969433
017e53983534599104b547435cc767a7167b1eea11f309d01e5c09b6640b983f,6.0,0.3183,1.1871,0.3979,4.0,1,0.6793407612198695
017e5b60eefb8a6844b984753ccc796c621d114a26a463fb06691e0e98dccbe1,13.0,0.2231,0.9059,0.0985,4.0,1,0.3457222719494023
017e5fffaa4c32ef9df48605ec716dc040589e0bc2f005811d56fb53dff37955,13.0,0.0377,4.3148,0.6449,4.0,0,0.3833046414347471
017e6d415743afbefda944d8a203166ba10d24633359666e0a26e124b75596c6,13.0,0.1992,1.674,0.0826,3.0,0,0.22609639383873423
017eb8c28f3b87dd8ab4e907553d3325abb0b7e08299b3e64e7ccb7788e98ab8,13.0,0.3231,1.9442,0.03,4.0,0,0.18815101003121126
017ecb6cf33eccc53fc48f7f969fb4bb16f4bee8bef3eef0cc11e21309353fe8,13.0,0.0971,1.834,7.2841,6.0,0,0.6878657598929714
017ef862bab438d8f2330f1ba929b200611da72011b741458db6e5f17cbd4a76,9.0,0.4688,1.9497,0.659,7.0,1,0.785223614507472
017f1f9ba816dd93946a4fbf2b178eff26a4100e29f2a776a0b7cd07920aac6d,13.0,0.0302,6.5,0.6026,11.0,0,0.32375232641436413
017f99c3c3a5883af6627b9602caa4138cc3220866c0ceda31bef3de4bbd17a5,6.0,0.6291,1.1557,0.2865,4.0,1,0.7368813749167455
017fd6d18d8f72d36f89a896ef237bcfa428d88199aac7b4a00090b8a6a2aa04,2.0,0.2837,0.9961,2.0302,1.0,1,0.7336715632373508
01800a2bfcd7be67cfccd78c350ee54ae5f87bad874279303a3148ed4187bd7a,13.0,0.1248,0.0,0.3237,6.0,0,0.20573467066616097
01805c9cf2c9179d124a00e7333a47bfd1f5c7eea809ba57298248320beb23c6,13.0,0.0,1.0,0.0061,0.0,0,0.020263886945132575
018079476266ffc1e07433c84d27062fe879f4d5ff3871d1a2e502d6640f5a6b,13.0,0.1954,1.1036,2.9942,2.0,0,0.8077830946578373
01807a296870b334407068be9e88b6cd1cb62ddec12848f16fcf3e7809e69838,13.0,0.1277,1.1935,0.0512,1.0,0,0.027888147569956025
0180aecd32d9ae03948aebd95ecbb0422e916b66086af052412b9516e7c45ab7,13.0,0.1346,1.2134,0.0425,2.0,0,0.023041084795103986
0180c1731e5dbd1af9b79f09aedfbabe36e66429da9815d89cdb815045478676,13.0,0.0986,1.0861,0.0285,3.0,0,0.02012015160988716
0180ca721df87b059f9a693701ffe74a136d0a783699ca77637f8a0b069558f6,13.0,0.1524,0.9743,0.1497,4.0,1,0.2504564268858671
0180cb161a1febf98ca0bb4eaa5e44d2f83846518fef8f51cf8f42e29dc61850,13.0,0.1632,0.9879,0.7565,5.0,0,0.4683778707307445
0180cb704f31374f273679b0866f58f58df556de5480d59569c923b45ed238ff,13.0,0.1297,1.0436,0.0692,4.0,0,0.05294090108021076
0180d67b51fa350aa6d926ac3e2767ec13340524070fc3ac8f9bb26e51fd8025,9.0,0.4441,0.4789,0.1364,3.0,0,0.586216150501178
01811f5d4cb53630711c7e45d6370ed01c6a673841849c167fcdf7a7754944f1,13.0,0.0,1.0,0.0094,1.0,0,0.04903203178629834
01815ea4abca64edb83579163d13252606b625ff916f5f8d2e31eb2b65a27f17,13.0,0.6862,1.1178,0.4812,5.0,0,0.725492213419098
0181b485c84ad2b5298dcd5f560d0ae89afc907055e750a8e02af927585ea727,13.0,0.1487,1.6585,1.0432,3.0,0,0.5825466630610131
0181cdde38a3a2e15b9fd832654cf59081a48bfa13f1d0ceb3267baaa87bf0bf,13.0,0.0485,1.8533,0.028,4.0,0,0.03168770538433229
0181d5054db6eb230b45a3a0bee03184c89e6ead4f5e9340014b29000652880b,13.0,0.1596,1.0437,0.0234,1.0,0,0.026045449773452113
0181f68fa2d176a27a36ee6ec7cf423dfaa37c19f05db5a7745376e5ad01fae8,9.0,0.0,1.0,0.0092,0.0,0,0.07006471872599379
0181fda299b4cb82425e3003f83c266f6b2d9f8e7154fed0e7823ff8b7ea18ad,13.0,0.0,1.0,0.0059,0.0,0,0.021280478197017946
0182192abe4f2cf8a03807d42d2bd72c48c367116892f79b4423fb49afc3c621,13.0,0.1848,0.9763,1.7906,5.0,1,0.7690248918765902
018228c3eb00fa75feb681622c1e140368b8b92dff1267f90a7e6727c466674f,13.0,0.0895,0.667,0.357,4.0,0,0.20641232940911916
0182b6389c012141ae13540a57ab0640ca9aacb8fbf514cb40955d47b26a9274,13.0,0.1239,0.9022,0.5769,2.0,0,0.24721558794333579
018318cee4c4426cf669b561f91a48800e393eabee60256f19c9f2c8c22e8911,5.0,0.0726,-0.0248,0.1809,3.0,0,0.16275619261882557
01833670dc47ec8817523ecf3c8370ce6da7624de02bb34d9bc8c28ea3f3584a,13.0,0.0981,1.3075,0.0603,3.0,0,0.045259258908406715
0183a9abb1844a2963750e9c5ddb00cc5c438d0b8e352210eb823c23da931823,3.0,0.2082,0.7041,0.9192,3.0,1,0.6337036687235185
01848669545c9c73aea804c228996e4627f1bfc948e3278d08a488beb781313e,13.0,0.1511,0.921,0.1212,5.0,0,0.2286112477543876
01849831fc438435ab8f9976bad413bb28f475e4927ce019d248faa4c515619f,13.0,0.0309,0.7478,0.0278,2.0,0,0.024598792660817645
0184a91e7ee79cf3475dce161a14e633ae63b5249f042b7878109469c4fc1980,13.0,0.0959,1.4657,0.019,2.0,0,0.02420574531571376
0184ebcd92bf6ee5f2d9a7f7ab6f45f460e94863caed6bb8a4bb03eebd19692a,13.0,0.0609,0.0,0.0207,2.0,0,0.021476672116365725
018511d23c86e8c87847645b119a09c2f9767f83762d106736bd206194664913,13.0,0.2038,1.4894,0.0241,2.0,0,0.03421101775295081
0185182a8609a31085166276e9d3a9a3d3c84d2a634f0567bc660c5298281ff1,13.0,0.1685,0.8867,0.106,3.0,1,0.2196241680815444
01853adbe778905aeeea9c233611647ea3b5bcf50ce8084405895ea0d4b3351d,13.0,0.0,1.0,0.0091,0.0,0,0.07006471872599379
01853af3758c38b7bda441a01c3259d16d3df305d4c76a87a55cd93e7f08262b,13.0,0.135,1.2108,0.0139,1.0,0,0.024930212492658695
01853f9ceb9feb6136135c19a118140e0b5560d4e1e57feb97a0db3a4b38655f,13.0,0.0,1.0,0.0212,0.0,0,0.09043983946368686
018571b6fa6467b276771c4a9f2216761169feea9abff2abe21e63e63eeab85f,13.0,0.1499,1.3247,0.1239,0.0,0,0.20559269236944894
0185e25185d574e6c9c8253725ed7bdaaf91aee43e79f2a79b69840da6935699,13.0,0.1371,0.6768,0.0119,1.0,0,0.021748597246241654
01860daa42b5c303ca1addcefeac0d2dc89be8f7cb5f7c6d2576291b6da45052,13.0,0.1494,0.5764,0.0133,2.0,0,0.02240250185857255
018613b10ab2a2f3150379b11a25b8e7ebfb2e40bda651ce2650bebedb09a532,13.0,0.0,1.0,0.0066,0.0,0,0.023516553475718346
01862f820fc19c59a3c948a2d499527be6ebd58002e90acca5cd0e05dd7fc6e7,13.0,0.2207,0.8005,0.1688,8.0,0,0.556278711979504
01863b132ceaf9b5c3594fa506d6690069b202aa9ddb72aa37862c1ed69e5310,13.0,0.147,0.8034,0.292,8.0,0,0.34387046484748796
01865587f3d6d122cd7e240ef175ea9c824b28bfd8bca23353375341553a7cfa,13.0,0.2724,1.4604,0.0133,1.0,0,0.05497979677241035
01866eb774c8cc3bcde8b45aea65dd58f28f8de65ad3b9d59b54f2521bc47f54,13.0,0.2005,1.9243,0.0193,1.0,0,0.057259361163410905
018674c1328dc8b367d558aa636f5f7f82863c4fce370b5958db0ada1c9d04ac,13.0,0.0,1.0,0.0052,0.0,0,0.01978947117409603
01867ef97ec2d2e9ec5ea66dcec9d1946454b47c3a55a6b81c9e7b75b0044d39,13.0,0.1014,0.9873,0.0522,5.0,0,0.020689670545519862
01869a3bb535feb6eb4d8f9acc9d709d3ada9487788cc75c70d58aca1e673ab1,13.0,0.2688,0.8362,0.3632,7.0,0,0.5984560538110902
0186b257ee679a12eedc8288427bf99e1a3a68f55c24302c6627086c8b4a4f26,13.0,0.0648,0.7474,0.0536,7.0,0,0.03709138750914792
0186dc09fde36a90c3b6e7b88e952ea1f40cb045921e2d79d7682f3ddc528d26,13.0,0.1241,0.5446,0.0194,1.0,0,0.02175150669048484
0186f531dab9b82882cd35c10487dce82f0caef986d3447b6841a8112278ca5a,12.0,0.0,1.0,0.0059,0.0,0,0.021280478197017946
01870a66c2f5b2d2204bb126e9f4807ffdb0f099ab309984a04c24c462f99923,13.0,0.0385,0.0,0.014,3.0,0,0.020248681272904082
01873970d05e7ce5c3ffa8af9145d3a9a5d3718f7b4281cfe7180423ed14a92c,13.0,0.3363,0.7178,0.2533,5.0,1,0.6423152951576145
01878ca3016e8660b179f14cd786acc7fff6d10f52ed5323cb14e17ce3385ab5,13.0,-0.0001,1.0,0.0349,4.0,0,0.03008143261617353
01879d26303550775b6d2d6ad6a8f25eb7bb6c4aed3d1bb10c19a0015d8ecb75,13.0,0.5791,0.6258,2.0905,3.0,1,0.850317213873617
01886706110b0c2c0a69a6fda84a099c73532eb354f2e0ab66b1d0a1f4930bbd,13.0,0.0,1.0,0.0064,0.0,0,0.020263886945132575
01888458a3455d6626f34876d1cc2d7d91e96309e45d2842f4cbe3cb608da063,13.0,1.0341,1.1613,0.3406,9.0,1,0.7367687947714423
0188b449a801f8c9456d9330ffc5b7eb7f04a948c8b63a7b47506d6bc2d23cfe,13.0,0.0658,1.0292,0.1252,2.0,0,0.09322917122523848
0188e6ef418090d8ea63517975b739edcaa8de54e5940edd910aa30e20af8dce,10.0,0.5341,0.8144,0.2202,2.0,0,0.6282538139068811
018939ff60419173f5afa3dd2ffa5b16d4a83df55a92ce87c0accd017c3e6c62,13.0,0.1096,0.7143,0.064,9.0,0,0.04578894317271717
01893ca2614ffd0ccd5a3f756be7febf1884322ac0bb84118d1752b3ee11e44e,13.0,0.2164,2.0767,0.2032,1.0,0,0.5425176790634413
01893d486969849c40babb86db5517588c54c47d41097d7025893562e4e04592,13.0,0.0,1.0,0.0052,0.0,0,0.01978947117409603
01898349fdc90a02cf6f2d50c2d15a148ad2210f274fe1d0a0b301113e9dedcc,13.0,0.2493,0.2711,0.0412,2.0,0,0.07125290621485884
018992a31b90467c7d9f7c1c87dcbe09427089942e13e5f4990b22195fb2e95f,13.0,0.1022,0.6572,0.2799,5.0,0,0.18368362227367052
018a11608fc1a3d44c729e3f93a823abc9775cf765fe04c3b1afa4ce6a795ff9,11.0,0.1895,1.4688,0.1046,3.0,0,0.36972622583961295
018a79d9eefbe657117e0fc1854580154b6d914eeb0a820ba6a64467a5c8d175,13.0,0.1279,0.8992,0.0494,2.0,0,0.02280360890078326
018ae26e65c26fc167a0be8b2657b95c591b9f3ae0c3adceaf3bfacae1cff5ba,13.0,0.0825,-0.0655,0.0376,2.0,0,0.01978602415454446
018af01ca37dc01a02ac6c89b400b1a6ba57b15a2979d9e50f92028369f66cf7,13.0,0.1392,1.0062,0.0303,1.0,0,0.026065933398922318
018b0aa4447e34dfd6ae03ecdafad46d028f1d9954338868630e038c3842f021,13.0,0.322,1.7859,0.4736,5.0,1,0.7237208017465774
018b577a59e93802af1d3613ffd4f1b1a626f5111df4e5436cc79eac675c5481,13.0,0.0,1.0,0.0099,0.0,0,0.07447578192254842
018b84d3457d52ff83101534da305b2448cd01e6ea8da80ce27501d1f2df4c1c,13.0,0.0,1.0,0.0068,0.0,0,0.02219398911428473
018b9c19e6acf26ca03770a86379be416d2a93143c3130f8b33da8d1eeec924c,13.0,0.1577,1.057,0.0325,2.0,1,0.0268837683988518
018bbf2e2f9a7d7faad4d1b0df0078c5e40480cf944eb97a0be5556fffae04eb,13.0,0.2009,0.812,5.3377,7.0,1,0.826980012667233
018bbfb8bf0a1801ac47830a8dfb83f3f1dca2af5f90a5456de3ccd232632c29,13.0,0.0,1.0,0.0072,1.0,0,0.025174868857605906
018bee9afdf99a3b5ba94464999dd756ccbd07a4ce43aa429c1a98054a59143e,13.0,0.4281,1.0202,0.1949,11.0,1,0.6496163060087825
018c094ca6d177681718fa3182430098cd238c665cb7eb7a76ba00522e9ea02b,13.0,0.1404,0.9538,0.0516,3.0,0,0.023794846428073564
018c13b6e433276029a86b7e90fc5f771bd34b1445c2b96206b3c32c5dd6f62a,13.0,0.1171,0.7336,0.2288,4.0,1,0.1992929814309494
018c3b54b8305d31ae14262a86db2985a53456fba5655c88f3f73eefc5890643,13.0,0.1931,0.565,0.0228,3.0,0,0.02856520620921726
018c587df0ff9af3f1995cc35e457e9b6be596a13a8b27efdb5e15f37cfaadda,13.0,0.0544,1.4949,0.0276,4.0,0,0.020142706870656415
018c626e18d2e41e764ab2f57e3d7ed6bd789ec327ee8c83d5b2c61cf6e1e804,13.0,0.1663,0.9715,2.4686,9.0,0,0.724461665195034
018c7cb1d371df54a52e33d5bb94cbc08e5441ab037d7f8ba7c3dca2f91231af,13.0,0.0,1.0,0.0368,0.0,0,0.08837150160973245
018c8297b2c5fbe4ea58d32ec06ecae70248d377e6fde1170b0b35377b28023a,13.0,0.1175,3.8796,0.3993,7.0,0,0.44830724423682833
018d1f565da18906304243ecbcac4214e9ed906fba7ea5894a3a0e3a6354a8e2,13.0,0.1439,1.061,0.0306,1.0,0,0.02668209709538441
018d5e23cb0e9ba47659d584b78666bac294df0c72bc084d394b3c241bcde009,13.0,0.0,1.0,0.0045,0.0,0,0.019980332496187008
018d8c66ec9601bdb2594e7f38d13872c3cc6dde76eb1edadae84a42d1a1af77,12.0,0.1345,1.0983,0.0459,1.0,0,0.02622338596941633
018d91d44e0411adf84c1ed7c85936c4da8138d3b02e638ac114bd0bca46db1f,13.0,0.2439,1.0738,0.2428,7.0,1,0.6043265915645523
018da0e04f38c6d0020d542d135b84dd7b36124d190a4a4b728c4151f0260e28,13.0,0.1284,1.2485,0.0103,0.0,0,0.05169757220438388
018dbadbbe1b4a3c813171a86f470d389d652ad0d7b30433942c8f437b9e20c3,13.0,0.2238,1.7433,0.0547,7.0,0,0.08852727081163307
018dd696ef225e9780519af1fbfb56f7569c08d39b4a84c5bd6628bd2dc16fca,1.0,0.0,1.0,0.0042,0.0,0,0.019980332496187008
018dd80ca865a696632c33d634ce33e101986f05cdb6c0eaf0e6264fff2b0d14,13.0,-0.0205,1.0,0.0747,2.0,0,0.10555467350152758
018de64035710380095c8d78c62471fd619958c2bb0406fde1bc0aea30a1ed4b,13.0,0.0155,0.0,0.0061,0.0,0,0.015903437195320887
018e1db245932e911366887410c3cd0286cfdad18c21fb7f6b4631423e2c3072,13.0,0.1343,1.6241,0.004,0.0,0,0.02997884708882716
018e60675d02275b61361c6648ff41964439f92ba7e1b6b1c36bbba58d0b825b,13.0,0.2286,1.1239,0.332,5.0,1,0.6150840530421291
018e6cb40d18499b3d1670d400433087d91615a27171c9eb2b178b27fd960c49,13.0,0.0,1.0,0.0062,0.0,0,0.020263886945132575
018ec65dcf3fe3c64b12755eef6012d495d7832a1b604bc80ee4daaf2a2c87db,8.0,0.0948,0.4399,0.0341,1.0,0,0.022252753246866205
018f2ab06bc7bcda4379caeadbefe7cd0ee9597d8dc3db52974bed6b966322c3,13.0,0.081,2.58,0.2438,11.0,0,0.3706243578914399
018f3584a5f1d3ec8ffcd8687243565f912ca5ceb48d7ecbc4afe613db7cb09e,13.0,0.5157,0.7671,0.0243,2.0,0,0.048749812258345
018f758a7be269ce5ba7b62e8ff55b0bb82888e84e6578ff66cadd58f10d8673,13.0,0.1071,0.0,0.0347,0.0,0,0.061920087341829244
018ffc12635f2afe10dbe27d5da98f45a2a059c677bd9bed4e36041704df3b3b,13.0,0.106,0.0,0.0078,0.0,0,0.030134624918686178
018fff057d1c145627f2fd46947c49d4413d5344c53688b8799a0e9b8cf81d2a,13.0,0.0983,1.008,0.03,9.0,0,0.020341907731587186
01900488ae0a5f5203c505e9475ec783a43b452ca5b1c666f4a89c8452695195,13.0,0.8925,0.6669,1.4324,5.0,1,0.7568019809945118
01900955af4ff2f701b40911fc1d5383447ef811137d9478771537b3cd9f3a93,11.0,0.3052,0.5632,0.372,2.0,0,0.5509896072393454
01905225b91977b23fe382eb9b98ea951f6a74715831b8466a30b89f667cd8cc,13.0,0.0901,1.2066,0.1243,11.0,0,0.14062860179656222
01906ca38ab70daf43e2826a20b6a97a0eaa02633ad7ec3584e6b18889f32024,13.0,0.2131,1.4001,1.1668,3.0,0,0.6305496291999313
0190976fd2d2f558674340b4675eeb74efa1c3a54bae6bb5f0be501dbe26827d,13.0,0.0,1.0,0.0082,0.0,0,0.037720949013385574
01909836880e56771734a7f74d21fc66c390bc6fd40e274025099ebd7942aeea,13.0,0.198,0.743,0.1051,2.0,0,0.2550576215811658
0190a3d05bbb195a5ea61aef69699cea7849c2661ca894a30562e5761693814f,13.0,0.0,1.0,0.0065,0.0,0,0.020263886945132575
0190db02cf75166aa5d8a9ce7709a2913b95c169e87bebee174a76c0068e45e1,13.0,0.1779,1.0591,1.286,4.0,1,0.6563876848691694
0190f80e38522bbdac055748e2b561563e1d5c8d23e09a5399d3f183ada79b9c,13.0,0.0226,0.0,0.0077,1.0,0,0.01948118065907656
01910d646dbf8dc5d114e465477c2b3639346507334f3d852cd4764bb9244060,13.0,0.1594,1.0359,0.014,0.0,0,0.061445282168479796
01911b83ffbc1c147fbd9f04cb39a6024d6a14add802dc9666c32bcc063257fd,13.0,0.1488,1.1166,0.0689,4.0,0,0.09473564250665563
01911e617a1b03a76be844575a5afdb770f185c4563ea88231594d86952db866,13.0,0.0937,0.7563,0.0264,2.0,0,0.019121367950563614
0191410ce5bef40da6b3f281b5323dbb9feaaafee2800deaef0174e1de62d190,13.0,0.1173,1.2258,0.02,3.0,0,0.01975930245997167
0191b270cc793e9584df0587892d659b498cb8c15c9813cc0261033d398b5a8a,13.0,0.1448,0.8622,0.3932,2.0,0,0.3393263166073042
0191ceda7d788edb17848be3ccbea8cdff04508331d0dcde464f0456e0fb6060,13.0,0.0,1.0,0.0076,0.0,0,0.022280945636023855
0191ffa228d53ea0f8c3669cf7550150427f64c98880add3093d93b464f83297,13.0,0.0,1.0,0.0068,0.0,0,0.02219398911428473
0192147a6080ee9d8d0220fe6dd022e52a08578d963efef2e92490923da622aa,13.0,0.4905,0.3572,0.584,3.0,0,0.6459274556533938
01922852487e936ab981eb46e358234109fb7801c30e7ec45dc8ebbb1ed8c19b,13.0,0.3768,1.0739,0.2575,6.0,1,0.6686172781031171
0192456e1df7a7fa97705a1f5676cb797b03c8b7e46bfd5b574e2b62179936b4,13.0,0.0898,1.3048,0.0137,6.0,0,0.017731407692594865
019293d9a3423621ace5ad4257199572d9d533ae6196bad020540e97a0d23a57,13.0,0.2091,0.6719,0.0033,1.0,0,0.04616918367168246
0192a9bd9e0e6608eade08536c6d380d5e892a692d2f486c1479c789aa508993,13.0,0.0,1.0,0.006,0.0,0,0.020263886945132575
019316605acbf3fb36a2922d23198ec43fb513820dbeb5855e257a99c362c5e4,13.0,0.1274,0.9487,0.0344,4.0,0,0.019454554043812373
0193384e144ed57e8eb929bba439a5af2bf1b65ec198beed567702ee8ad064ff,13.0,0.2951,0.0,0.6175,6.0,0,0.6172993450280453
019369cd86768ae9f37a98ec6438b7144ddc8ab85a22d67580e3cf6a549ccc91,13.0,0.1204,0.0,0.2139,1.0,1,0.20626712678758127
01939c9d5db2609aa80dac2d5651bb9456f8c9012ae32abe9195f911cd138a52,10.0,1.2347,0.7888,0.4224,2.0,0,0.7053541122176874
0193c29d56d28ee19b13d0c1715b2a90558a7e15a92b10ff5b2a369595eddcd6,13.0,0.3113,0.5166,1.8647,7.0,1,0.8093900840703807
0193c55b30b11ace9a4b866613e9648192c51d89e1649cf10f726a5d3ca7acb8,13.0,0.0,1.0,0.0063,0.0,0,0.020263886945132575
0193e933bdaa0062c9b610f5e821ccaa3cdd0c143d960ee9f9536aaddfff0886,13.0,0.041,4.4073,0.0216,1.0,0,0.0680655886012833
01940107f9e2a42a56f5bb30db0a112492ad195791daf6113d23c7319a7e9bea,13.0,0.119,0.7571,0.0411,5.0,0,0.017357484030702378
01940419f5d775b74a49d5992bdfec6c4b43745d7a94c423f72a90ff218187dc,13.0,0.0,1.0,0.0056,0.0,0,0.01978947117409603
019410a3835a46befeca14dd2bad7d870bcf0930ce4ba63dbf5e34bc84d77834,13.0,0.0,1.0,0.0058,0.0,0,0.01978947117409603
01943dea23d38ec35673afc7ca135de9f9682f37e051c8022a58d9f9cdae83a7,13.0,0.1511,0.9166,0.1301,7.0,1,0.25955990529480144
019455f1c3c60670e9000692987f3f5b9252ea2e48ea97f219f45172480f603e,13.0,-0.0123,1.0,0.0188,1.0,0,0.04927243197010155
01945770e2c027b966ba7f79038e8555b05f63b919f34695439848045cb41aaa,13.0,0.1637,0.8632,0.0128,2.0,0,0.022914385103488807
0194abe7085de697318be9b9a183579e1287be945c692dc82e727bb28684a86c,13.0,0.1442,1.1378,0.0176,1.0,0,0.024513426577422594
0194c822f29b524f77ab423341a7794e685a543e513d4a9b3266b4ac892ea717,13.0,0.1043,1.529,0.024,1.0,0,0.0307365693068884
0195020248f1c361c96a7f2431e7abfe8470bae07a18ede38ebc0d87d7178b43,13.0,0.1333,1.1859,0.0442,2.0,0,0.023492080608610567
019543512cc8374c30b79d74df00d3c990633f019019b0f45821e8394dca2788,13.0,0.055,0.0,0.0061,1.0,0,0.015121950107112725
0195a761a2647b0cda610a2be55d985331a565e69e3a3b523c0356294c7aff15,13.0,0.3836,0.2766,1.0963,7.0,1,0.7037082918745355
0195acacae407eafdb763604a1a1b8cffcf2d660c24ec621e21727c07166ff57,13.0,0.1535,1.5796,0.0242,7.0,0,0.02763775089881123
0195d0705545763655eeb7550de99737e32004143e565f2da105584befb6ee3d,13.0,0.0665,2.5296,0.0067,0.0,0,0.04864035396626244
0195d8bf2477a26a9b785d3d2eba74c5b19b5ca6c427299a866e0827e329f8fe,13.0,0.106,0.8898,0.0335,3.0,0,0.017985503337314065
0195ffcb2481838632fd4d394f7beabe84edd56abecc78c48ce55c6bbef5ac47,13.0,0.0,1.0,0.0069,0.0,0,0.022280945636023855
0196056a50391895c116b85f4ee0701727b800a0a01abb8b49202c227e5b7a1f,13.0,0.0,1.0,0.0085,0.0,0,0.06425341129100266
01964fcfc9c6fffa96edc149fd7cc5aa76ff13186b2fe5e09adb6d3fbd245a1d,3.0,0.5254,0.9979,3.0541,2.0,1,0.9030968602740654
01966187f39ffb3ba8a62a0d749055878e0033ef82dc6eda2c35d2b5394ed785,13.0,0.4397,0.7068,0.1039,5.0,1,0.44545729659681904
019671e0c4c4844ccf6ca0d4ed26be1a5dfd355f3abbcee553f08f9015b5dacd,13.0,0.2269,0.7886,0.1661,2.0,1,0.5549438499148479
01968df64ac5a1eb9d24cbabf7ae8075e2ffa0971ff88721637b1d83c9b6d96f,13.0,0.1831,0.9392,0.1025,4.0,1,0.3075147433431811
0196b49b77089cf7196f8a051097698222792d3a0c0c23522a4a5ceeabaff27a,13.0,0.0692,0.0,0.0404,5.0,0,0.018739445354656836
0196ef30ec9b66d95a21d4e570dc01234294c5721ff7875df568afce254171ea,10.0,0.7361,0.2339,3.3092,3.0,1,0.8718440201443218
0197032d5a3ad750bc0f6328c0a923a01ff21fa9bedbb189a809422ab0ef3acd,13.0,0.0,1.0,0.0057,0.0,0,0.01978947117409603
0197157765c4198d4b940480c6008188aad9520b46ba38bb77eec98713209d29,10.0,0.231,1.1846,0.3601,3.0,0,0.595012807835705
019716f3d003380c8b406aed722cef4b0889de300da853c0591c21833299758f,13.0,0.1045,0.801,0.05,5.0,0,0.01778016791686625
0197253b40e4e286b1db28cdce0861ab59cf55f8854ccd60fe39f8f5eff759ff,13.0,0.0,1.0,0.0052,0.0,0,0.01978947117409603
01976820973832f704782d12dbe51be18f55b0b91e99c516c63d508c6eefdd04,13.0,0.0444,-0.1554,0.0388,6.0,0,0.020633040303079483
01976968a415a03db670a3da02a7a7a7699d5cf4e773e287ec96d8ab31aa914f,13.0,0.1524,1.1572,0.0191,4.0,0,0.02072521987255004
01977bdd16887c32cace4a0e8d07cd87080e39d317bd1642b6e17e63bb5bd851,13.0,0.2058,0.7154,0.0383,4.0,0,0.035214525082379704
019799e081af1a406927fbb3f3681f2b758e4f2b7c5932072f74a1559ed1626e,13.0,0.2233,1.4042,0.1037,4.0,1,0.4635657657655318
0197b201a1bec1f097ad157e4a53f0d1266ea7518a4b2165ac29fa9aff4044b5,13.0,0.1602,1.052,0.1039,4.0,0,0.23736636009857892
0197e1a47635bfbe4a57ef0bd1a81d0ad8a26d36903526742b6e7271ea7f52ad,13.0,0.0,1.0,0.0061,0.0,0,0.020263886945132575
0197ede2072f2e2acdf45d96e969d4e25cee118d9fe7040567a98d37669e8b67,13.0,0.0,1.0,0.0057,0.0,0,0.01978947117409603
019810c32b6a9e1d5748de362202e7be58854896d59dcc0e382d8dfd92f328af,13.0,0.0,1.0,0.0056,0.0,0,0.01978947117409603
019823f4c274ac2007dbb978cab44886e4cc334a7b3b607987d8aa141bdf544c,13.0,0.1773,1.5793,0.0234,4.0,0,0.04774726408823728
01982bc7c8f62393aaffeedd1172268e9864774657527e699150a627af0222ef,13.0,0.153,0.0,0.0607,3.0,0,0.07113592816130868
019830110dde93f3ae50fc7db61dd1b8c942bb2a414cfcc93e30f968868ee00c,13.0,0.1838,0.9469,0.0337,3.0,1,0.08532112266193727
0198450ca3e7a720e7b36daf0140d99ce136c1776abee2198b30f60dd713feef,13.0,0.1567,0.0,0.8609,13.0,0,0.4572575852309849
019886b8a59edf84da8197ca5d9f0b30bedfe8727eefdccac8585be2c2d92cf2,13.0,0.3485,1.0435,1.3349,4.0,1,0.7686433937484679
0198c02f5e8222490160319f2a227ec173e9e6cad9c8738ae8873aad02e23fb2,13.0,0.2117,0.0,0.0166,0.0,0,0.06088187930015345
0198d66b7ac1634534ffb7a7c6aede9b84b678288358fffe6f9ed36db2cfa60d,13.0,0.1463,1.0022,0.0105,1.0,0,0.02782875422107568
0198e88aed6dd850575269acf6058946de0e4ea365b864b16a88d0a06cf6a276,13.0,0.3536,1.563,0.0114,2.0,0,0.10354545936076347
0198ec086a499fd524663f6f43766499742ec9b4fbdf53b2aa66cc6951141b55,13.0,0.1443,0.0,0.1748,9.0,0,0.284974960688794
019900d18685b4288a8a522fa260e792486cc37d0c1a29711ed087d4fc33b12c,1.0,0.0,1.0,0.0003,0.0,0,0.021051628307654998
019903d573b67b5389dc7b6b9823d06dfe31079d3ee78a4f5ca39235259e79af,13.0,0.1777,0.5026,0.5479,5.0,0,0.404684196433411
0199146e5d4b87eec54ab8d5dcca80b13bc7e5fef9f5b0f26cb137164caa92d0,13.0,0.4647,0.3632,0.1858,2.0,1,0.5689652745787455
01996f6bd9be938d7ea6df812b582de86b50c96a0147ee12f98f0bf5d1faf723,13.0,0.1515,1.0215,0.0625,8.0,0,0.08666266259216511
019993c41fec2b906954f07dcc0d55fcac0747c78b5a59bbcae84f4e6b9b7f95,13.0,0.0,1.0,0.0518,1.0,0,0.04659680450935972
0199a0b722da86cdaba9f0982fd20422e26554eec326863c72a7b0363a7d4503,13.0,0.4212,0.0,1.0618,11.0,1,0.7404009573124094
0199b42a7c84db567fa4adc46b1968dddd137f533dc2ef785cbe23b496208f43,13.0,0.2028,0.7644,0.0458,4.0,0,0.043876400526266776
0199de46527636beecbdbc3ea78e1fdeff232003ef51a6188547dd84835aa96f,13.0,0.0,1.0,0.0119,0.0,1,0.07704350507592042
019a5e5d35b5ea4fe24ab966745017291ee3f9827a3cb24004e5d420aa6e9275,13.0,0.0,1.0,0.0054,0.0,0,0.01978947117409603
019aa964b014e7d5cc151df2ebbb0e17502b2f9ab87b43bb545cdc407b8e2cdc,9.0,0.3418,1.4858,0.2591,3.0,1,0.6992945666805436
019ab6765126efcab3ab5a6566793c95a638e13f1c1326cb483cda4764283a37,13.0,0.1694,0.953,0.159,1.0,0,0.28127532787038545
019ad6a90b778d7c11799cf035073584dffdff7bbbe6641c862726219412e7a6,13.0,0.0,1.0,0.0064,0.0,0,0.020263886945132575
019af3d6319262eb8ad66ea6e4ccc93079bcf0af206d121b90564872c599d61c,13.0,0.0452,1.2595,0.0313,4.0,0,0.019152840597536584
019b1ec956a8fb925c7856a1a0a95fdc33add20494c4db0c1a0b79472415d50b,13.0,0.1826,0.8734,0.0619,7.0,0,0.10931201366981494
019b2b1a19d9d24b13637f5109e6e68c872e8306d2fa08467e36cb6e3d6b9569,13.0,0.0,1.0,0.0086,4.0,0,0.03210484371077537
019b65af6e1583287a2ca1ff6a96e1e38aabc75015723a4c81f13ce860aacc90,13.0,0.1119,1.0566,0.0183,1.0,0,0.025746471074077553
019ba53bfe0423260fffcc762008fe50b0d19b14f21368cf4578ee9a337ebb5e,13.0,0.4367,1.4143,0.6385,1.0,1,0.6991392146651304
019bb51cc72c1e7591fcbf3f3dc92f0f08542f6b1baf25513c1ba981aef6e6d6,13.0,0.1455,2.8257,0.0397,3.0,0,0.07033005649168073
019bb5dd303a2935a2dd9b944fa6a78ffdc494f9e560b3ce7b614100aa49b037,6.0,0.1056,1.1275,0.0397,1.0,0,0.025693040713091905
019bdbed56590fd06d682b4b6418a2a8f6637007a6fea866c5ff05295b67065f,13.0,0.0,1.0,0.0036,0.0,0,0.019980332496187008
019bfdcdd3618bb6c2ee4ee27e212bd8fdb6ee4ee8c4b4cba93ff9dbd90eb6d9,13.0,0.1337,0.095,0.1088,5.0,0,0.14159287121600728
019c57bcd5ec90fd3cc16aa67ef500dbdda49d6b6dc278457896a291440c5059,1.0,0.3342,1.0,0.2585,0.0,0,0.39032797313342266
019c80f2948219c30135ce754feaf08c49bca6a45fbe15eebc3a13a5e0786bb2,13.0,0.1116,0.9302,0.0277,2.0,0,0.02003570488328813
019ca46b3b7d693785a07bc4d2e22658cce871366f29e9b2bef782c87389085a,13.0,0.1309,1.0453,0.0133,2.0,0,0.024822597924053252
019cd22ea76a84f62b4c786bda7bce8f58c26cc615cafad58d0865df9a7a6e3f,13.0,0.0,1.0,0.0058,0.0,0,0.01978947117409603
019cd4a738b2bf5bb33f950d66ac7fb3234b5ed33cc31435fb5e1ed53847a107,13.0,0.1235,0.7977,0.04,5.0,0,0.017357484030702378
019cdf0ed62adf30dbc8a6873900534e52456b1e2ba55c5db98e773a86dfa0ae,13.0,0.2328,1.0677,0.0247,1.0,0,0.04826516682915238
019cfaf5ab4cf8719f7a7eb1e5437325d9f59b7d74a4cdc220bd8966dbd6c00b,3.0,0.1059,0.5987,0.291,2.0,0,0.17482189945076695
019cfdb181a4e92efe385ea86dcc720972b3a4e20f70515bbca473e6e28ca80c,13.0,0.0247,3.0641,0.0183,3.0,0,0.042913520668403746
019cfdd712d8facc004d71cdea3a795fc701414ed2e84b053d3401403b03ae66,13.0,0.2849,0.5451,0.1323,4.0,1,0.5762382018212109
019d0a289e59bf806655be8d5e6954fa46e7f06b2b31c875bb2d9ccb00a9d0c2,1.0,0.251,1.0,0.3579,0.0,0,0.3538013270983021
019d1793cf17773d1cc03363e81fb05d3df2c5e35d15f0388d27f8e3169f3eb7,13.0,0.0,1.0,0.0056,0.0,0,0.01978947117409603
019d216d5690278fe0c29bd09349b09830556290f773a11314209e88ec576c77,13.0,0.0,1.0,0.0046,0.0,0,0.019980332496187008
019d2d7ffd22c5d250f3b346f704f5834b5dac89e66009f33a5cba4978bc3826,13.0,0.0239,0.0,0.0054,0.0,0,0.01558099710817492
019d4988fd2f13c87184059dbb865b8f6fcd753288fa5b939a4c8aa651a26db4,13.0,0.0,1.0,0.0066,1.0,1,0.027828252184556777
019d5e51477d1f5073e37d60ff45c74f620ab24f3c6b7ec7e34f936e913e370c,13.0,0.0,1.0,0.0082,0.0,0,0.037720949013385574
019d76a9b9788d3b5836993a391463b6f121393134434c016d3c76885ffa27d4,13.0,0.0477,0.9428,0.0257,1.0,0,0.027052694292247822
019d828f0bb97c9a1f74ab15d44684e310b3527f1cbd42fad2ada9e85ff64f9e,13.0,0.1412,1.2387,0.02,2.0,0,0.02281338052048406
019d90d563804d992b9e0987aae49ce21573c6be1895e72c704c44e6d54d3b3c,13.0,0.1492,0.963,0.0223,5.0,0,0.023327846298437156
019d9efae9c27fbe658be8c14789a0cb2b307419b010da9fdfc01bbdc6a91db3,13.0,0.19,1.4244,0.1615,10.0,0,0.4743456646376953
019da80a23d59400dc06791dacf75e517bf2aa5c0a183c314fcb4fdfd14af16c,10.0,0.0,1.0,0.0059,0.0,0,0.021280478197017946
019dae2a060eb2e9f348afe222811bd2d673b659a3a228517a8516d6e61b02f1,13.0,0.1645,0.8432,0.0272,6.0,0,0.020264373975389483
019de1386fb7173ade823e948d3b3caa19bf0d4b317ef6e99f5ad8096e85d67e,5.0,0.2205,1.0474,0.5067,3.0,1,0.5760798391404588
019df1d4125b4d876e8e48965af021d3399b69d36d0d51d3cc33e64d9c098dff,13.0,0.1695,1.0117,0.2871,3.0,0,0.4003821310032781
019e1b3a3e3d656832065b33cf982ee36944e62fc983ef73142de228163be0ad,13.0,0.5911,0.5128,1.5009,7.0,1,0.7839871613730451
019e5ee7d23e09a8b9d3a1607c12e5a268fd4248dad6a43bdd3c65d2bdda96ff,8.0,0.3088,1.5249,0.2903,1.0,1,0.6590279599283604
019e86445745f0fb5a0cafffeff091a42ab496639616623039cd1230eb2a8761,13.0,0.0878,0.8743,0.0448,7.0,0,0.02116044645981891
019e8844338cb41faa7270b71697e156fc68b85a83746b5f07bcd6b2f5fe007b,13.0,0.3108,1.0321,8.2451,4.0,1,0.8880066344647125
019eae9ff0e55959d4e7997a65f6d5680817307d40bc847781ef8700b5830fca,13.0,0.1255,1.3919,0.0536,4.0,0,0.04008506193795368
019f1f5316d06ce2f59f28b86a5417c9d8f6ff83894a7f8c61c5e2cd17291a31,13.0,0.2295,1.2111,0.0053,0.0,0,0.05498574541096437
019f5d93999d1f65b9e06d1e2ad5c0dc0addb1b155f31546f3bab933a49e8d56,13.0,0.2106,0.8261,0.3673,1.0,0,0.514281194499653
019f66eeb33e0657d2a76bb0fa1fa214111a629ae2c7479c29e3ed8f14e5afb3,13.0,0.0789,1.2021,0.0395,2.0,0,0.023333718889430352
019f90d52e68baae96f50f011b41f4b953542c8bfd8cbccd580293c44e4ab3c0,5.0,0.1857,1.3162,0.0107,0.0,0,0.06806704229204745
019f9d467e37b791a5864cf80beac4b861c88e0103f7778f0aed5b960679616b,11.0,0.4267,1.106,0.0388,1.0,0,0.08523303233090804
019faf80767cf5ee6f088e85dd4535b4d13a2fba5325f25e14282017e7f3cf8f,13.0,0.1536,0.8436,20.778,6.0,1,0.7614606818999187
019fe1a5cd591f680c97dc00304f6fd1975248caa02df4356f388c352385f270,13.0,0.1166,0.0,0.0088,0.0,0,0.04170162179984726
01a0475a08920c3ba4f770899e8d322fb440994d46c64686f5cbf62bf980f2c8,13.0,0.2421,1.5663,0.7255,2.0,0,0.5899321579557726
01a04cf47062396a3661c5d49fe2007c7c0feb8f598e33f7ff5b2ec7083c0a23,13.0,0.2311,1.7514,0.2653,12.0,1,0.6251927908267305
01a0522f432e2fe3f62a224a043503bb7abe2b9745faf93ca377bbac082a28e1,13.0,0.0,1.0,0.0048,0.0,0,0.019980332496187008
01a05d0b3be10398a71ae1c435472f518bde8ec3449a99112a261065f905644c,13.0,0.1815,1.9252,0.0185,1.0,0,0.03912842247535521
01a08c14053b2d24bf34bd6197885f940fe1c8805f27709614d58dbc0d3a27c2,13.0,0.1021,0.0,0.0063,0.0,0,0.01668063468582888
01a0ab6f3a2e6a6cebb68ed4774ba8eab2c14c8f96f33f553f651352f6d7fddb,8.0,0.0414,4.0072,0.3591,8.0,1,0.4375650374187829
01a0d15dd10ee09f77665bd21b991e007c53920c562fd252819de36c3a6f20c9,3.0,0.211,0.8129,0.629,2.0,1,0.5550373726754771
01a11e22e73e30a9df1c196833ddaf111670cf82401f6da96682b3cc2eeeb905,13.0,0.1398,0.8396,0.1137,4.0,0,0.20010954858577068
01a14023d36fb138b16961317ba260a661a30fdbbe8675d2d1c0f164c0463361,13.0,0.3526,0.3826,0.0557,6.0,0,0.19785064816770126
01a178ec4550d0aa59774cd1b61ad5239ae598e37d571ecd8501833ed0ac6186,13.0,0.1112,0.0,0.0079,0.0,0,0.029957745833718855
01a188c62d3a3330e99cec67c8ddf91456d0046931d2da63faafc1a2045a1c2f,13.0,0.1261,1.3145,0.1879,3.0,1,0.3028033616984237
01a1914c44ab04bfb83527d23107a66c7b31a4d6d5438e56646ee1d523e619c9,13.0,0.1376,1.2395,0.0347,2.0,0,0.021686713884987344
01a1930e47df711699a56b09c2541b91d1d0b9587175732e60014b996c0584fc,10.0,0.0,1.0,0.0117,0.0,0,0.07704350507592042
01a1d47efdafbf1061b899fb030e03e6595ee58efd6e0caf5b5d049ac70296be,13.0,0.1329,1.0761,0.0201,2.0,0,0.022973591326796976
01a1ead87b91bd5ce1fcdcbf08bed4b70e8b43b7327fcaf99d6ab997b601f4e6,12.0,0.4031,1.0987,0.4412,6.0,1,0.7140224821148438
01a1ec7f6380bb780c11daccdf180ff865d9678d06d8b126fd4745dd2dad3d80,13.0,0.1302,0.9017,0.0451,6.0,0,0.019012384710471987
01a1ed0e567e46073749f56debf834e08fe26eb37647549354864499ab584448,13.0,0.0621,0.0,0.011,0.0,0,0.04613329822139441
01a1fd6f21d4ed928bc689a24f5b71db7ece77d2c48ab2991bb9ad4c95492817,13.0,0.8418,0.8734,1.4877,6.0,1,0.7636407523521622
01a2044fe3d891eecc9f37118a6ca676fea4c42a72f6a107c3de52aefc3c5d32,13.0,0.0683,1.6686,0.096,4.0,0,0.20172915700651248
01a20e9daa247f4d225c89e932cd6fe913e26e5ee7f0dc70bf227a5fddd280ed,13.0,0.1579,1.1046,0.0089,1.0,0,0.024872297103098608
01a233027bcdfdee28c7b1bfe7d3380ec433ce0fc8d125c4536c2ed7f8f7c34f,13.0,0.0,1.0,0.0082,0.0,0,0.037720949013385574
01a2455f30d21268d8c26233c56c96dd6150bda22c7eef91a296d1db79ad48b1,13.0,0.1443,1.1211,0.2438,10.0,0,0.4011181242841841
01a2794279e4e0f3d4eb83419b7fc802c755011df2e30d703811359322667297,13.0,0.0,1.0,0.0052,0.0,0,0.01978947117409603
01a279b5e7dafb8970911f74da31f0a1837af0709dfc49afcfd50962b5e0dc9a,13.0,0.0,1.0,0.0063,0.0,0,0.020263886945132575
01a27ac748d6f24ff716cc7bc3fa6ae79626bdaf0d86a17b8947efbcd33b2a37,13.0,0.37,1.2157,0.067,8.0,0,0.3601688133872512
01a292db94ce280fee3f95d3b68838b374dab7497c68c9a4e6255e6898d012e1,13.0,0.0,1.0,0.0054,0.0,0,0.01978947117409603
01a29d5884073d5a381063c627eb011a70871a4ca95178ccb95f1916a6fed7e7,13.0,0.4955,0.7748,1.0373,4.0,1,0.7678597960704695
01a2a8f6dff2219700fce19a8597cc49677d9ac0a92bcff1dba81537223e7221,13.0,0.0368,0.0,0.0058,0.0,0,0.01558099710817492
01a2bfbe69d8ea746a8839fd5bc92072e3a8a77fa022ced4c4c176e8d0cb6fa2,13.0,0.0517,2.2649,0.044,9.0,0,0.03434512009941153
01a2c4caa9ed00f6ebca4043120df435185cb326565d5d90c76536cba88871f0,13.0,0.1915,0.0,1.0855,10.0,0,0.6407993822731458
01a305b56df3a1926b5d53198d314f9d517db19af847f33a3ecca959b48fb0c8,13.0,0.1045,1.104,0.0387,4.0,0,0.018384788545696737
01a39ab5864007b0a6431605c2d20b5781277de382086ce33d5de46098d3d68e,13.0,0.2815,1.23,0.6177,8.0,1,0.6381724969204373
01a39c4bf4d9960057b2fe8d782ae35cb5d68a3703591b579031abca086fadc5,13.0,0.3197,0.538,0.3204,8.0,0,0.6406545340544106
01a3d7de1069df9e4c53f4ad7d5b86d783638c16a5669902f3b4cbbb218aa7bf,13.0,0.0384,0.0,0.0047,0.0,0,0.01569832901850119
01a3f2304d83217703debb68945bd3241578e733d886eafffe2a67402ab728a7,10.0,0.2782,1.0579,0.0295,0.0,0,0.0768854750316253
01a4167564b02f2e848f500d07166e373e553213bac0e32d71427fc0dce07ad6,13.0,0.0421,2.8498,0.0111,2.0,0,0.04225549895109558
01a4df870c9a606a9463f6daa20fcfe6e9fd1d089a33699c836edea1c40ed283,13.0,0.1278,1.0903,0.0657,2.0,0,0.04834954934646969
01a50d1ec6ee86626a2f5a59277ab47df4206bb5f59ec894c3673d25651a27a9,13.0,0.0873,0.9107,0.022,2.0,0,0.019805255218074958
01a51f4bac5b41719fc9f636022527d6b699c30263a3df266f83e623683bfc3b,7.0,0.2683,0.9845,0.4082,3.0,1,0.5990181087416345
01a5230b2af84e6db2c3d2c4143d0ec92e5f7efe0d446680c7a445a720f2e364,13.0,0.0289,0.0,0.0058,0.0,0,0.01558099710817492
01a534ec7a8636ccbd61a2e72a64602cfef136d95c5e1561663272d121584f07,13.0,0.0997,0.3802,0.1771,2.0,0,0.14967649409008688
01a53dfd572c9e9318d79d22ae4ef784bb9f33321fc8fdae0384e39e7b4938de,13.0,0.1748,0.6798,0.1651,6.0,1,0.3098517321133098
01a562e9ff2a7d63d9666c888d114e991e1e72751cfee5b608c53bcf9c57008e,13.0,0.0713,0.5386,0.0343,1.0,0,0.023216412239248106
01a584d42ff4326faa6bb96d6cfa615123007c6a3137a7ffec4d5ba6a04c7f4d,13.0,0.2199,1.4532,0.2466,7.0,1,0.5885170596966137
01a6093e65ff639047ca1d686d0dcc06de5fc6dcfdc0b400561ebf2aaf54c1e1,13.0,0.5048,0.5535,2.2429,7.0,0,0.7863879378254165
01a60ae9b4aa053396760530e963ffb47028a2f6b0c487e151d4ef3634039b74,13.0,0.038,0.0,0.005,0.0,0,0.01569832901850119
01a63ad7995fe3387e66f1a1da765bbd84a66c3aa069eb6a68c5bc0daffbbf85,13.0,0.0604,0.6402,0.0085,1.0,0,0.024947799093315393
01a63d7e17476526a9625aeaa7e4f285b5954a9ee26a21b728a1f9fb66879017,13.0,0.2244,1.0543,1.0706,4.0,1,0.6439323027298607
01a6588e7e26b9d42810ca7e0f8212219dd050c81265ad41726b5b81ad23ff67,12.0,0.137,1.1244,0.0115,2.0,0,0.021867326018319727
01a67deb77803b597faa643ae3b086508f27a1df3d1cbc373c3d559a2650467a,13.0,0.0368,1.0731,0.0252,2.0,0,0.028669469508493143
01a691ea0b91a43c8179ffd6e52a3167fe20ec33964a968db619377bca2cfc54,13.0,0.202,0.4942,0.0332,5.0,0,0.03434025251334264
01a6a65236ad8ff194bd1752908bd1d815cb5119d9bdb9bdd7a837358814baa7,13.0,0.2042,1.3456,0.5461,9.0,1,0.5703271972019247
01a6b594f0319b603b26caf462cdac17ce10310bd6e3c51df8506b0f2900c16a,12.0,0.419,1.2098,0.061,6.0,1,0.45622446121492205
01a6d6dee6e2d5e7211fec06ad8917de2c6a455c407046b0f461a4c991c4bb41,13.0,0.1583,1.2117,0.5999,4.0,1,0.5134304633517589
01a70fad1f2803e508ad8c689bc32feded8556c8274156156ed2e27d1c5db642,13.0,0.0816,2.2386,0.0066,1.0,0,0.04154734380687075
01a79fecfcdc361910cbf41c51c94d6a1dd4b5bd5a91b1573a12de1c7495f3d4,8.0,0.584,0.2455,0.7919,3.0,0,0.652020217569629
01a7aceaa5d476e99fe59e346a46774ea68a41b090806e1f328313bdf9b6c72c,13.0,0.7868,1.081,0.2121,13.0,1,0.674309256035265
01a7bb4de11e6ba8290b11c6380d180828bf9d72e11b9d553b1eef6d8d4be2ae,13.0,0.2483,1.1564,0.162,10.0,1,0.5774730136367364
01a7c88d4ea9381c9cf745f64c2d6c396e84b559870d8a581886ca7eee1ef499,13.0,0.177,0.8171,0.6768,3.0,0,0.4352580848958094
01a86504f906035c0f069da73fc95dd5865d6428bbc45f566d0ce380922d3719,13.0,0.0,1.0,0.01,0.0,0,0.07447578192254842
01a873645ff590ee338dc897609f08e9d73459bfbc2a52935970dbf0e12ce466,13.0,0.1593,0.9742,1.6268,4.0,0,0.6226978535357298
01a898b90d8495c3b3eb77c394e65f0e6e2e6e41b1e36bbfb5460aa40487bd64,6.0,0.564,0.9304,0.2105,2.0,1,0.6308315916846589
01a8ac17403df9c4419c57db483566546ca91f2df3b4e5f3d505ce800d4c2f00,13.0,0.3025,1.5066,0.3465,6.0,1,0.7230593859239015
01a8c8e93603c89b471940195b55d5b2b0db1063ffdb7df0c2afbbb1d572006b,13.0,0.2699,0.5834,0.0623,2.0,0,0.1968035185184869
01a8eb0046d878cede2003eca9315d8bf1cefcebef5e45867e49dfbba424b4ae,13.0,0.1757,1.0179,0.0442,4.0,0,0.033176993083931204
01a9038ae546db806c1a8acbaabe9e79d10ed0056a8c36b66d600b1c94bcc563,3.0,0.2388,1.1288,0.0496,2.0,0,0.08344777945878375
01a91483ee047f351bf172a936e8458c901e39d7433397b8d5442cdc97d99af9,13.0,0.0946,1.75,0.0053,1.0,0,0.021223959038370953
01a9272886c89f029a269000669f7baedfdf445af6927240a314459b12e5cd2b,13.0,0.1237,1.1536,0.3601,2.0,0,0.26304642905058306
01a93efb6b7e0cff1be54a01be388db2b4f1013938af7e13e5cdbf591f82a537,13.0,0.0495,-0.1637,-0.0045,0.0,0,0.060475389346114676
01a96e8dc19d89098189f979e3df165d68152febda4dbbeda8e8d2182b59a5c6,3.0,0.1945,1.0329,0.0445,1.0,1,0.10342570903578593
01a988424d812fc3333dbd4c75bea1a05ccdae985d59142e2262962449e39c4a,13.0,0.1744,0.9164,0.0318,1.0,0,0.02634039374659989
01aa3715f15ab8774f4830a423afd078554e55d2c3efc96d52f96a72ebd90b64,13.0,0.0,1.0,0.0063,0.0,0,0.020263886945132575
01aa66ada124601150d89f796ed4cf6a808f1d39b8f8b0e2e3c2765a392cef4e,13.0,0.1208,1.0637,0.0667,0.0,0,0.07492199406978324
01aa6bfa6dacb0743b9569a47fafc1de8bacc7da4ecb87e78b6b20aad58e540e,13.0,0.0,1.0,0.0054,0.0,0,0.01978947117409603
01aa866cbf05e41c011d60b8d10581d4494f5d1f6ac944d81badd5dba55045d0,13.0,0.219,1.0799,0.0198,1.0,0,0.04486281662317516
01aaa433a0df0116465a90740a1735a916f00ae8b1c4b3aed09304906361f332,13.0,0.2097,1.9465,0.2059,2.0,1,0.5866924863076967
01aaa6e05338eeaa181164f1ece9899b2d3150e18c3a1bd74af1652a827602d9,13.0,0.1201,1.1252,0.1048,4.0,0,0.1063592894698478
01aac9bb85f2fdeebc45023db7ea8e83449c771a6518228ee9efe37750f228d5,13.0,0.0825,1.0579,0.0263,4.0,0,0.019321392655525398
01aad08934be6977001153b9a39bf4599441a67e2aced4fa16b538a90907f3e9,13.0,0.1617,1.1417,0.0385,3.0,0,0.025199263070521657
01aade4101d6c0c91ba39cfe081c5fca0345870c5047b847f6b1a8cc3e1b7d6d,13.0,0.3151,2.496,1.5333,7.0,1,0.8095321652910482
01ab196e2988bc881e1a3c4bd63d9a4cb1d69679fcc81178e84a4a44b84b79f9,7.0,0.0,1.0,0.0095,0.0,0,0.07074013077730512
01ab1e4aa81a55a54ce27ee60dfd20d5424f06b2c02e31078f934042b1072cb0,13.0,0.0,1.0,0.0041,0.0,0,0.019980332496187008
01ab237f01e11084c0a5b2825617ef94f65d19fa3bea0c56e6a83a613e3bb240,13.0,0.1225,0.9747,0.0145,2.0,0,0.021635929264318832
01ab503b3739ca37eda3a37ba703365191302c630643207e5653f031955c27fd,7.0,0.3562,0.6384,2.3367,3.0,0,0.7858650024439804
01ab6478768e14ca3f3f5ecab9f74230c8c360fb45001dd9731b3f5d5221e761,13.0,0.1732,0.9157,0.2463,12.0,0,0.39120784770208294
01ab859279b9e9bdbe78f475a4a9bf4305d281bbddef14f4719d5d2248588b0b,13.0,0.0,1.0,0.0078,0.0,0,0.03633201737750049
01abd2ea76c9d558f60806ccd144ed9f29e0306846e65351d4b308974ba53289,13.0,0.2944,1.7563,0.4534,8.0,1,0.7151276336155687
01abdfce7472c71c19b434b6b0912d82f9d5841e9c6fa0da8f9643db156b5145,13.0,0.1412,1.1462,0.2188,2.0,0,0.3168668723247638
01ac4f6005d8b43d3e21cdb0311383adcdb9fc8a1e7d0d5ba4e70c9a13c03417,1.0,0.264,1.0,0.4177,0.0,0,0.3616094587724977
01ac7c4329c74b0bbebb6700e35079d8cc4e2debc1811d115b67265a87256ce9,7.0,0.8493,1.2959,1.611,2.0,1,0.804610816661014
01acc11884e01076fa78035883d035c158c6a7c349289b8269e3f6f4ccb3dc2e,13.0,0.1593,1.0719,0.0099,2.0,0,0.02609002741851153
01acde2ef9a009b21cb7a973adee8a4273e6c74064eb3b538c949437c51106a7,13.0,0.1529,1.7929,0.024,2.0,0,0.03289858394082669
01acdffe3dcedada8b2b1f7c0ac855acb11dcd41af8ab951432603b2704eb076,13.0,0.1051,1.0664,0.0357,3.0,0,0.020630774962130408
01acf9bd51e26f08c05baa9864adcb4dfb6f879796d7d84d09ec6c475f8f9151,13.0,0.173,0.9225,0.0316,3.0,0,0.027084065350447842
01ad072fc25a621533573a0f76b80f53f680a04bc10b26e34a766926e61349db,13.0,0.1859,1.9071,2.3295,6.0,1,0.7633191908661433
01ad1e3de379a1d5c50467eaf96649cd490817be8cf43fd012c15378e7ed4675,13.0,0.1483,0.9652,1.8068,5.0,1,0.715669976538695
01ad321195ee0c80cab6ec13bbcccbe73ebe9bb17f1fb995dd1078d55a8e075d,13.0,0.134,1.1666,0.1397,6.0,0,0.22532044851997743
01ad4e325f589cb354e1de1e2c484c489c9c7b899db1a4392f7e2cbf199dad0c,13.0,0.2327,0.7158,0.0177,0.0,1,0.0744559741007931
01ada8eef76e4d9264ae238a915a1d636a97e860ec48816af2e475d2edc221ea,13.0,0.0308,0.0,0.0067,0.0,0,0.01712022606166106
01adbd0691c852edfbeef3ee5f958e244f8f2b8cef38e599c64abf002d08c590,13.0,0.08,1.0988,0.0296,4.0,0,0.018771112163335248
01ade0f37921fba2321a358b70a47d1771de4198320ffc102b745a2a04f3efb0,13.0,0.2328,0.9275,3.3833,6.0,1,0.8589291308866855
01ade3e0915222bcf690f2740bc67fc0a76cdf3532a0b95ef775140291adf7c7,13.0,0.2564,1.1176,0.9842,2.0,1,0.5844671521440683
01ae2a35e2dee3681a8c7299997a8e90722cbd80f055974f1476d60cdfa28e5a,13.0,0.0,1.0,0.0057,0.0,0,0.01978947117409603
01ae3ff93e15800dc1b90f212de0cad6988b52967461750e947bc4db2d7327a8,8.0,0.2919,1.6463,0.0355,1.0,0,0.11553538052068803
01ae75485b7d790e0adcdc8d60dfdf5898b2dbdf67384da96fc5152f55321621,13.0,0.6373,1.0749,0.24,3.0,1,0.6883419506179359
01ae87accab0d14cd4cbb37fec608b5157f9dcd0ea1c2fdf513880c6a005d4cf,13.0,0.221,0.8076,0.374,5.0,1,0.5710912998824547
01ae95451b2bfb781337b1185449f0071f299ed8fdd97fef40969f32adf1cced,13.0,0.7566,0.9913,21.5437,3.0,1,0.8874849765252774
01ae995b750019456777b81030cda9e3cf9333cb544f6e7eb09c06fa65e4676f,13.0,0.0599,0.8637,0.0282,5.0,0,0.01826424777568526
01aecbac774d07dbb132c420f13aec19ead50246e2e89e6fdc7fc99b990b5f4f,13.0,0.2838,1.305,2.8954,3.0,1,0.8820139449803809
01aeddb662c62fdbf5102d0309d57eeeb3570b77f4982ffd6ce9a0fe7eb6de24,5.0,0.0,1.0,0.0098,0.0,1,0.07447578192254842
01aef06e56f80911663e26a0a54b67b625625aa7580bab488397259f85b3a53e,13.0,0.2541,0.0,0.8124,4.0,1,0.6013126693378402
01aef4a9c967f8803e6edbe749f6422a28718402b1746a648923d38186ccbde1,13.0,0.251,2.2611,0.0158,1.0,0,0.10669889123910131
01af0849fb2f0faee249f0dab1af36f5800e2b8a6cff082dfbadd0e0692070ef,13.0,0.1433,0.6045,0.0352,4.0,0,0.01962661632888807
01af1f057bf80903ce18631298f3f9528ec6983efe5722c1cb4cb9a567de5e70,12.0,0.0848,0.8953,0.045,7.0,0,0.02116044645981891
01af32f387cf11d68b031b6b242ba714d9c4d47391871cff532252d752694920,13.0,0.1674,1.034,0.1568,8.0,0,0.29681085068373053
01af812ceadf2e0305eddee5568041a67f9bd9b6124b2813d37a62261a77c3b1,13.0,0.0644,1.1493,0.0434,3.0,0,0.020824768177211687
01af846dca39e48aaef864256531510e338aff54a11bbfbad7be9de29993654e,13.0,0.1374,0.7054,0.0272,1.0,0,0.021852594919021
01afa1258927238c32cbf36abe3320c9c8258334a150b4122154c9008631c6ca,13.0,0.0768,0.0,0.0046,0.0,0,0.016056884449379208
01aff2013434dace177ccee03d446d00fed270b5e9749625e90695e2313f0a47,13.0,0.0,1.0,0.0055,0.0,0,0.01978947117409603
01b01b28b2d46a463c9d75acfc7a8ce09ab56808a09c8daf348cb520ef81908a,13.0,0.2745,1.518,1.0558,9.0,0,0.6280197579316757
01b04fb22b21a29fb1f997cf5ea9ae3f9fd86c49d25bef766ce35ff59f5898d5,7.0,0.1658,1.0901,0.0335,3.0,0,0.028390292635411433
01b0583320635506d087d3f6fbab09a287375f92acba1e02b2f5b55828aedd5c,13.0,0.1798,0.9049,0.0488,9.0,0,0.04762923783346459
01b06282c0841c7e8806ec8e0200983e483a4c56b14954c83a05819356103311,6.0,0.2706,0.7043,0.3824,0.0,0,0.3341439253013336
01b073bf0d97c598a0f0536ddfff35e53316ba4a372a60fdb1043c2e95b8fe98,5.0,0.2051,0.8566,0.1503,1.0,0,0.4685158046848191
01b07455952d59c9e73aaba0b21ea0e54e4eadd9fa2350fd92d6ee4fd92438db,13.0,0.2461,0.9089,0.0303,1.0,1,0.09668268852935022
01b09a1d445a311a100c90f3a4a3088127bdcc96b99b79c645add9e52031ae42,13.0,0.0,1.0,0.0067,1.0,0,0.025174868857605906
01b0a881a801ac821ab14994c94fb2255de733b0f7b8c4a62dc90d4a6e49ec16,13.0,0.2202,0.6281,1.6472,8.0,1,0.7665989297974913
01b11ec6ed7e1de7c0d93d13b6076603a3abdae9ff9c3943aeb2b3944e634735,13.0,0.3919,1.239,0.2123,5.0,1,0.7050693779487684
01b1212859f7194fd2cae208c23fb9ea7c3f8f009b1d3a2f76fb6b90aaa31d6d,13.0,0.151,0.9143,0.0267,1.0,0,0.023304286361621015
01b1350e7bfe1972f9289830d0cf757c1221e8760e8c9929c92e2e760ef364eb,13.0,0.0,1.0,0.0083,0.0,0,0.037720949013385574
01b13ea0daed6b46511b1cb2c3874238442bac3a30848342d001fd7d99edbb83,13.0,0.1464,0.9433,0.0461,3.0,0,0.037872008511711165
01b155c8bc226b03ff480589aed1fee9364e5b3359bb6061236a9236f02520b2,13.0,0.1397,1.1737,0.0581,2.0,0,0.05633349331140183
01b1637b13c9a68b838440069ca379a33442deaa0126e1b540c90e5d70163e43,11.0,0.2187,1.8797,0.7586,3.0,1,0.6197549676220423
01b16db128fdc90008be6e0b0af7f5d69823b7278d44e92f789d04a4a04f7c3b,13.0,0.5278,0.8011,0.2378,3.0,1,0.6806913264740875
01b181a223ca7b046d3c528e8ee822b97db5c5c3264109d76cf4d5ec28e19787,13.0,0.1433,1.1563,0.1002,7.0,1,0.2697974261628928
01b1ad1b83e5887fe30ce4cdbaacfb17313a9cf975df629f5dbb228f755079e5,13.0,0.1628,0.9651,0.0371,5.0,0,0.023393797558444077
01b1deabc08857a353e30510dcefad129abdb9a1d76fca2037161f460a86c660,13.0,0.2375,1.2269,0.0484,2.0,0,0.08110030444682526
01b1f2eb4e0ff12c198f08d4109f04b3fa42e02b2698363957fab987d4f0e6c0,13.0,0.0307,0.1628,0.3073,5.0,0,0.21392789227537595
01b1f8170b820ab768dadccb4d5d18ac6cc161b62a1917f3f509262b415df38f,13.0,0.3578,0.6006,3.206,3.0,0,0.8113050459582131
01b204b31a4d3ec43843468ae57cec303493a12704bb6b08efe714643cf47d19,13.0,0.0,1.0,0.0056,0.0,0,0.01978947117409603
01b20abdbda19c65a19f5684cb535f1caf81466d6369a4776c10a40b9012eb0f,13.0,0.2588,0.4846,0.4912,2.0,0,0.5112388753526049
01b20b11b5d6be35d7bec548a94c39fb002c0bceccf00e1d2b4719b4c5a59db7,13.0,0.1302,1.0455,0.024,2.0,0,0.0237321100742257
01b217d4e35989313db51d8bbbb42f9fe3eb36baa071477bdaf3348a3b6a258e,13.0,0.1009,2.7063,0.0141,0.0,0,0.09625280158629317
01b23cc9764b7b03ec95134004ea891fc775b51669fae07c14e8285b7d5f7e23,13.0,0.2662,0.5173,0.0198,1.0,0,0.045793665309647666
01b2470b001f16b18484cf7bcd66722573c3575dd97e67cbbe286c0184dea881,13.0,0.1398,0.9619,1.1478,4.0,0,0.5474442531256971
01b27cd79ded513e27c2f1134fc205d97cd245b83524be8c0a2007479e5c2021,13.0,0.1431,0.7833,1.3782,3.0,0,0.6003105626401488
01b2b13cde3a6e5d246c001062a8ed24598cd4b0a8a67d1e2112e441194b73d0,13.0,0.1449,1.2045,0.0129,1.0,0,0.02459182109639344
01b35e473b55c53dfaf2e08c56bb5c6fd40c42d4ebf2ef625de482bd9d3932ed,13.0,0.3465,1.229,0.1478,4.0,1,0.669979187525278
01b3730ade9baf27bd78bdc2bcdb35f5e6cf11c48d01da74ccb7ec55c0222e06,13.0,0.1614,1.6763,0.137,2.0,0,0.3239371406134115
01b381982d3c52fbd94eac6abaff581398f21a96d5cb8c944049feae1037224e,13.0,0.3661,0.8603,2.3423,10.0,0,0.7508999686671273
01b38c2bf2b323c4968a02782069969fbaa09555e1170f06447be8a90cf8c4cb,11.0,0.3929,0.453,0.0419,2.0,0,0.11147105331223521
01b3b509f127d44038a906dc4e26cc5e06c0311826ade0af38c7c44766a415f9,13.0,0.1023,1.0483,0.2342,2.0,0,0.20485490531519024
01b41129c76aa39e7a81f9bc7f145eb2690e88a81fb12c7322597008614de204,13.0,0.9364,1.674,1.86,6.0,1,0.8485808155376237
01b41753d296b61928d604fb80431b7b6581bf723d2f8f2bc06fcf53d791ebaf,13.0,0.1106,0.6067,0.0363,5.0,0,0.01626733455633232
01b42928fd11b12a343eab68b619a376c4b9ff63c5298789fc8464b9b5164836,13.0,0.3858,1.0019,0.0445,2.0,0,0.16929408974350657
01b4352006bc4d4e7a8d7ae563bdc7891e4eb9914954b863621b0128c23a191c,13.0,0.1051,0.0,0.2271,5.0,0,0.16307717393648524
01b43c38a1eb8f97cf4b60507eb1196d17401c7d82b9fc07d3b457bd8385ca9f,13.0,0.0,1.0,0.006,0.0,0,0.020263886945132575
01b43eace8bcaf0efbdbd092a7fc544d95aee0508a86d14e60336446c10a0dc6,13.0,0.1476,0.0,0.5432,4.0,1,0.3678913830596962
01b43f5620565bb823c5677b7a9ad1848029e27a4ac81c0a5695222795e4bce1,13.0,0.6519,1.0169,0.3877,13.0,0,0.7238822231695978
01b4656df8860423b40a216747201b85d83adc42b90b6295bd4e336797f3dc08,9.0,0.6348,1.2455,5.0925,2.0,1,0.89305387290087
01b47ab68a26c48d6b8573662d730397d15562c836f4f77c74ba100fd222c57e,13.0,0.4005,0.6519,0.4794,13.0,1,0.6968924698367729
01b506b2cb8087c795b6e7b31519415bd5bbad6496b6caabb45b0ba1a0ad9018,6.0,0.1979,0.8862,0.1079,4.0,0,0.3258971239879847
01b528e86aabdc16066bc3ea19a20d5623ffae70fd5eea5c4f28d5a387992a2c,13.0,0.1461,0.8537,0.1963,5.0,1,0.3390471881662586
01b538a7ec7db4fd6affabb8241dbc46db9642cffd607909bc7d41c86b3a511f,2.0,0.5319,0.8547,0.5351,1.0,0,0.6395751475608118
01b5433c1b460e9972d6ee89e8c0e8332c2112d3d0108ea819583f2e22b9f0f4,13.0,0.0,1.0,0.0084,0.0,0,0.05971407759621131
01b57f80c27bea26d1d42556b06be66f3a73f8c3ad06a94df58467526c470d47,13.0,0.2441,1.2485,0.2516,2.0,0,0.5606138353493825
01b58207a78f26c98898f0bdded8f9b16062a536565a4a89a230ec3d5a51429f,13.0,0.1384,1.054,0.0249,3.0,0,0.020616915381250232
01b5a95fda0611eb1dd55d09e66f032c44a895e9d21bef2b7915f884d3f77a5e,13.0,0.1659,1.0419,0.6148,3.0,0,0.46743829698740236
01b5b18de6df89742db5805fd31242a25d1617da53009c453ea0106ec14004cb,13.0,0.217,0.8278,0.0223,1.0,0,0.037643870351307486
01b5c67ddd603283355887f07a7728ec780896aff66befc0b1820dee82c742e3,13.0,0.2073,0.7856,0.0342,2.0,0,0.029923796124279183
01b5c77af7399ce7a529028b6035b8a1d02de250eaf48e022a98db7826bc7349,13.0,0.0522,2.978,0.0144,2.0,0,0.04581105240105354
01b5c87a54ee1925ce36ceded806a0105e5339330c1c476f6502947c6353047d,13.0,0.0,1.0,0.0076,0.0,0,0.022280945636023855
01b63b8c3573ff81aad3a5e365db051a41da90a1b84cc6df250c011a70924de3,13.0,0.0791,1.2433,0.0295,3.0,0,0.019630486613851507
01b6624d391f72598af52bfd343698d6738009e5a5c7f41980b3b9d1e44f1e49,13.0,0.171,0.9745,0.0453,1.0,0,0.037773506611232285
01b6945089cdca544b2a54ce201dbb3558b6cafc3047481ade1c54bdc1bbf471,13.0,0.1451,1.0589,0.0616,8.0,0,0.07907116067537684
01b6ada063a2461c2f16c60b2239b621d5b10482493b9f45a1fde0cbe29c60e2,13.0,0.639,1.8371,0.2779,6.0,1,0.7913745180752767
01b6cc8d71af95d2e51d5be017115e40c68aabd85d62bd4778e16020ff36fe34,11.0,0.0,1.0,0.0063,0.0,0,0.020263886945132575
01b7292948c28f94413b545fa67678646fbb2548cd01082c2c97cc284f5911c3,3.0,0.6037,1.9298,0.2705,0.0,0,0.5105295372313602
01b755425562f3e1dd1e4a7b9422018bd6fbf4442d2f5434a34f71e09b266ea2,13.0,0.2901,0.9441,2.197,5.0,1,0.8378930903244516
01b7739287b030d639a1b32fded00779fcdd0c556946c3391d22598a35030d63,13.0,0.074,0.0,0.0079,0.0,0,0.0303594109591967
01b7df53928ae150902e1613f5fa53ea0b4f5906df6cb644c5cbc96bd025e187,13.0,0.2339,1.3118,0.8712,10.0,0,0.6147417317716977
01b8072000959390a3dd4146160ae6b099c294e1dfc0d7a9296f40082781e325,13.0,0.3219,1.1441,0.0239,1.0,0,0.06623804182908981
01b838389ba0594f099b476f3db05e9bd9dd286b02d00c3fe33145b8abd5e737,13.0,0.1309,0.9592,0.0242,2.0,0,0.022956339740677303
01b85b5d4fb1a25eb3ce587c6f491b611dba08ced67411bfef6a47428ebb50c7,13.0,0.0608,0.0,0.0064,1.0,0,0.01480140892263349
01b8765525ad001b5fa85e1c06e13f845d58b944b1234551237fc38b06981b72,13.0,0.1728,1.0339,0.4111,10.0,0,0.42606689385876867
01b88372f1999d8b2f3ca37367619e77eaa1578ff2b451698f90de29f536f28a,13.0,0.0626,1.9189,0.0857,3.0,1,0.34308541843179746
01b890b25e325662f8ca7e091d6f7bf84fcf5a7d2732c43bcd37204e003a1105,5.0,0.2288,0.9095,1.5434,1.0,0,0.6080177479070121
01b8a7d89b3a5b0d99b20a3e5ffd4bbfc9227ef252f89e7502c8bd7aa6013480,13.0,0.2628,1.3731,0.5336,10.0,1,0.6244401758920276
01b8bfb57422a6cf5986ced5a2d06066aa4072effeffc363e24b49f17afeb30d,2.0,0.1481,0.9892,0.2137,1.0,0,0.30611599122569966
01b8c17c30b7669d37c264d80701b13ef970c8600f63e2910dd516380fbd8ec1,13.0,0.1466,0.9099,0.0175,1.0,0,0.023508715952839626
01b8c290845e1d0276b84de25d1596decc590bf699d3a40d21cdd8e75cefb00b,13.0,0.0444,1.1804,0.0218,10.0,0,0.021598160201174322
01b8cbd01760e5c6a88f4cbb9d04aecab162f2f7e8d4afc3d1c9a540ad0f2677,13.0,0.2017,0.8423,0.0437,13.0,0,0.04507174958712141
01b8f0103f2657e20728b70fc32746cfa4a5738b7b5c1d0a87229896d472af2f,13.0,0.2092,0.6339,0.0745,2.0,0,0.11690470152427462
01b9105fe419b2c6aefdea4e0d0196c9ec08bb86f5378a39863e5e27961e5e4f,13.0,0.2427,1.4324,0.7558,3.0,1,0.6293511116684359
01b93a831b04682e43f7b86cd816952d7ea252a9dfd43c453dfd63509ef32843,13.0,0.0238,-1.1837,0.0157,2.0,0,0.025242412470785583
01b9602931b7804c3e4e26925cb7c76b4c64f74250423f22e4359f7f913e3604,13.0,0.1389,1.0917,0.0424,8.0,0,0.02302786700096507
01b98966b992888d731a425b97aaf92fab8a5b2b918556a8831352b00e22c5af,13.0,0.0,1.0,0.0066,0.0,0,0.023516553475718346
01b9d10e2ff2485b089b84894466accc67b5fcb3f66b3e918350adf81f11ff8e,1.0,0.1832,1.0,0.3492,0.0,0,0.36723575378445283
01b9db70ae1dc0237133f540a2350831f85eb215c5c4ed3980c07c34fca68684,13.0,0.0,1.0,0.0042,0.0,0,0.019980332496187008
01b9db7c6ca17002993c1b4d6c12d774d710b73ed42db9980251516f14e1b4ea,13.0,0.3607,0.5713,0.7612,11.0,1,0.6636165953009717
01b9dd465a6b2aded6b08c6cc0ef014dfdaa40ba2ec55bcf99cc585449693910,9.0,0.3829,0.4297,0.1911,5.0,0,0.5673113767745567
01ba0e8f604a1c1959b3d8ad94f2ecc09f116db35d6c536ed7747f11ac458dd0,12.0,0.1745,0.5932,0.2425,4.0,1,0.36063469421574035
01ba15167a5bc7864a976d5e32d2c898d93f6abe32fc31d95647c1319ce5967d,13.0,0.1385,0.6845,0.0496,2.0,0,0.021924325480164084
01ba392556fb3d7e7f4a6fcb67806e52cfa52adf00893eab49545f656ea44bcc,13.0,0.2349,0.7625,0.4571,5.0,0,0.5939869829522816
01ba4472c1120f57cfebc0cd97530b382d2e0a3cb758117eb0fcc7e7abe37b9f,13.0,0.0947,0.0,0.8706,9.0,0,0.2616492700343105
01ba6acbbcba0f98dc61a4c9f1f006f0f54ff265cd4e415c5f736a06e04dae76,13.0,0.1489,0.9725,0.0303,2.0,0,0.025188739367691605
01baab00336e482e14609086d4a6c348589989a2d3c2bc87558e35930195f24c,13.0,0.3724,0.4677,0.0526,5.0,0,0.16656570473368476
01bac6a10a9f7fe38c39b609e707cac2f3543811483f192bfa36b76c84394909,13.0,0.3193,0.5074,0.0595,7.0,0,0.20948875366809777
01badf4a35de06f95609b0391bf14dcb4b974eb602faae1f1317d74e6f836601,13.0,0.0162,0.0,0.0083,0.0,0,0.02990386177236331
01bb029e470345ef67ce543fcc3b78fb44129b9075c4e6ff527cdf6ed3feb92e,13.0,0.0863,0.7171,0.1225,8.0,0,0.1130087230943497
01bb3fe65cf6b3c3526e3574eead2ca36a103595897437fc46d48ce017cadad3,13.0,0.1312,1.0903,0.0493,7.0,0,0.025877612558949173
01bb67ab0df3f745235c238dcfd6a4bf852414fd56359fe5b3d4bf47e9344cb8,13.0,0.0,1.0,0.0036,0.0,0,0.019980332496187008
01bb91c1ba891108cc376dd81086413bec033fd6dfcda6a2b8f63eca7affc522,10.0,0.0,1.0,0.0052,0.0,0,0.01978947117409603
01bbb81a250bdece18bfb9a683c2893ab8259214eaf8c04e667ecd5dead02c64,13.0,0.3509,0.6535,0.3207,6.0,1,0.6465619014281861
01bbc545f0e16ae5b9f8afc22868166e4acf77025aa678a268485c80aa0fe368,13.0,0.2473,0.8978,0.9485,3.0,1,0.6293565022517437
01bbf0984c904990d30cd764167fafc41e4a2b981e4d42c83da0c2bdacfba470,13.0,0.1421,0.6945,0.069,13.0,0,0.06882851834575013
01bc0a0934356584219d426b388c810e6dfc492351d4e25ade9e01997fb79bc3,13.0,0.2212,0.7893,0.2353,4.0,1,0.576597226739492
01bc2bdf8a5c1a3e57ed298b36752a6868500f3bebb10a9859a8e16a3c7aef35,13.0,0.0297,2.2594,0.0227,2.0,0,0.03369329690616782
01bc3171023e9e47d10b2dfc83796548e99dd98fe82d9fc507c55b2061f6b0f1,13.0,0.2193,1.6573,0.9941,7.0,1,0.6455122422789649
01bc416368a70307744723e6e12eb68e61a7028217af29ea57f6fb00ffda1162,13.0,1.1629,1.0901,0.4368,2.0,1,0.7325253183490674
01bc5e75de384a9bccf312ee0d0832936923809f4025174813ab280613d818ff,13.0,0.1305,1.0439,0.0907,3.0,0,0.08084117371722005
01bc5f04b282672cb44be3e9ea2ad5b8bf444ccea8fb21a4762806e305de20b9,13.0,0.1261,0.9713,0.1068,5.0,0,0.11190484471384934
01bc762d2d190e94fb512ff2080f0a4578e4ef223a892c470cb979fbf6f42ff1,13.0,0.2073,0.84,0.0155,0.0,0,0.05844637216688791
01bc803d1a084c3f7417eea5ce44f647af2b1efea422c97eebef82e62f02fa16,13.0,0.0408,0.0,0.0433,3.0,0,0.02123265270572168
01bd6077a666fe7168e6dbe63fa9461e7c1fd7925de90ab994f7cf39b603eb43,13.0,0.0,1.0,0.0059,0.0,1,0.021280478197017946
01bd7a32862589170fef6b20561a7f434c9a9d4b0bacafbf05adf55e3604008c,13.0,0.3482,1.6828,0.9396,4.0,1,0.7516041677646027
01bdc2ca43354c43378238b8ea30f41d8d4c0628127fd822059a403d5ef9f8ae,13.0,0.1218,0.7674,0.0608,5.0,0,0.04539772260381736
01bdd118aeece515acde26cffc61319fa825c47d36e1f789e84d8b6525d251b8,13.0,0.0,1.0,0.0052,0.0,0,0.01978947117409603
01bde2faea5a4ead5abb12d7a7daaf345ea4dcb242a390c9f731b1eadf6da830,13.0,0.1993,0.8463,0.1345,3.0,0,0.4789321731989374
01bde7ca57c0bcef28470811037d2b0f41af8f57b52e47868b5051e571f1cec3,13.0,0.1408,0.969,0.4,7.0,1,0.4189436896961692
01be32352c4a9e0217a692bd9c63dc2d5b961fec3fa0955a4ff6f0f7ebe1a75c,13.0,0.2449,0.0,0.0084,1.0,0,0.04744928708157331
01be61eaa0021a29bffde01480b428a740e8e754657511d74088b129a7219f70,13.0,0.1293,0.9702,1.3188,3.0,0,0.5239104267214966
01be9010570435f79fc7d61be96cf58ef282c7016de3db252d5112a8ddc0e0f2,13.0,0.1285,0.93,0.1724,7.0,0,0.19641695791869487
01be915249885ff56b8ac986fc72ee96e52a318993b92ecd3140086cf6b3d464,13.0,0.4664,0.2938,0.2949,4.0,1,0.6498435630918492
01bef9cace33f5b095a019e00587cd15d0f202cd7e69f90bd123335d848d51c9,13.0,0.0,1.0,0.0115,0.0,0,0.07688026147883344
01befb40c425835ca2e765a638e6a5a5c29e48114c4e6801d0736b6e0b26ac06,13.0,0.08,0.7704,0.0307,2.0,0,0.019678409183334543
01bf06f6861ab1e3e410858ec37b278c93c7f73d50c9d6fee2205f45f7599f61,13.0,0.0758,1.1625,0.0237,2.0,0,0.022338433228647814
01bf0d14fb1047a6862d20052aee445f32be2b7ff1a16ef29a493b2306a583e6,13.0,0.0605,0.6889,0.0285,3.0,0,0.0187143822341028
01bf0dccba8644d65501afa439cc45c005fadbcda270105b39aad7d8f8602de1,13.0,0.0986,1.4437,0.0158,1.0,0,0.02690614233186567
01bf7e5d5542eab6b1204c0bc3d3ea5facba210200165c2d79893bbae99fab0a,13.0,0.086,0.9353,0.0127,1.0,0,0.02376652075677141
01bf8e363ff2bdcf9e99e1d8d62a0f3555fe1980d80f0727fa09407d0f5720bb,1.0,0.0827,1.0,0.4007,1.0,0,0.2213256837236899
01bff5cca07e809e5bbd6967467b428275e112083bcd08833b6b66e418186a78,13.0,0.1153,1.0659,0.0232,0.0,0,0.054625513854867046
01c05bb877d4d7890122f403c6162b93677b41b6dee5f35d880db5c1a49d3e54,13.0,0.1493,1.1875,0.0073,0.0,0,0.0371992987831819
01c06ff2aca66dac4d739376ee31c1090f0e767ebc64a6eba338f75801fd2d5d,13.0,0.1138,1.1993,0.0359,1.0,0,0.024983871359282293
01c084f7025083239c8bd124a2e6e4c94d2aa7a1ec06dd7dc2c7c0adc09514b5,13.0,0.1855,0.8753,0.3679,8.0,0,0.45937456684254235
01c088a4593631424ede1ba691f9f00d39ea2e1aa514b8467400581d6f848c74,13.0,0.0,1.0,0.0094,0.0,0,0.07006471872599379
01c094e1d16030c4bde5eb67ae6b60d08d73c8742c0898b35655174282248a44,12.0,0.1672,1.3454,0.1188,3.0,1,0.2910208468878653
01c0a7ea8eebde3b920c5acfa1dcdc31d195c75e3de03e2bad951e94d7fe0f0a,13.0,0.0988,0.9123,0.0407,9.0,0,0.01961197368419197
01c0e35d624faee7ef225c615e8987aed23cad1999d6ad274ac13c3d89ffd31e,2.0,0.1946,1.0609,1.8674,2.0,1,0.7647142870110841
01c10f01656c9fd657fceaa26641c4e056234a7cd10a1bf48e220551702a4a14,13.0,0.0,1.0,0.0073,0.0,0,0.022280945636023855
01c1277181cfe7dfb2bb085b9a2aa61c59b4a7bb759fd6c6f566c94cc1d97fc7,13.0,0.7895,1.186,0.2558,2.0,0,0.6632545962802899
01c1355a1af6055f677ce984befcd2fbe7772ed81139185fd04c1dbdfefde99a,13.0,0.0,1.0,0.0058,0.0,0,0.01978947117409603
01c13f43a890601f65a7e3959d55483f082af7627b96f51d5322a1431c97f555,4.0,0.2528,1.0977,0.0867,2.0,0,0.2994279280527542
01c1cc0a4a41cf4191ca1af5c112b7dfda12a27ab7a190845be6784eb74bf021,13.0,0.2018,0.4986,1.1495,5.0,1,0.6462567260646367
01c1cfdb957b61ed2551a22aae41ddf536421ccf44951244ee43c46b3e7f101f,3.0,0.1794,0.9876,0.2602,2.0,1,0.3910977739170274
01c2160735d43cba91d217b045dec03e53884cd0f3ffb2d9b44d8e8d78ccbd9c,13.0,0.5093,1.4356,1.4945,4.0,1,0.8407822436895003
01c258c18a32a1ed1849519911189e3a337bf53cb897c1692b7e8020bd8220ac,13.0,0.1073,0.7774,0.019,3.0,0,0.01780020485152659
01c25cc4050cf771cac6dfda8a39c453e8dcef4ff18b4c184a5d0c80a254a257,13.0,0.0,1.0,0.0071,0.0,0,0.022280945636023855
01c271f976cdd23e2c6c108a264512afd4a8d34a024ac4ebc171d48ba4bce19d,13.0,0.1362,0.0,0.0044,0.0,0,0.018473076387976167
01c2b038ab7e60ae04cdcd4d21a0b10b4f42801994ae567d2199d75a79806b6b,13.0,0.4923,0.5697,0.1515,4.0,1,0.6103066660109259
01c2bb525cc1b025d3a7c2d8d24b60ef9eb4701e9b2060cdab674d03423d1b08,13.0,0.1535,0.9685,0.0426,7.0,0,0.027653701463247624
01c2d4372aab438f3fa33f5d78324fdd2f609dcebd6f0138023fd16d1154cd02,13.0,0.1498,0.9558,0.0297,7.0,0,0.024963255834425723
01c2e19c7d9eb277badb48c694794b2aab05cd39acd03f1455beab0664c7958e,13.0,0.0952,0.6311,0.0275,7.0,0,0.020053394313099927
01c2fc4798dabe3b9f05144014bb05e273c71734ff4b7a865e09fecf027680f4,13.0,0.069,1.0338,0.0144,2.0,0,0.023528716232375343
01c30ff6edbb710c3700401c3550d0414a4c9cf1b0f6600053efeabca268ea64,13.0,0.4512,0.7799,0.9998,10.0,0,0.7583511044092843
01c339e619febb67fa7bccae810695a44e320399fb6cbc30d9b7f966452bf001,13.0,0.2094,0.6656,0.0413,2.0,0,0.045038992566182975
01c3447596fee3066df58b6e328545b95307fe1ec11c2f9a997ebc24fed3a2d0,13.0,0.1006,0.0,0.0129,0.0,1,0.04786393305443034
01c35d50459b50a25bf1c95795fe2a01440f8368d09599c5e55a9692042758b7,13.0,0.1517,0.9596,0.206,3.0,1,0.3390298524044655
01c3604486401026baf620f0f2d847c1b55f3a2b9f2f5ba40ffa9ff083baf4f3,13.0,0.0899,1.0699,0.4446,9.0,1,0.28740166912890397
01c3607cd769eddfd9441d1070e82bb93360509322ad07b309c58221cc38eefd,13.0,0.0995,1.0462,0.0349,5.0,0,0.01936953709903054
01c36c7210e8d89b7d9d8068dccc30f3b7bb0e98a7359b5bfa01adee2040ea3b,13.0,0.1459,0.9588,0.0346,5.0,0,0.024095095148175802
01c3751d66b766bc82b5173856a29b5d85f95d1324d83ba8e5b365695f2d9908,13.0,0.1111,0.9286,0.0412,4.0,0,0.01698490414166818
01c37c815b7ace52c7f0619de341f91bcdf1801d486d1ccec094cc4394a58e09,13.0,0.0139,0.0,0.0062,0.0,0,0.015903437195320887
01c3fee9f3e5f6090626ebac4da1b02d149deea37099a228ff5dff34b839d7fc,5.0,0.1692,0.8584,0.0136,2.0,0,0.022213475370653678
01c407eb421d61179231639bbeb696376e69eb9527ee7539585e98b03bd7b435,13.0,0.0,1.0,0.0031,0.0,0,0.020795417654337855
01c41200934093de00619faf4ba3feeeecb7aba07614398cc0e333360835a193,13.0,0.0186,2.8698,0.0361,2.0,0,0.04815602577275179
01c42e858bd239ec0f7ec7c91b96dfa1a5f294280ce8da77e060cd4b35e429eb,13.0,0.1063,1.0497,0.0269,3.0,0,0.02026621590252707
01c45832f280ce28016328d6b8238285fd64c574080ee86357304bdb859e3d9f,13.0,0.1393,0.9323,0.1161,4.0,0,0.17463896581147664
01c4a4502c4ac38c24fb9d852404d945eebe37c6695770a7c4d5b53e526fecd3,9.0,0.4761,1.0875,0.0161,1.0,0,0.05375185286229115
01c4d4db5eb29d7a18230d8e9e0482d7e12274d17570fca0f7860428fcd19569,13.0,0.5493,0.5704,0.9065,4.0,1,0.7363647570954512
01c4e2576c856731437a569559b7bab6638e5315c3a9a78cb6d18d2afd663aa0,13.0,0.0377,0.0,0.0069,1.0,0,0.018995354483116435
01c53758aa0fb324a4686fdee0575f04fad4d4ed7902b6213265e69168f682fe,13.0,0.0588,1.2578,0.0253,1.0,0,0.030286966265592307
01c5eaa99cebd5f3d48fc1fcf5d1d37ab4ae29a55eef8ad7fd4607d89860b03e,13.0,0.1992,0.8796,0.6216,5.0,1,0.5601746616472706
01c5ebf4c1d662dccc8cba19fdf92fb178af99889c4b8ab823cdea14d4524113,13.0,0.0,1.0,0.0065,0.0,0,0.020263886945132575
01c5f7a2e5796d7d9b10ce122fc5833dfbadf9e14fc6fb55774c4297a76950ad,5.0,0.4912,0.9785,0.5086,3.0,1,0.7128777435504954
01c5f7a631e5b03be7cc0eb86696bf77517a355585a1384a65e6ef690ded5f3c,13.0,0.2841,3.268,0.1403,2.0,0,0.5768216861817863
01c60015830966451187306de00cc623e43219cae59407a3827457a452f56807,13.0,0.1799,0.7834,0.1385,4.0,0,0.2859132431363774
01c61a49fdb0f7d13ad9463a95e134550a8933d05d421ec0cadeec0e98eb6981,13.0,0.0,1.0,0.012,0.0,0,0.07704350507592042
01c625a95b58ebeb8d2679a3a1fb86005ee3b364ee580909e9d7eda55cb609db,13.0,0.1487,1.0016,0.0673,7.0,0,0.10015344516529157
01c668727ad2e09a3ed4cab082bd7f132cdc57980fc5e329ffc0bbcf7ebd24bf,13.0,1.2681,0.4295,0.0901,2.0,1,0.5330032337707091
01c66a883aa5f2ba482c22898351150d24a10927342dcd422d59c8df968abf7f,13.0,0.1012,1.0495,0.0421,4.0,0,0.019575071549424256
01c7335d9b5dc3083a6b9cfa8045a0122392fa49980cbce035fae71c49dbc277,13.0,0.0,1.0,0.0048,0.0,0,0.019980332496187008
01c74a269efdb015b3b0b507cc6a4542fa4236f666f13262fd848d6f67e76ddd,13.0,0.0865,0.8464,0.0274,4.0,0,0.01690810433273664
01c767c935bf15207d9809cb7c1715945fc3d07d5af3cf312114031de2a1657d,13.0,0.0,1.0,0.006,0.0,0,0.020263886945132575
01c76b3e69a79bfe1808e41f7e6bdf89920d5f8bacfe222027e6e875cf2449a7,13.0,0.1301,0.9482,0.0311,3.0,0,0.02079212346020574
01c77e995cad99b2bed608636956a7a107a2ba2de37f8689ce19399d4016ba9b,7.0,0.4772,1.4327,0.0722,0.0,0,0.3769975621051237
01c79d5fda6127389c91bef93159b481ba2c6a9d89474a270f6229ab85905b24,13.0,0.663,1.4021,0.2083,5.0,1,0.7318233353383181
01c7b51349af1ba8abbe0ea21d0e5b5fb8b51470f86d1455288847e341868639,13.0,0.4878,0.8086,0.0159,5.0,0,0.04767784935870536
01c7c27929bc31037e867c966339aac674d8af2bba1a13852816c3fc643b5d3e,13.0,0.2281,0.6005,0.0301,5.0,0,0.04283968278540634
01c7f1c6efd248dd6093060f88d4a91ef7f519e924199b3b3b40694104a3261c,12.0,0.1367,0.8932,0.0182,3.0,0,0.01860600273389207
01c7f4a83e69e1e88513cd1643cf2b9b8984a2f252e377192c93d2e1b339ef87,13.0,0.3232,0.5365,0.2108,1.0,0,0.4403154501054251
01c802ef81fe817f961bc81294824b2aac09351fa8a18649bd3b967fdc29aeff,13.0,0.0348,2.0777,0.0503,7.0,0,0.035219141842170086
01c85905ba2d51a1323293110de3287fc348e74bc7d0ae3510c65308a0218ff0,13.0,0.3754,0.3766,0.6101,13.0,1,0.6434777977988645
01c894d1056f6c1aa392f58bcb0fab2ebdcc7ceca912f78c07333b30596de932,13.0,0.3353,1.4793,0.5023,3.0,1,0.7229178586815347
01c90c90e7c534cf50096f277c46b433d21c0b23e170a45d70b57938e2bfab76,13.0,0.1118,1.0356,0.0525,13.0,0,0.027478258144090502
01c912fdbb693bb2feb5b97ae8119bc8bb8ac0a9b85d98e602bb340aface12e5,13.0,0.1407,0.5225,0.0658,1.0,0,0.05208998494334316
01c933ac41e008484c722bada9d62e7b2e277885072dfe391b0299789ae8b67c,13.0,0.2609,0.6099,0.7983,9.0,1,0.6375267111558347
01c93e7b36effd326c0c5c62a885ec3a4a754423977f144aa58d10e507938e85,13.0,0.1318,1.5035,0.9885,10.0,1,0.6621254419612691
01c945a8162d4221d5386f8c42192c62f367c046144251895afa2181c62cfeef,13.0,0.1526,0.9759,1.3569,11.0,0,0.6455753570238129
01c9535bba3409130b87b6f757d6a8f20a0deca1365622958c473a3c98031687,13.0,0.0942,0.0,0.0111,1.0,0,0.02331668785156964
01c969638e93d196a69c94ee8a0a88a5be704d8cda552238ab858a9e5b3fddbd,13.0,0.2828,1.0834,0.1874,4.0,1,0.6215558784861844
01c9c548ecbde0722a2bce5b78a6f7339162440406c6be5b4473cdb125816fd6,9.0,0.0597,2.9676,0.0224,2.0,0,0.04762809500756982
01c9cc59cdf23da3cc0eea05db6a6be9aa5d3769795cf73aa43557b114e5bcb5,13.0,0.2494,1.8996,0.0499,2.0,0,0.11636959185402844
01ca053b839f8d6fa1f763374934851841bba1bb9fe81b24f10d5dd245a3f5ba,13.0,0.0,1.0,0.0068,0.0,0,0.02219398911428473
01ca122f0d8dc52730733c5c6fc318d0195c80bbdfdc7a374cf4c3fc7ca641fc,13.0,0.475,0.9067,0.2219,7.0,1,0.6786920011650638
01ca1e82e7ba0ad6dd99118875d39d8c86cdd54c6846c3e587dff34e0f988745,13.0,0.1374,0.7068,0.1925,4.0,0,0.24271411561526446
01ca45e5005156da4960fdf0835dc2c0648786f65e8a9750d038f9cb9f7290b2,13.0,0.0,1.0,0.008,0.0,0,0.03828730443968284
01ca477517bc29a97097f2873eaba11b7c6dede2e1dd7bd87bda922a16c9e263,13.0,0.0255,6.5959,0.0096,1.0,0,0.13697032712228607
01caefc16e0c6b9bff90a8ec9a643c936c4c6000a751980d571d5745a020b974,13.0,0.0,1.0,0.0052,1.0,0,0.0232289663352012
01cb31f7491d59c9a3d3b55df9752a3172dc0bddb0922b5b0402b333b8595a31,13.0,0.0964,1.2691,0.0265,3.0,0,0.018647797480600234
01cb8e056c9aab5966acd44ec378b1f234ef35dabc68a9b9c25d41debc28cfd9,13.0,0.0,1.0,0.0063,0.0,0,0.020263886945132575
01cb9e15c26e3a56df15f582a727ad833eb7a9cb83ede1336cdbded413de6748,13.0,0.3237,1.1544,4.5513,6.0,1,0.8708559049829622
01cbd307091aee4cf630471ef59e607ddb43bf411846b45fd70a5bf68ab2a79d,5.0,0.1171,0.9486,0.0416,0.0,0,0.07174712040467175
01cc021ea4045e4d457a201390983a706a91c3a6dafe76e631d1ed8db5e82b90,13.0,0.1929,1.0078,0.6261,3.0,0,0.53416335643144
01cc11270adce2a70da202df3646b11f84671f95cdaed9c9dbbbaea7c796961c,13.0,0.5612,0.8059,0.077,2.0,0,0.3107632915243853
01cc156916eddbbaa70a780c3f7d8143d1027c03097675a223a5b20545e45cff,12.0,0.1412,0.7049,0.0632,6.0,0,0.0855800306048763
01cc4e7e0a5bc60f967522ac483541cd8b3de3b2c889bd60a14c5054614aab92,13.0,0.0861,1.9447,0.4419,2.0,0,0.431836055906902
01ccdbf9178f4ba19acc8027174c9c8533881721cb78a627996d558f27a2f311,13.0,0.0942,1.2148,0.0993,3.0,0,0.0816923020899713
01cced701805e06e064dffe53087504d2b54e299ceaab7b064aa6dba8ae3bd61,13.0,0.0926,0.0,0.0115,1.0,0,0.022736949885451677
01cd23afff86d3bc3c5b51db13f374e687de443757ebcd567260bc3eeb516bdd,13.0,0.2954,0.5681,0.0639,3.0,0,0.2091779393314567
01cd2d59b9a3a0773d5b3d9e0fbcffaf9a6eb4822764fc95064557f8e63b9b65,13.0,0.0,1.0,0.0065,0.0,0,0.020263886945132575
01cd3dabfabfaf9a2e885de7b88a437afac4b9c7ab54624debb8920dd058cfb7,13.0,0.0995,1.4667,0.0771,1.0,0,0.08531893740807607
01cd47ea07e80ed00175eb0caca8a63eaf7e8412753978a7e6ff94701af85852,13.0,0.1163,1.1941,0.0298,1.0,0,0.02517715436354091
01cd4ae6f4bbbc2db8a613f30602f088077cd748961da80d9c683cb15c7e86db,13.0,0.0,1.0,0.0063,2.0,0,0.023219464744666213
01cd64d3458dccf6cc240b4387b5cb8267260a15bc0197db120916fe7f1d4cae,12.0,0.5187,1.1778,0.3955,3.0,0,0.7371285366008471
01cd6fd9e5c232351d341ec0694698b4b640745b365373f338c671459d237d9e,13.0,0.3286,1.405,0.0161,5.0,0,0.10974945447813472
01cd9b1189a92106fe218477a66c455c48a24eec284d940fd314b7e450cfaa6f,13.0,0.3222,1.0301,0.0263,1.0,0,0.06543590077519205
01cdd1e8d8cd0bafec81eb41c709c2018d5248b92edb40b13b85511286f8fd1e,13.0,0.3844,0.3912,0.0403,10.0,0,0.12347195332834314
01ce31014112fa080e06f84b48368b19792737fce29ba4d64f960a68ae457cbe,13.0,0.1441,0.9416,0.0419,5.0,0,0.02256208847519652
01ce369d6697c4456ab7c623b85a1832829ede7aebe4f3d747bb623d12e50748,13.0,0.0,1.0,0.0057,0.0,0,0.01978947117409603
01ce387b95a70266ad1b6d36bdbae587c700bbd734e5ed3af07212aaa2d2c7d2,13.0,0.0,1.0,0.0036,0.0,0,0.019980332496187008
01ce4329449538a9758d9fbed584ad5d06f9b42dac48125f05a2e0d490f8bff1,13.0,0.2398,0.7505,0.1266,11.0,1,0.5608650498700488
01ce4cf89377558e0b481d6f2047444f25d4c23d2787443f408d6c4f7db6c683,13.0,0.1172,1.8164,0.0077,0.0,0,0.033025932452428026
01ce61109c157292afb62a5b5db0257dbd5514249d9d9d09c5fbc0cc796e9a07,13.0,0.178,0.861,0.2334,1.0,0,0.35139048026886344
01ce75bd0fc0a3a857441bc2e8762b3f2fc2aa533707348464291d182a22d253,13.0,0.3479,1.1447,0.7485,2.0,1,0.6266741847984187
01ce7f971148a6782677e24b713e87edb47e3b738cd1ececb4f8194bc153b37c,13.0,0.0,1.0,0.0069,0.0,0,0.022280945636023855
01ce91bef0d0e9091c84cb5153cc7be296541bea2a4ad30a22978726f46fdd2d,13.0,0.1947,1.3023,0.6844,4.0,0,0.5433828217307508
01cead059050a13690abd0bfe201d81d65ed7173aab7057f0ff99a389088590f,13.0,0.0604,0.336,0.0373,6.0,0,0.018767384673743937
01ceb15cf91a2d895948ffebf2ceba54be8689d9b81f918c84a3aad5330ebf14,13.0,0.0979,1.1345,0.0192,1.0,0,0.02469775505230936
01ced1ac3b79639a00b78ec1b41ad66512964fd649c9fda865b12c5f7ec498b1,12.0,0.4744,1.3122,0.3487,4.0,1,0.7854070163841085
01cf079292a8b413f8e4b675a4a559afbe83fb205bb819749b1fde8fe8b8b8dd,13.0,0.0877,1.153,0.0466,6.0,0,0.019853807860822695
01cf176aab927b064fb26339716931df515b63f49098246a2991a69c23415a88,13.0,0.2776,0.6375,0.3946,3.0,1,0.5890164372414337
01cf199f9c73217c9c7344ee5412f19bc0fd0aaf58ecfda2103f1e871683d315,13.0,0.2347,1.49,0.1172,7.0,0,0.42391095439873283
01cf242d6c6e8c6eca05f7cd83631584f6705b256e0b26c16fbd7bd293e0f330,7.0,0.1724,1.009,0.0556,1.0,0,0.05809606579552068
01cf2661ac538babe47ba47bdaad2128ec7bf1fac76fc30958124b7b9c610787,13.0,0.1589,1.1041,0.3988,8.0,1,0.4512314146986238
01cf2bdb3733f016106922870f4ebbec1bde8a86d4cd3613190541e09881dc4a,13.0,0.0819,1.0682,0.0231,3.0,0,0.019894012857950533
01cf3502748bfb43f18565f960dec58837e186e65d18b5f458f6166326f8d820,13.0,0.1299,1.0464,0.9987,5.0,1,0.5141681882521884
01cf353d9f982e6dcdca13c1ef7010f76d11b661cc6a7ba38641bbcea9d5377a,13.0,0.1698,1.4495,-0.0225,0.0,0,0.08539303036189747
01cf3d9e9f2fcedc96dc13f8dd677e2103f6b65985c7080448444516315aa45e,13.0,0.3962,1.2471,0.2572,6.0,1,0.7199590001435721
01cf6031da0a1008b785998f1adf171ec9102c9cfa4ae2ac7e961be710ac4735,13.0,0.5422,1.5858,0.3035,13.0,1,0.7981441974732039
01cf72c93c91a6a12a9b534d56f9dea9a53d87a8ec101d3a260d7f8f3ca6ae7e,3.0,0.087,1.2046,0.1948,1.0,0,0.23763469358389494
01cf8df7d3ca6c1832b6aabcdc1067e73529baa09693eb7748cef237352a2cdd,13.0,0.0676,2.0983,0.0495,5.0,0,0.03424686444053925
01cfbed661ea92582f9a66668359748cb9d8cf94664212e62956813f63723e5f,8.0,0.3936,1.1175,0.3904,2.0,1,0.6486468362498456
01cfbfc4e72d717318fd9ce8168b04e45271f74c5717c9bc43dda689b5c91885,13.0,0.1749,0.8772,0.8583,2.0,0,0.4189825904958559
01cff72e570e883acc8a5ce70a6b121046720109859b73a5becc19e57d35aeeb,13.0,0.7464,0.9346,0.4821,9.0,1,0.7289453578959152
01cffc368e3e3b2855b74fc8fe4ee0f46fbe55e60d82b87558af282020eb0843,13.0,0.0,1.0,0.0063,0.0,0,0.020263886945132575
01d04207759c740af673d18bed144ae298d5d8487d0b1656cce2fd9ffa425854,13.0,0.0,1.0,11.2388,10.0,1,0.809784513723523
01d0464eae5a325ba0621cd73ea170dd09947a9ed9ec05810b21725d19c6c796,13.0,0.0896,0.758,0.0207,4.0,0,0.016722805846949157
01d06d814c3454f731bda55a9d30a38a899cc75e0664a200ed6b7cfebfc458e7,13.0,0.0528,1.8983,0.0349,3.0,0,0.03292473191848532
01d07d8ad0890304a3dcbf7f6333c00debb194a48c7d7b82eb726f76a82a4967,3.0,0.2661,1.0391,0.7769,3.0,0,0.6146385105445131
01d08c6d1ce6a31efb850d0058c41a2f2edb5e85b4c45be27a3f122627bb40e0,3.0,0.0954,0.9993,0.0321,2.0,0,0.022137175820700194
01d09b4c8db500644eceb4b650e1cc6895a26dbf264ba12a015aaca7caeeefd4,13.0,0.0411,0.0,0.0055,0.0,0,0.01572805593170433
01d0a90a1ec78cd8301bd8043137daa3ba29eca1888a235291a094e642edc111,13.0,0.4089,0.6618,0.1272,3.0,0,0.5596425580911106
01d0bf6b7970426388e45dcdc68e52ba5a0ba29343f3c1f408187121b75aa4bf,13.0,0.0,1.0,0.0057,0.0,0,0.01978947117409603
01d0d88ab3d06b05cf46851ffcca976bdbbffc32b73fe89aacffc6ee389aad53,13.0,0.0935,0.0,0.0048,0.0,0,0.016660711694194367
01d0ff69d511a178ee6ea3e9cf1754f2d56960a3c9629ee1fd4bf294cf28e4cc,13.0,0.1805,1.1754,0.0333,1.0,0,0.03615900957195049
01d11449749329fea4defdac5d6c239cb35c51afb6271611d56263b24434e076,13.0,0.2082,1.0706,0.0277,3.0,0,0.03344447354331519
01d124259f464fe0b103e11de5cbef6a646c622b5398a3379d9066dfb25df2cf,13.0,0.2449,0.7448,1.2406,7.0,1,0.6836475892079519
01d167a325d3f0707f0b9af7edef2f680fbc74a95777b14036ef20e253003907,13.0,0.3675,0.6212,0.7847,5.0,0,0.6701905212904562
01d16b2e17508233ff8de27719443c3f2d8815924439f262d57450c4c05338a2,13.0,0.0935,1.0792,0.0516,2.0,0,0.025370194174373698
01d2827341f4447bae40b1926f1c197b156b7f235087a17ecf26b223059320bc,13.0,0.2078,0.0,1.1858,6.0,1,0.6741125490345421
01d299ad69b221d4fc7398857068be3dd1ad441a5e091d1fbb5a68f663da1725,13.0,0.0776,0.0,0.0274,0.0,0,0.047928687955728196
01d2adeeb23b271e1ce6168f27e4b0639f6f190a68fb203f0c79d2ae33be125b,13.0,0.0,1.0,0.0065,0.0,0,0.020263886945132575
01d2c16ed9edafa7f54826a6ec78dd40c3f63b4adad4eced643913f9706273a6,13.0,0.2135,1.962,0.0386,5.0,0,0.054127649361493196
01d345ddebf1168053bc1027e8c3eddc60811c61b7b9c468c061871609567463,13.0,0.1001,0.5607,1.1403,11.0,0,0.5367074195929337
01d36d68c4b29e1177d898fe4ef65fe29a69382df294aa07bbe6bdf27330e2b6,13.0,0.1477,0.8835,0.0117,0.0,0,0.05542765841187184
01d37b1ea1ab60179a1e4f11b3f95d69de271d79bc74f109872e247c1e8d55ad,13.0,0.1589,0.9595,0.0294,0.0,0,0.062368843347704844
01d37f67f8f773fa222371073388c52d7e8401844296b8943369c47c0e32f68f,13.0,0.0967,1.3478,0.0235,10.0,0,0.020658842055502672
01d3a0e347636ba11141c5e7fc7bae3e06e2124a979449dc14e0a18a58c28395,13.0,0.1821,0.8584,0.6929,3.0,0,0.42068338485945206
01d42859e1cea3fbadf8fb9e4395d2fc36088ee760d8245b5eb709676fb35ad7,3.0,0.2689,0.957,0.1254,1.0,1,0.49398678576189603
01d42e34907260b1d4b54c1d6a92526c111ec193ba50dd4eabe377b8cc402e5d,13.0,0.0713,1.0077,0.0402,2.0,0,0.024524001893157885
01d47b81db8f5786f1f2fea35756d80806e3aacb706b1a2fb1c73f3e5f05dd85,13.0,0.4225,0.666,0.5345,2.0,1,0.6406400528280239
01d4f2e694aed5af2d90d6460ee8fdd8d65655416a47c9aab8c198372646ad14,1.0,0.2145,1.0,0.5219,0.0,0,0.3614911254508014
01d4f9754e95f9b7614bc7e91978301c63c8c389e119c27a13f9ebbfbdd40ee1,13.0,0.2514,0.7975,1.4345,4.0,1,0.7734219802663721
01d523db337ba21c623da3306c972b1d328d70ae3a7cc9227888f989861b24cb,13.0,0.1183,1.0166,0.0485,6.0,0,0.021630457163904084
01d528034eb693c87a99e4898680963fbfc1869db4dc888d764cb625b44c5c35,13.0,0.1157,0.7816,0.026,5.0,0,0.017025084178334496
01d575ba89045a71c2220dd41467e04bbf14ace07c12438913ede665174bc7c6,13.0,0.133,1.0593,0.2822,3.0,0,0.32017195193289444
01d58990788a5ce45fd730e6dbc62517aa0f986347185069282e47d520f72bf8,13.0,0.1053,0.0,0.0054,1.0,0,0.014147925123473319
01d5a2e86a46cd6066f26ad07ff13b7728bc308b50465da7bff093e8df9551ae,13.0,0.1801,0.6522,0.0752,8.0,0,0.1288920024347339
01d5c822e285ffcda03e6a5f2adc282254cb8fefeffeb7899a5069476f4adfcf,13.0,0.1773,0.9318,0.1169,6.0,0,0.256790948355664
01d5e16353d78fe772363f2963a23889b68be8a8a5a313a64c9239e0b80a53d8,11.0,0.0879,0.7428,0.2315,6.0,0,0.18281029258027295
01d5f3d8272092a87881b04853ed8027b59e880a5527877d63a1540f3fdaab2e,7.0,0.0,1.0,0.0059,0.0,0,0.021280478197017946
01d62b25c61d7c5b96e6987373f0017763085b4ac0db6d056fe437858b925ad9,11.0,0.1873,1.2322,0.8602,2.0,0,0.5136478931456083
01d66669e58b802a8dfa3657c8b90ecc01fb3b5803ef8ec634b70e9471e0c638,13.0,0.1387,1.0805,0.0194,3.0,0,0.020354424569998236
01d68f880cacd63b503f2dff17b17502210fd6bf02b63365f6c9f24f26b80e68,13.0,0.2289,0.938,0.8154,7.0,1,0.6212724344877453
01d691443b09658d00bf64500af184391a4f205645bc232d742b961a7e00eb82,13.0,0.0,1.0,0.0063,0.0,0,0.020263886945132575
01d6a0ffc8658ff63b1a6f2610ec0cf07a8ad62a9a42533d457a525f9baec0e1,13.0,0.1381,1.0584,1.0153,7.0,0,0.5224467914631572
01d6bf674c28ad67bbe7b083de37347895e69434a4b088c0adb3c15e9a3dd5d2,13.0,0.1032,1.5691,0.0475,5.0,0,0.02899971790562642
01d6c2d158821eaa015821ade5ae0befc09e7dae8ddce29b11a7dbb1f489a209,13.0,0.0,1.0,0.0072,0.0,0,0.022280945636023855
01d6d13b9a536f3bf6ae4fdb63798d6101d1112f64a7975d78b15823c554e297,11.0,0.3457,0.4799,0.1539,5.0,0,0.5642724250011479
01d6d8620757d88b17addf135d726707565c22bb4fbaaeeb9bc035e489dd024f,13.0,0.0,1.0,0.006,0.0,0,0.020263886945132575
01d6dfae29ce25f6953314009fd0900ceb8ab592be3d709c6b1714dfd5092da2,13.0,0.0582,0.0206,0.0264,2.0,0,0.02148356173337012
01d70e51ed6749d842f1ab9a3ae84594d916d588e651ba94fe38c8873a3fb98f,13.0,0.0967,1.0369,0.0742,2.0,0,0.06894918270196228
01d73a42de315c9c50d988ce5cbcdedbb64e59d47a82fc11ea9a08669f773292,13.0,0.0,1.0,0.0057,0.0,0,0.01978947117409603
01d753a48530d0efab13f42dbcf2094898256f6a266a3843953cf9c82cf8736f,13.0,0.1085,1.4759,0.0187,7.0,0,0.020461480704645978
01d757357679d727532071159b8d0073a5b206383971c0a087cb7bb808bec2a7,8.0,0.1656,0.8606,0.1101,3.0,0,0.22041940355687425
01d75e700352d5ac51a273e4cf9a2a9ca73ba6d8d39e9e571150681b02c1c2dc,13.0,0.2822,0.5624,1.3244,4.0,1,0.7674806532674749
01d79e757ed2da24192a56bbbd0ee6d3cac34542c29d69f649842592039237db,13.0,0.1135,1.043,0.0328,9.0,0,0.020048602128007784
01d7a89f957ee539e473b75df0e30e67206db5feb966f89a115c17b2de8e88a2,6.0,0.8051,1.6699,0.3136,3.0,1,0.7931130600031926
01d7ad52e0174e97c2749a5b7b21d4b53de38ba71678418c73c5d80eb8ede9d9,13.0,0.1214,0.9103,0.0435,8.0,0,0.019769663894119143
01d7b828d443156eecf9eafe3c3f892323c3632d29806a4fef70e6ad51270923,13.0,0.1625,1.0309,0.0365,3.0,0,0.024442389949468315
01d7c19be2d009c7fdf20d1f1c53a8970c8c537efd09338b02b54b89beee29dc,13.0,0.258,0.8336,0.0063,1.0,0,0.03510135818430244
01d7cacf7a8c4b900ca336e9774e95e71dbccb8d4d4cd0c817cd2dc07a1f973f,2.0,0.2338,0.7622,0.7066,1.0,1,0.5614971401520821
01d7da7f8b7f581f8dc1ceaace47e88f40a23bb4327e4776e86ecbe8ecf590e7,13.0,0.548,0.9966,0.0928,6.0,1,0.5047597204134601
01d7dcb69fffe4b17a68f76bc9e8e7d305bdd122186e2c00cf6d86edd419cee3,13.0,0.188,0.7397,0.0707,1.0,0,0.12834493116659956
01d7f2dec0f72c571d0c799bd33efb3fce1c6e136ca056193da2e92c4dae16e3,12.0,0.1546,0.8621,0.76,2.0,1,0.409074532960467
01d7fef0fa4446f97addd5fc674063df37f03637a9cd7b84a690df2b6da79ad3,10.0,0.416,0.5925,0.4339,4.0,1,0.681568099637122
01d80f1d6f07abb6042652d93b5e7b0807532f0c15fc89ec79974d493676196c,6.0,0.1794,0.7608,0.1319,1.0,0,0.22530743908530185
01d81aa0b4ac63a8d465c3efb2f31f07d9779109b592d23f52e19f54150d6245,13.0,0.0,1.0,0.0054,0.0,0,0.01978947117409603
01d832b9dfb42013ccb42920d6e0738d705a181bc11fee4d9603eb8860aaab54,13.0,0.4022,0.94,0.367,3.0,0,0.6782667360147646
01d8429a1eceead4fcd0f2d75ca5940c7f676306911abd178a7cc7d691b85ccd,13.0,0.126,1.0448,0.0299,1.0,0,0.025850468746856904
01d89e0e344d6b9620c9e11bacd4a3b44acaefc593b0c573bef5498926244659,13.0,0.1575,1.0979,0.0226,5.0,0,0.020413614670644904
01d8b27b620d14dadd7d3cd247aeabf362fb7b8a089fc181e08ac5e10356ae09,13.0,0.2837,1.261,0.0109,2.0,0,0.050509240435624984
01d91297d955d2d77d83fe8a6525161f40cbebcecf3d104f54853c9614a6713e,13.0,0.0386,0.0,0.0061,0.0,0,0.015903437195320887
01d923a0dc733abe45ed88b8ca925501cd334cbe60c5925c0602758f6a75c98b,13.0,0.6806,0.5707,0.2401,2.0,0,0.6004919152964812
01d9380af57a170a6076553b2435cba04cd597fc9f62da0a2c5ad4b2d6a25984,13.0,0.0,1.0,0.0057,0.0,0,0.01978947117409603
01d93931240007bba7488351a0e3a3bc17b0d5c56ad025bede23e86e61acba37,13.0,0.3283,0.8614,2.3279,7.0,0,0.7644116028219797
01d9935895992e47216acbcfc596577739c0fc8347a9ccbb912eaa982d050cb0,13.0,0.0,1.0,0.0049,0.0,0,0.019980332496187008
01d9b012b2bfed11777c22e7d6bbe5dd8fc50ec28f9ec6e907a3b2cd643df6cd,1.0,0.0,1.0,0.0176,0.0,1,0.08224435074188237
01d9b03cf89a84be4a3c38143bf4560b828c25c42de04be7b42c32de89b5d74d,13.0,0.1594,1.0793,0.0095,1.0,0,0.026454023730171198
01da029e103d111252410ef809d076168c9ae86365b09a04b9cc08896f2b288c,13.0,0.2162,0.774,1.5112,2.0,1,0.7258270056378349
01da1e5b39902cb04e215e43a4d1c4dd3af94aaf9a920e29c119170737f26913,13.0,0.1428,0.0,1.5682,5.0,1,0.6362246118269737
01da58edce9735ebb4052d1c7d013076fc98f620cb3d910febec355c1b337013,12.0,0.2493,1.5368,0.0749,4.0,0,0.23480567825904544
01da72bb2e66343c44d8e1b2121dc5c977ae872b29f7fd7fc9f6f882f6793a72,13.0,0.4492,0.8269,0.969,8.0,1,0.7447695893246249
01da9073fbe84cc3cddfb07a72010d542459a356b2b744e778f5d2fecf822475,13.0,0.1062,0.0,0.0081,0.0,0,0.030882321328074124
01dab29b19cdbab4f4d9e2f179f59a67efbaab94b5f25e36ab1bf3ced9f3df5f,13.0,0.0163,0.0,0.5862,12.0,1,0.2850652895873514
01dab3b098f66c303e75e8483f191d888adedca7afa324d195aa710ab61d9074,13.0,0.0,1.0,0.0075,0.0,0,0.022280945636023855
01db0092d8d28d639907048823d85a94c4cba041b9a47c3b0f2e56bdc1546d25,2.0,0.0,1.0,0.0033,0.0,0,0.019980332496187008
01db5f50e0259201962b0829cdf0795d59a0b58aed5973d4944bbe6e7da22c1c,13.0,0.1176,0.7638,0.0232,3.0,0,0.01856741713618255
01db60131ced706ac7e8e08410db2c1ed3f4463b858504bc64d332ccc0463965,5.0,0.1216,0.8899,0.5368,4.0,0,0.2577138404441983
01db9e6a8e22abac6161fc356f90f639f0316ed11212e239a1217f88764ab776,13.0,0.729,0.8294,0.0725,3.0,0,0.3216184995336583
01dba29f35e537f6503c721d9eb0f8e978facc8085d0d12cceed15a66723d626,13.0,0.2678,1.527,0.0138,1.0,0,0.05497979677241035
01dc4bf14cf364c6461efd78a55b667b1264ef047d4757a54443c94eda93dc9d,13.0,0.0,1.0,0.006,0.0,0,0.020263886945132575
01dc58691711eaab7c2cc1f9defc78ddf08b3d9b47f8e741bcd98cdc133004c8,13.0,0.1343,0.9804,1.2389,13.0,1,0.6198981410450012
01dc63b4502bba9eb8b34c1e131745cca77e4e13ead5a67066f93e26b2186b18,13.0,0.3728,1.9094,0.7779,13.0,1,0.7376438061101592
01dc644b92d78b05fd92d1fe1405dcbaa1cfac7c16f14cf6d0e41660b972646f,13.0,0.5522,0.1776,1.4582,3.0,0,0.7226699864435321
01dc6e3bbca5df322802c8891d3b8e6ca306edc3d6b4baf4f869a56646b98346,13.0,0.0707,1.0383,0.0438,12.0,0,0.024192195971113918
01dca8935b774c6264914ab5dd3b0ab142fa2bbb27b4b57c770516b080b122e0,13.0,0.3433,0.9236,0.0437,1.0,0,0.14744112709928014
01dcbdbdaf8434aa7917a282b4215b6389f997f6833c000a12178ca157c7e3e8,13.0,0.1779,0.96,0.0597,4.0,1,0.14602257364809954
01dcbe2105b85c0ef18d66b43300674ae235e75c4ba4197e1966d90ee4a52529,13.0,0.1482,0.0,0.011,3.0,0,0.029293012844610267
01dcfd04cb8efa5d8a0e92da5d58a4c22b58ed661fb664c304bd66a0fe9a55ac,13.0,0.1468,1.093,0.0389,2.0,1,0.04623577586453385
01dd312ce595cefe1f337742113314170a145e1516b9be90d547370d7f555ae2,13.0,0.0951,3.0857,0.0144,1.0,0,0.1328433354926622
01dd60ef1a4f4261ed961d2e3cfbcee2663b9cec00e431bd5da1d6353cd594fe,12.0,0.12,1.0266,0.03,5.0,0,0.019438372501123256
01dd82be9715581352a235da1fc494c1c663fedbe5f752c39717d09b7cbb0c04,13.0,0.2142,0.6751,0.2687,7.0,1,0.543057598352696
01dd918a3d2bfabe6322a072c4458f84be641013cc30760f7c5316a6b24f4dc6,13.0,0.0306,6.7122,0.8908,8.0,0,0.3590181067460476
01dda5924304e81e08dff84f011207e68ae75961c6ae53fe231dd92b29e05b53,13.0,0.1143,0.9223,0.0412,5.0,0,0.01680900127740915
01ddaa68e1fc2a386fbf713addb1f10c0ed679fab71e91d22df24ee83e4cc660,13.0,0.1697,1.0428,0.022,2.0,0,0.030501079241330328
01ddacc8cf072f06d43354ae2bd2be4881735fdd5825358c18068d3f10b690a6,13.0,0.0915,0.9847,0.18,3.0,1,0.2273491125727438
01ddbe05623b851459f8aae5b49249f39d01fdbb7e4bc786a99a4ffa0eb66f0e,13.0,0.0,1.0,0.7353,11.0,0,0.3594256821655546
01ddf0630524d34fd27bbed3d5fb3903252dde6eed0c283cc374d2ccf396dd2f,13.0,0.0,1.0,0.0064,0.0,0,0.020263886945132575
01ddfdca8b7aa3733ce5d53e38060f768394e9def89f16b3f3c8616ab4c0b5b2,13.0,0.1778,0.0,0.026,1.0,0,0.02955686234985698
01ddfe07cad60ca2dc23513590fcc2e33421069ff4e20433a2330fb9205c88d3,6.0,0.0923,1.9971,0.1042,2.0,1,0.298990981763019
01de08e1a2ae407ff1ab60a21b38882e69c8cab8db4056d380c79648e253e00d,13.0,0.0,1.0,0.0051,0.0,0,0.019980332496187008
01de0fbe2dd2caf99089cbab9cba4c05001c5a645bf124148c8f8541ed71f3d5,13.0,0.4178,0.7872,0.2544,13.0,0,0.6588414483262178
01de3774387c6fe99193c5d0ef42067e6598f52c8cd991537da8daded79e97c3,13.0,0.1305,1.8303,0.0251,2.0,0,0.03477367337728612
01de44dba73139fcae0c2d112cf120e92c3695c70795a517bfd73a2c935f21d6,13.0,0.1537,1.6823,0.0094,1.0,0,0.026861459074266833
01de4b6bf2c1d0f105233a62ba02848e3721904e687c1054dcf36e8100d2053d,13.0,0.1491,0.0,0.0928,11.0,1,0.1644825596507657
01de4fade329a65a78153fd70203c5636747ccc238030edcbdc08a45581569c1,13.0,0.2184,1.7023,0.2366,6.0,1,0.595759793886449
01de77415fbcea57a91c9e85498f328fc4151447bbbc8090e0112b80a6dd1e5b,10.0,0.2083,0.7008,0.5778,7.0,1,0.580837968566175
01de9e3c95d4ebc7dea6173882bc38c745ad5ebb83b5495b22ef4b3ceec4141c,13.0,0.0771,0.0,0.0087,1.0,0,0.026198501189119375
01ded542c7ff89ce293e537c23e271b50e84fb534b6b9fe75d6feca1d3a792a8,13.0,0.1255,1.0677,0.2715,4.0,1,0.2961975366751972
01def1be5625912e2172a05f6c26ba10ec2319340182aa6643ec3c88b299b300,13.0,0.1521,0.966,0.0324,3.0,0,0.024895452272352382
01df0c2516ca1264a64e8f35cad6676d7a7631afa974dcb42f7f536a140e493b,13.0,0.052,0.4904,0.0287,3.0,0,0.019364891661075124
01df317bb1af9bfee7e39f3e8eb07bda27d3ca8b8230e6ffa440de4be9efd331,12.0,0.394,1.0721,0.201,5.0,1,0.6521926964461392
01df3873ed2167174a47d2060a79a6f6886ba75bdc348001d80b9b4fca2f31f5,13.0,0.1772,0.9478,0.0235,2.0,0,0.031463294331493544
01df8e8a9aa82a2580125c92ecd01e5557d689662f6bd28e3e113b928b266bcf,9.0,0.4175,2.3959,0.2411,5.0,1,0.7397709605782051
01df982863641a3d4ee099a8fbff39537a9c178b03d32609cc8680888905e547,13.0,0.298,0.463,0.0228,3.0,0,0.058094893906974844
01df9aac6ee841505dd9e715de1b0c0ef0de95443ac80e03ff5a48fa788b5f96,13.0,0.2003,1.2994,0.0101,2.0,0,0.031275628725725334
01dfb6ac188c51cb71328dc9feb58a7d882e0a21ecb7b2e1c4eff563aa77fc7d,13.0,0.0292,2.7561,0.0418,2.0,0,0.05169275750129421
01dfc82e0ecddc0b4b536c7695d84e786b54b87d336213d387e3fed91d040799,13.0,0.0,1.0,0.0059,0.0,0,0.021280478197017946
01dfe05b0cd077aa403a6db5a42284cd9b38f2dc109e83d102ae65302cab68a1,13.0,0.7617,0.6389,0.0968,6.0,1,0.4472849148606862
01dff0ff0419ebab37af0d397c60176991a54e5d872a33ec5bd1b69438a1c27a,13.0,0.2212,1.061,0.4155,7.0,0,0.5759811824508992
01e0076de4321b4f445853c9414ffafdd366a42d2781b680c6769697514b5b40,3.0,0.2461,0.6124,0.0922,3.0,0,0.2893534790960349
01e0448f38b2a2b8e7fe25ce3d7f0d0baf30cabaeebbecf0108c888033c2b5c5,13.0,0.2356,1.2332,0.667,5.0,1,0.6130274620914747
01e057b3c625a817248b9fc42aa421db208a01910b84ed04d729f71f507d153c,13.0,0.0964,0.9056,0.0173,4.0,0,0.016399149366104634
01e060eae9eb70f9634bc4c7ae892c822311e881d2d031465b9b0725fa26bb0a,13.0,0.2791,1.2528,0.0138,2.0,0,0.04544694810325461
01e076f0733c3313b81eda0a00c45c672b46ef0c9ebbd4de27794dedaefe2096,13.0,0.1635,0.9473,0.6121,7.0,0,0.4221486316221803
01e0853f9c7d5b36f86ae6046d183bbd9d3928d72b3f0ad7d867deb7e8bc3e75,13.0,0.1673,0.9368,1.8489,7.0,1,0.7049287119245514
01e0b94b656529d823f844780fc3c7ef406a996afad7ff8f75baf4218afe719c,13.0,0.0834,0.5504,0.0379,2.0,0,0.019032949625028793
01e0be468bdd0631163a00f1c10074ee6ddb7895b320f89ba559f6bf99d9bea4,3.0,0.1404,0.9898,0.399,1.0,0,0.31612364754671685
01e1ab4d589690adc0f4fcabd89f37a464f582ea54eafc275d95dd60ef5a602e,13.0,0.0103,-2.3311,0.0431,8.0,0,0.02606487203268556
01e1ed28cd62ec4f30d05abfc6302edd6d6ed1bef9a7b10a43f11c690878fe19,13.0,0.888,1.4061,0.6234,3.0,1,0.799106540672452
01e295caa343264516f0984779b88eae75417c0a7702e52256a683805f9917fc,13.0,0.3276,1.1799,0.0388,7.0,0,0.13267729811137582
01e2a7ded6d52161c58e7e527f18e566ad4e7a7a2e0d6b977f2f850287a3d1b5,13.0,0.2026,1.7013,2.5406,8.0,0,0.7247975204736216
01e2ea7dcd7201d305d3f57b1f6501b587d463c9b49dc62446771a41fb9e3f72,7.0,0.1752,0.9209,0.1144,1.0,0,0.1812971307729768
01e30986626e6ef9b37c2c60ca4a1e3c3099f7e16ecc6441b4183bb8f6eef707,13.0,0.1914,1.3632,0.3386,5.0,0,0.5467840443242473
01e30ae35b0c02cbf3f1d4e5503b140f8e100d2e54837e16b52f88c847fb0be9,13.0,0.4054,1.8951,3.4363,5.0,1,0.9090009270069088
01e329c7b82777ec69ac8f5f33d9aad74b9ffcac953876fccc1724626563ae97,13.0,0.346,0.8616,4.345,2.0,1,0.8569656455808233
01e33bc578686bd3589e9bd4aadbd244fa01018254fd206836ab5bdeddb46bd0,13.0,0.4309,0.4618,2.7786,4.0,1,0.8805127911289836
01e356605ded9128aca7de601ee78c8ef3157140dd3a70647be07629800f8e5d,13.0,0.1184,0.0,3.6692,9.0,1,0.745251610233635
01e364556cb45f0434249bc8662ba7f6555e6d48899a1ee5c240ed608c9b78d6,3.0,0.3024,1.5437,0.3954,0.0,1,0.5456248632485736
01e3b8ddd17516f624bf72d2eb6144916bc67f20b178993ee6bf080624c67e6d,13.0,0.1827,0.8622,0.083,6.0,0,0.15461566881987718
01e3bf1056e2953f59de1f23bf38d945da6a5b8a530ea7c5232f103945348475,13.0,0.172,1.7099,0.3577,6.0,1,0.5530769236466668
01e3c70cf14e0a9c471c101ca0e7374df33407e74769f8d342e8cb211d4efa69,13.0,0.193,0.6307,0.1246,13.0,0,0.2936349249879558
01e3ec13d699cff6861d594aee360b23d1f6cf918666294bf3e7a8426548ac64,2.0,0.1549,0.9161,0.0808,1.0,0,0.10356863374408004
01e41915c6a3736418601d22cda1b28868ef1bd31b3cf5223b8da8806931cd18,13.0,0.0,1.0,0.0077,0.0,0,0.022280945636023855
01e419cc08c7fcbd3edc02f2d7ef6a62301c4bbca5d281ec786237ca478578d8,13.0,0.3455,1.6981,1.3677,5.0,1,0.7976838598551536
01e424c1667767d76de92c09313de6e25ea02fcbb591edc874c51c8818e41e5d,13.0,0.1909,0.8227,0.0382,3.0,0,0.03183658004941046
01e45177087e4758accdf16952dbc57d7d84381dbd8a063bb945f24940223852,13.0,0.1438,0.8287,0.3191,5.0,0,0.34128147824577704
01e49a8d7f81d50f3a855163c929e5fb07b536099dda0a3169904034972ab7ef,13.0,0.0,1.0,0.0073,0.0,0,0.022280945636023855
01e50e87cb58988c4bd0868c9e5937bc979e4a955af2e827e2acaebca1317156,13.0,0.0806,1.3128,0.0452,7.0,0,0.022447504295523623
01e5343372091753946a2adfed4106753add59ff3b3149f773ad59c10f84fe1f,13.0,0.0,1.0,0.0056,0.0,0,0.01978947117409603
01e555e88d965e318216762fd84cf78492fb0947c9701179649c3424512255c2,13.0,0.0,1.0,0.1695,0.0,0,0.2092680987385378
01e585100d8e368a3b7533c5595606e50095245e74cde28e0815046c703a4101,13.0,0.0863,0.0,0.0066,0.0,0,0.019219987913602667
01e5af9f9d99c2d67f979588675dc4aa04edb85eb43b02d6b7b8b2a8e66a33d5,13.0,0.1683,0.9572,0.0396,5.0,0,0.028406891869398168
01e5df108ddf3afdf7f04120ef5fa864a117eb97f85368c9340f563387aaf0c1,6.0,0.7989,0.913,0.5819,1.0,0,0.6712277185289324
01e602d426486bf1a532eeab154f8d12fa971bd831bb853c3a3cad496046a04c,13.0,0.1474,0.9686,0.0391,2.0,0,0.036052372704699194
01e604c98628000377d77d5393aaf68841b5efae32403b47e761fa8d82bd2587,13.0,0.1295,1.3802,0.0089,2.0,0,0.02389362426263907
01e6290518a3e7ab6be468a18b919d9ecb58aff71c73536189e0b5a72a755937,13.0,0.0,1.0,0.0084,0.0,0,0.05971407759621131
01e67e9406e4ff7dac181f881695922d87e6981dec450b4d50671001a8d8a6a4,13.0,0.167,0.9487,0.0091,0.0,0,0.05124251833186049
01e6b035f52d0163592e58b09ed4361bdf2ef5a894d8e0bc8a3ff2d222e1bd10,13.0,0.1106,1.5463,0.0089,0.0,0,0.054401537959177154
01e6c7386c3b7215782baceaa2ce9c896112f8870d7e6d4a8585b585d0745f01,13.0,0.0916,1.0055,0.0238,3.0,0,0.020197343935351678
01e6c8a393e7a9827cc85061557225e286b15b2616f8e1006c4304b2658e259a,11.0,0.3589,1.0098,0.7833,4.0,1,0.680663052706841
01e6e6323cbf17d37df97d3ff029e4592d577f8080805703619437a950218198,13.0,0.4807,1.2516,1.4554,5.0,1,0.8342797575296887
01e6f1b20aec0ab2d1d4c8628209188eefd4de95efa3d38b6af0a8fcdfcc9331,13.0,0.0329,1.2599,0.0638,7.0,0,0.06682337130693049
01e6fc6e11cfb9486e6b3a1a8f016e4f6554dad1be710198ff5208e83f60b5bd,13.0,0.0,1.0,0.0081,0.0,0,0.037720949013385574
01e6ff3d311d2f2e2609646e82abcbb6ad45b192682dbce4de2887957512f725,13.0,0.342,1.1727,0.6078,5.0,1,0.6796019487696063
01e723464323ef7d0425584b8b7bdc515ebef05548c2848e277ae4a022a38ae9,13.0,0.0459,0.3396,0.023,2.0,0,0.02137956406059077
01e738b2faa68781aa1d37918117dbd0ce6a4674c76b4aa9a704f077e622e4bc,13.0,0.0877,1.0697,0.0381,10.0,0,0.02203400151453351
01e76f460b06ba01db24017377e7211d0173c70d864fb39e09bc0d3a761b95ac,13.0,0.0265,0.0,0.0047,0.0,0,0.01569832901850119
01e795f088baed30628b73ed54811e67d77e1a6147b368e6022cc100b0f39e91,13.0,0.024,6.5021,0.0229,1.0,0,0.138260878555444
01e7a446fe81ca3ba302cacb5cb235eb8ea1399dc1a14539ad6514bcce357f9f,13.0,0.0902,0.9239,0.0321,6.0,0,0.017341602989700527
01e7eec3c23afa7b621a77143c04bc74d29a2ae2302748f249fd81f14d5c109c,13.0,0.4512,1.3345,0.0301,7.0,0,0.13864199176894426
01e88c60c8fc89d7fb0d36fc471f8490952cb69dbb600618ec637c5296e4a1ef,13.0,0.3286,0.6269,0.0784,8.0,0,0.23246591894242116
01e893a40470ccafffceededd549585ef6d302741f50ab9bfa94b4ad842262d7,5.0,0.0654,0.6785,0.0413,2.0,0,0.02076298017559635
01e8aa6245915fe8ef46f59bddb9f97b9ddbfebaa4fc19f03ef1aa20bd49b597,7.0,0.1646,0.8729,0.2753,4.0,1,0.3835450315080462
01e8b840557b21733dd008845fd656ca395c7ab51a06bafeed0044a093aee78b,13.0,0.1517,0.9549,0.7419,7.0,1,0.4486125477323899
01e8c5799443305591fbe4d3234b78fad1bdbfee0cc64a4e19d79306867bcd64,11.0,0.3883,1.9536,0.5377,6.0,1,0.7729332707532229
01e8eb887443938d302314bdc0f7bc4906f09bf7e217d7de3007681b129aee73,13.0,0.3097,1.4639,1.1407,6.0,0,0.703315668027376
01e8ee4ba3e12b56acb49ee09d837b810a10453666d02a74f0f914f4a8559aee,13.0,0.1353,0.8922,0.2071,4.0,0,0.26888729996088917
01e91176b52e5c5c4f47934e8db0088e91755bab1657791efd9a2d76d0abfa39,13.0,0.1742,1.0032,0.0184,2.0,0,0.03045205525363651
01e914955b0d8aa8c923f2d1b97da7a3cd06e525cc11428f5fbaf82d4492d72b,13.0,0.1403,1.104,2.3838,3.0,1,0.7883153633052337
01e99f41cae07207b253d9f3b8fbc7a47595ee3c30b76d6b86e7d5cfba5b7092,13.0,0.3169,1.093,0.4549,10.0,0,0.6520793689120598
01ea13b18a52b9fda60a59fb144aebf116d780083291c6b198a45132ecaa0539,13.0,0.1151,0.6941,0.0569,5.0,0,0.05223929937003396
01ea3214bd3d54a19f5ef81388aa10499b33170bf9c96b2365043cac94d5c8a9,13.0,0.0,1.0,0.0075,0.0,0,0.022280945636023855
01ea3bebb2b88484ffa6c4cf4a0d4893d790df0f59beedac3b844451085221ae,13.0,0.2077,0.9394,0.0691,3.0,0,0.1477250762359106
01eac2583bea1ee89fa913ea5d161ae13557ca2ca490d4d047b9defde0ae84ba,13.0,0.1117,1.0107,0.07,9.0,0,0.05334838816288925
01eacc7c03af371c4937f2adf74100d38a41e93598b86b8d28b2f3580867eca5,13.0,0.0,1.0,0.0092,0.0,0,0.07006471872599379
01eb08a378074ce0a5c47b0e8f32488ea3029a786ab43f13f215f114fc059e88,10.0,0.0704,0.5967,0.1174,2.0,0,0.08780579121955466
01eb417b5fe97325b124591818408eb52abf7d14ba66ab8f03727828b5babf3b,13.0,0.0488,3.1562,0.0056,1.0,0,0.045423812681425264
01eb4f2ca63d8a30c985236fab4b22e81ae5014a096ff8c2bb0463913bf0f0f1,13.0,0.1393,1.2639,0.0339,5.0,0,0.01821416574853256
01eb85fbfe8265ef39e0ae798c713780b22c34b304d6ca99a3526ee39ee1dc86,13.0,0.1233,1.1593,0.6774,10.0,0,0.33537493207516456
01ebb00cc2e9821165d07fea4a41b5192adc0e2bee5089ec81e48965b01cb6f6,13.0,0.0,1.0,0.0064,0.0,0,0.020263886945132575
01ebca706952e272261062f1bdf80fa27eeaea12dbae389e930157014c0e6dfd,13.0,0.0911,0.2743,0.0751,6.0,0,0.06868062708718427
01ebccb9dde7a12989891ede1aeb25c2bdda16fe909c6dcef422d8b20de503c8,13.0,0.2203,2.2418,0.0483,2.0,0,0.09173613336460575
01ebf0b6e9b1512af9542ce8e5bc951bdc9f459cda268dee5d44f25534d9f2e1,3.0,0.4079,1.4839,0.433,2.0,1,0.7162621179866329
01ec4981f15e09d5888b72ee6d199b594215e0be2e90548fbaf854f958eb898c,13.0,0.2619,0.9695,1.9475,4.0,1,0.8481049910665398
01ec50e90d7eb9cdd49e78573337f84b281556ce3f5c80363b09ac8bfc196121,13.0,0.1245,0.6672,0.0362,4.0,0,0.017421575365557093
01ec60814f843eed702ca5ba6778d03c59d33ce83da191abdd4ba9a35d0a25d0,13.0,0.1352,1.1676,0.0178,1.0,0,0.02474179239211922
01ecba4dc82b9a32b891b9371e0180e25eeb77b9d1efc28a69a10afb8e2d511f,13.0,0.1824,1.7036,1.8386,3.0,1,0.7846117244858998
01ecddeb5d84af98a6ab4b4380ce90caa306b261f976e52570e9ee44f4fc149e,13.0,0.0567,0.0,0.0094,0.0,0,0.042794754098969455
01eceb7bc93f3c1c06989d0c8a1091da6238f319428cde0a6ee06b7d4d952a3b,13.0,0.1249,0.4643,0.8335,6.0,0,0.2891092752590386
01ed56aa7f31df92ee07ab6effbac19f02493b2d912f600baa6e1b3627bc46bc,8.0,0.1877,1.2161,0.1298,5.0,0,0.3905430001145772
01ed6817be8e1334208a8e3bba7a404c168f72f279c076b6f7a4bfe0669fb555,13.0,0.6648,1.4298,0.4098,4.0,1,0.7897587477270926
01edaf745eb3a735c93162c0675c7c3a4d5f692ce8736ff5ca6e283b017ed5a7,13.0,0.0,1.0,0.0035,0.0,0,0.019980332496187008
01edeaa94ae07d70221082a85eff003aaac87fc6b77d01cedece25eded778e98,13.0,0.1013,1.676,0.024,7.0,0,0.03040604154748215
01edf28eff5710e661c97b8826974cfb362e535a23348c8aa7c7aed67ccc1586,13.0,0.0,1.0,0.0069,0.0,0,0.022280945636023855
01edf3fcc329c8e86860e08f84bf8e4a20c8803e7ff08b72c7a789ecde27fe82,13.0,0.1449,0.9586,0.0373,5.0,0,0.023181627587483055
01ee13a0bf978da2795f49b3600b98e06153c4e573e8f122320a6701aa16667d,6.0,0.1056,0.783,0.1594,0.0,0,0.15243666662143124
01ee596ab8a6d76e323fe9cbb3abedead3eafa1fedbd900829e02502a639c3fd,13.0,0.2933,0.8763,1.2664,7.0,0,0.6856235161542651
01eec719d458e98afc7a5b0ac205a482f28d7ca247d71f03309fb8fc83eb8b65,11.0,0.644,1.4208,0.5913,5.0,0,0.7871363754202113
01eec79eb4c48bc695457f4544716e1d3d5f3ce771d39d4d15f4f38f723093b2,2.0,0.0,1.0,0.0127,0.0,0,0.07704350507592042
01eed1d0dc3c07c2d06f6e49d97d0cd0af0031c31fff5905271da557983694db,13.0,0.2465,0.2134,1.1305,6.0,1,0.6646966640575852
01eef51779923940a3eac3d98b74f92d73d8f10ac35311a24efa71d48eb44c34,13.0,0.0844,0.0,0.0045,0.0,0,0.016660711694194367
01ef4ed4a1f0f3897bc9a57a99023b701ab77b8bad01c884459a7ae282c11697,13.0,0.3921,1.2439,1.073,3.0,1,0.7494232195591672
01ef645c0e693366b689086538a70ffbb8c84a76d11c83e07044703346ce7d6c,12.0,0.1501,1.0515,0.1269,4.0,1,0.27852381891858896
01ef984b2020b53dc025c80c114a533f5edd3888e944cd26e72e778521169b66,13.0,0.1996,0.8925,1.5581,11.0,0,0.7177169459510253
01efcdac216fd0276b438797209d84fe63277ec05264250e955dd13eea00620a,13.0,0.1076,1.5674,0.0456,4.0,0,0.023653563188364535
01eff08018d93abeb7aee7e6e2eb19aa6417d0c88a501524b8a453d22e9faae3,2.0,0.3418,1.0022,0.1041,1.0,0,0.412502117978504
01effb90271b71b21ce2f4e1cfc072bc8b42fc32217f9d077c06ec101ea7ec97,13.0,0.33,0.8383,44.2035,7.0,1,0.8660365714910592
01f00e5cbc74fc2c19905cf430e5f90b5614fb0f9fbafbbd49cd5bdd9ac27cbe,13.0,0.1417,1.1361,0.1583,6.0,0,0.31055577576101495
01f06a87e7227d0b4f3b024196b75efb9768be07c08a15d05bff61ac5b699711,13.0,0.2049,0.8585,0.0302,1.0,0,0.034513609206852494
01f08c8053852f1456e1684743e544c0a27471f8372f9799ee96489f2fded189,13.0,0.1896,0.7975,0.3698,0.0,1,0.4315254333958049
01f0c6511486082a9a7aaaeb03debcfed1c4ab4af17855f72e9b432fd0a46820,13.0,0.095,1.2968,0.0795,6.0,0,0.07650098800263559
01f0f85c4663752b5e034002ff058b7cfde4920b1653288263c65c7aedcc5df2,11.0,0.4901,0.9346,1.2548,3.0,1,0.762486223056288
01f16b70b2c10a80594fcbea104e53c8fb5552c633c83e81b3905cb2fe782ea4,13.0,0.2801,1.031,0.8014,6.0,0,0.6306037609710978
01f1b214afb71a9c34a29a6cb4adfeb866504f3911e6149bf428a951485fbd84,13.0,0.2745,0.9109,7.5906,5.0,1,0.8783334665292069
01f1e444d297fcafaa5ac1c0d7432601b04bcfa98ce2dfa6d5143966d83f3aaf,8.0,0.3374,1.3358,0.034,1.0,0,0.08906487544535302
01f22436a3b746b9349c47578f738eef8644ebf24230c2df8216268206a0abcc,13.0,0.0416,-3.4985,0.1286,1.0,0,0.10146694906313851
01f260ebc1c347b59330933e3e0d0adb4e51da39f8b30232fb2ef070329341fa,13.0,0.0834,1.0063,0.0651,8.0,0,0.04875272474811507
01f2905ae7dc282652f98506a98e19b14465911bfb520e08be68fa7c7fade8e7,13.0,0.2897,0.6392,0.5385,7.0,1,0.6411501155424014
01f291ba031f957df87fd26a197352067a3ad66f6aad05a0a8fb0e31eb9d5956,13.0,0.0567,2.0423,0.0278,4.0,0,0.026193980612084874
01f294c34f44ef5f9d313110fec306f35b3899f61111e19618884d321ca92c4c,13.0,0.1168,0.7773,0.0207,3.0,0,0.01856741713618255
01f2e53132fa8a4639448d0d41b51de602c4173b5105d21e36d5d151d571d390,13.0,0.2254,0.7364,0.0348,3.0,0,0.0439307629873028
01f308d21a1e460fe01ab401b5c9a3c6630dc94812667d708f49c858abaf516a,11.0,0.1508,0.953,0.0961,0.0,0,0.15500556761489964
01f30ed0da63002d414d4f7eeeb10c2b60d33a41e9bcb72f993e8cf79c78195d,13.0,0.1865,1.4662,0.2614,2.0,1,0.5108923653129842
01f3396eacb7b77bae4ed9058ac5e596ea33b921b895093aae90bad1285dd2d8,13.0,0.1344,1.1824,2.139,4.0,1,0.7445359412022639
01f34fb9b80461c756cbda953bea6df2c728e7a28616b34408b8760a7602a003,13.0,0.158,1.0018,0.023,6.0,0,0.020993214935652763
01f358f54af297eadc3d7aca7f7a40e3d2719dbf41f426b74762baed388aea4e,13.0,0.1273,0.9877,0.0257,4.0,0,0.018601637481656975
01f3a31ef67f10c61797cde05b128d3b6982964444b34de8af55b96e6d898c10,13.0,0.0524,0.802,0.0338,3.0,0,0.019333842104348405
01f3a53f6601f30d57352eed0f232ca6d10a70d274f889542915447456c0928b,13.0,0.1863,0.6071,0.3432,5.0,0,0.4503281527155557
01f3a82bcb0c20bebe79e2faedd07cc26777771d5000bca844d59f623001b747,13.0,0.1297,0.9246,0.0648,5.0,0,0.04714177880679213
01f3abf5daf6815341924a698d5866db32f4827f3e53e736812dd26cffedd095,13.0,0.1435,1.0004,0.0358,3.0,0,0.024340245560075923
01f3f7de7eedfcd99499389956a302564bdc5a5772a3e1bea1489b11fb72f722,13.0,0.2724,1.3574,0.7282,13.0,0,0.6196648982314918
01f3f83cbb4a9ec2983d38fdacb53a2daf65d2f0b504da96e7540425d54926c8,13.0,0.1494,1.167,0.0285,1.0,0,0.025003731276442853
01f410f64228065ef395225017b4fbff5111c3d211a66fe5937dfe47bf6c2c8f,9.0,0.2656,0.648,0.0521,1.0,0,0.11817578066986799
01f45d1c3a5e2e606d33f430447c5e5113b1b2362defdcb2c255958efc1f96c1,13.0,0.1451,1.0,0.2097,5.0,1,0.3560866985242003
01f490f4731d0cbc03f3b6c912f3887444e8e2f824c53efdd9822097c84b421f,13.0,0.1477,0.8994,0.0216,8.0,0,0.022996702394626686
01f4972512c729d38c28823a33b8c805f41aca7ae9f6c69ef12669711f5d6db0,10.0,0.309,1.3546,0.1092,2.0,1,0.5238762081454903
01f4c0eebd04757b41420b56326c9ec9cf06eb4287a786ea2877570020f07093,13.0,0.1429,1.0612,0.0457,2.0,0,0.031986024835839705
01f4c4581649a499581871e82685a34c1943c4b25a09f666c0a0ff3fd5057a89,13.0,0.1318,0.9435,0.0176,0.0,0,0.08055610050177725
01f4edfcf19e620876b6c36143f206c25ad184747f471c56a47ccbc05faf7161,13.0,0.1845,0.8695,0.6843,2.0,0,0.4698244697212465
01f4f7b14d83b6a8f88e4355279224615da083b19e3e5f15b98f274ced8cf752,1.0,0.4223,1.0,0.8631,0.0,0,0.43872853928365513
01f54f61405bdf2f8fe868b7c36345a057bc500740051f3f6b733afa5b42b725,13.0,0.1222,1.4126,0.4451,6.0,0,0.31428993533114435
01f578ab5aa4e0aef2144b59fe6941c4c0edd43d51791a4b70d2b98700cba9fe,13.0,0.0,1.0,0.0028,0.0,0,0.021051628307654998
01f5b082e56a4e9a2fa73f604a8ae737fc659662a5d822190c3031a5d61b94bd,13.0,0.0,1.0,0.0091,0.0,0,0.07006471872599379
01f5df3abaa8ad4728608556dea9ce98d91da86a86526635fb1c04c0943abe02,13.0,0.3586,0.6676,0.0686,3.0,0,0.22404130025870878
01f617dfc309551628a3758b7539376247abff3e3b9f862ea41a5cac7e525514,13.0,0.217,0.7891,0.884,2.0,1,0.5828773370436671
01f646ea58f009084863e625331bbaccd0c2f254c047bf6f9a4b35b7f40be0aa,13.0,0.1278,0.0,0.5617,11.0,0,0.2738983270733498
01f665fbbe5a53d0534e48bd086aab4da810840f3b47e6d9f988896ba3e9bd37,12.0,0.0968,0.9935,0.2284,5.0,0,0.2190298356560707
01f68966153654ed85e178def6f474d69f5211d1333a800bce40f20b55cd3fb0,13.0,0.3211,0.4659,0.0107,2.0,0,0.06208381529930878
01f6c67b53e33c260546ea61c2b3b0cb79e513b10880f2ca2126e392d0c14f05,13.0,0.1612,1.3109,0.0447,3.0,0,0.025773994698580792
01f70e1c9b2469b0f44199f17a9544a0147e3a856f4c2dc3e96392c452318bc8,13.0,0.2749,1.3593,0.0607,6.0,0,0.22105945854687575
01f75af75b193b7798aae2a3a55e395b4b78a73e1a81b5caaf5359add2a68aac,9.0,0.3623,0.6245,0.8902,6.0,1,0.6884949840904727
01f7d7e2cc8381fa45a9cd92d9404aa9f69c011e57672b21ceb1aa7e8157fda2,13.0,0.1318,0.5159,0.3386,5.0,0,0.2613879931810835
01f7ed3c44c8e83f912402cb5df263b07f17f666fde91ac923ae2f603f61005d,13.0,0.149,1.097,0.0396,2.0,0,0.030656545642817053
01f7f6153101390a58b7958d9ceef3ec2c1d90b5e5eca160f1dae29473d09aeb,13.0,0.0,1.0,0.0044,0.0,0,0.019980332496187008
01f7fecb48780252ed37c485f45444585ea569c399438fd0a0af53c3264572a8,13.0,0.1685,1.0887,0.0109,0.0,0,0.06511929547584798
01f867fe262199c14e7d1bbdffec49b941b925d89dfde487a63fca5d20220aec,13.0,0.0942,1.1146,0.0382,7.0,0,0.021049062294163493
01f8bba0c0107eabb724809a803b25ee8d8f1b9976df20ed5a5255d219b7dbe6,13.0,0.2659,0.6644,1.9991,4.0,1,0.8513376822380276
01f8cdedd678f1a704358d6c2de31314009667142b7ad7ff325feef5cd8bf228,13.0,0.0932,1.5915,0.0397,5.0,0,0.0198278253932114
01f8fac7a2e7ed5355276c614b826749aec61cde37bcb120476eb2ffb2161fe4,5.0,0.1284,0.8682,0.0627,1.0,0,0.05215827200256661
01f9606a6504c9012c62a8712a2cc2c52d1f5c99fddf0c5171466a6ab17c8c1c,13.0,0.2039,0.9581,0.0916,5.0,0,0.27661083101253164
01f96cc246fba84f2e16d147ac41d146ef49b490175eed3bf32d9c24f6a23b73,13.0,0.0775,1.0673,0.0237,0.0,0,0.05476315016835286
01f9a0f61b6ee992addbf428a75c449ae0139c7b6dc93b24dc6e4f9d73a632b1,13.0,0.0,1.0,0.005,0.0,0,0.019980332496187008
01f9b881d98b005ad324a7edbb608022182bce27bac0ed56a2ae6ce7ad539fc0,5.0,0.3634,1.0259,0.121,2.0,0,0.4824906020352902
01f9fba84e2de4edc9dd2431733e5c048b6863b01794d6873f88ab157609843b,3.0,0.2205,1.4129,0.2456,0.0,0,0.38401254672938756
01fa18d85376486efb77f8d813e43e02d353f1e07b3e78f4d777b9424cd270e4,13.0,0.155,0.9091,0.1655,1.0,0,0.2628375910018448
01fa3bac6aa0d22663ca38fb1b35ab5aa56416675566273147388daf662017ae,13.0,0.3337,0.9581,1.9732,6.0,0,0.8045950298165105
01fa4054866e491afdc8abb7e3ad678caa83038b6e524ea53bd2307af018d9b1,13.0,0.1018,0.5059,0.0462,8.0,0,0.019550934362756404
01fa416e85d7dd2053344d07ec94837476d92822aaba29adc7a593398c2a53b2,13.0,0.4999,0.5875,0.9256,6.0,1,0.7526833133045886
01fa86d4dcd28a0ac6d8d4e30e26ea99c68ccdf2bc07fe853fb152b1ab774a0c,1.0,0.0,1.0,0.0028,0.0,0,0.021051628307654998
01fab7d315a2e8f98f3cf107c8739360524136e0581ae76288078891c028d03e,13.0,0.2713,0.867,0.0576,1.0,0,0.1906357693622223
01facb1a7fdcc5abf763d54887e953884870716282428b9ca4ebf2023d3598d5,13.0,0.1419,1.0082,0.4077,4.0,1,0.41541865710460596
01fb020905f5a2cee4ff1a01a826eb1e2443f5e27e7a84b10e24637cfcb797f6,13.0,0.0857,0.9209,0.0378,8.0,0,0.02311744834685468
01fb45d34a47df688b93788e6075b4ae10165ef52092cbfc9d5cfa605406bafc,13.0,0.2987,1.3874,0.0095,0.0,0,0.11258474209201891
01fbbabb5127671f1ef80e9e97a0693b11da071e8830394bba20925a3f193584,13.0,0.0611,1.5128,0.0254,4.0,0,0.020785310623370315
01fbd6ccaee1cdb8002665864a7f90e0ad81fa3d60760021a8c8a29c0f1b217b,13.0,0.0773,0.4786,0.0418,1.0,0,0.02430098323150991
01fbeebdbe49a554ce22cc32b0c52d4990941445ea19c9845c016a12952e88a4,13.0,0.1459,1.4788,0.0503,3.0,1,0.044546097324071054
01fbf9d93359398799402b25936c8ef37ad592a3fffdc35330049275c34e2f6a,13.0,0.1165,1.6766,0.0675,3.0,0,0.1209783586964666
01fc2c8619ff855cb0267c41552844ff34715bd301996bd8dd62e54fc9d5bbaf,13.0,0.4733,1.1148,0.0227,3.0,0,0.061522240782222466
01fc337db070f9ba73d76ce84044664dadc624d9b7b9110cdb1a86b3b8c75a82,13.0,0.0422,0.2464,0.0507,5.0,0,0.02030247260789872
01fc49150f0b853e3ce1d3e87ba2522ef449b6e86c10b044b9a87991532ba5bc,13.0,0.1519,0.8893,0.0903,4.0,1,0.16027862611474317
01fc52f407a6d679071bb3247a09c96fcbfb61d15b94ab89035cf7c50ba2dfa4,8.0,0.0,1.0,0.0086,0.0,0,0.06425341129100266
01fc75170c710bf29421a234b3f43794bde4bf1a6f71da4c1c4bc0ea6853f293,13.0,0.0,1.0,0.0092,0.0,0,0.07006471872599379
01fcc1943264e1798e51e88f35c718923029359bcfc6052ada8a963d15ced99d,13.0,0.1767,0.8894,0.0165,3.0,0,0.031134543708419563
01fcc54be5dd68ef60b45b6a136e728cc4f42c5f873ace6e4068292835581054,13.0,0.1317,1.171,0.6007,2.0,0,0.35234119709375455
01fcfcb993363b833aae0a0400a50e89d50d612a675e08e978262c254ef7ac2d,13.0,0.2955,0.8186,1.1097,11.0,0,0.6667653205406148
01fd1414b1d04328001a237f48e787f824ef3714da6b6d27f66645610d294679,6.0,0.1396,0.7893,0.119,0.0,0,0.14314731540359393
01fd29cdf6709f77fc39d06f8712b6fa0072af943724d2a4c957d0768c23bc7b,13.0,0.4896,0.3494,0.1398,8.0,1,0.614628723521483
01fd3ab7434b53941870ca90f282646f66c1e006e2f0cf3664bacb47579eac1e,13.0,0.1787,0.9711,0.642,0.0,0,0.3719937190366976
01fd488e2378752e650120b7385d931b1bbf088ef6a7c6a6ddb2848d6d0b307a,13.0,0.1215,0.9714,0.3452,2.0,0,0.2347906300675815
01fd66a9585ddab76fa4fd4a75a655d973e1dde84ae117633d56dbc1578ef05e,3.0,0.6546,1.0266,0.3006,1.0,1,0.6734442481971804
01fdc47995f75ba187199611f4570434ebf1d2fdff226f03d8c24b6374873196,13.0,0.1349,0.9712,0.3967,6.0,1,0.31934958441657657
01fde81395e3905abca03a7e9ba5469375cbacffb3d9401aeefd4c688d2c739d,13.0,0.3118,0.7377,0.259,4.0,0,0.6349301046041088
01fde8531dbbd09e7a9b44496acfdd215525cda14930c377297721f9e1961bc3,13.0,1.1097,0.2711,0.1594,2.0,1,0.6005541957967757
01fe16ac2ae97742733748a71cce0a25418d719ba20943485c442dba6f40c7a5,13.0,0.2527,0.6727,0.2039,7.0,0,0.5639024086627732
01fe3bd20b6b12441c8940c39aac8ff2bdffbec98f470d77eae6fdc24a7184a9,13.0,0.4095,0.7079,0.7122,2.0,1,0.6610610830425689
01fe78d9a557cfa6aab3cb76fa3b7c3c265f0eeb30ded13d1a675b1e7bc302c4,13.0,0.4426,0.3981,2.3608,1.0,0,0.5991753422400612
01feaa56f2d85c7e8205a69cb4a251f5648d980feb082f6bcecb86c4eb8c49cb,7.0,0.1677,1.0045,0.2247,2.0,0,0.36232764960968167
01fee5bf39032de02e78b80fea4ea72fa4cce261d1a22c63f80c6af17044dec3,13.0,0.1562,1.1166,0.4667,3.0,1,0.4354012645132097
01fee6d0d827d52bed7c4c658b165b4b98b2c287d593c38ba5272bc6c5ac6ec9,13.0,0.2732,0.6408,0.3629,4.0,0,0.5826467252509377
01fef8466b23ab1c8aef207981e6ef6cf68b59cb411ebc4cb90086fb0aba4a2b,13.0,0.1462,1.1656,0.071,3.0,0,0.0909578729171244
01ff84829fce5429deeec38c9546a8944f271b7fcaf4d1c53161c59051eaa3ff,13.0,0.2514,0.6602,0.1198,7.0,1,0.3944134919200261
01ffa0b27eeac6868f4c9b3dc3e5d8b0d9ebb09271eae48ece2e0c6b3d9ca11b,13.0,0.1592,1.68,2.3947,7.0,1,0.7609368978856821
01ffb3ac7fd25d43fde631106e2f1140780edd244e66d1d82aa89b184da994ce,5.0,0.1568,0.9619,0.176,3.0,0,0.34666699544754914
01ffba283976aa6d331b4507940f008e82c2429b5e496bf3c38f86fdbac5f003,9.0,0.133,0.5036,0.0722,1.0,0,0.07572650682888088
01ffe2d66a32fd2d397396f54c9114ec3d9030d7ee333e9e6be606612a14ce9c,13.0,0.3573,0.9537,0.6734,12.0,0,0.6776031376437958
0200135449365b8e5a2b9ebdf437977467b9746009c7afe43e7be19f3acc7802,13.0,0.1502,0.8301,0.5813,2.0,0,0.36412495935488465
02001ce19798e658c29b27ad96c18632884fbd8a1d00135ddfb8e76727cb8f65,13.0,0.0,1.0,0.0059,0.0,0,0.021280478197017946
02006a1a657388b7f871be08f54fdfb7c443380efec82b70333cd6358c8bbfb5,13.0,0.1461,0.9849,0.0508,4.0,0,0.02907120527451285
02006acbba413bd2b1ca633304df5cf69ba8ecc6e5fada75beafe77bc78f4bf3,13.0,0.112,0.8648,0.6097,3.0,1,0.2520274271842579
0200ee9da437e12eda40aad5feca3022c101ed0765e8a0f6a1954a701e976580,13.0,0.1373,1.2239,0.8353,2.0,1,0.3971728227629757
020174478f238c27c10e9bf89281ce793c0497fd357f17f579ee1e5fcdd15b3e,13.0,0.2477,0.9058,0.0716,5.0,1,0.2701435989371458
0201775051ac90ef256f793b9c1d762c89228e6e28bf53d233b78a3eb1155caf,11.0,0.3986,1.1914,1.2821,4.0,1,0.7889551254185859
02017d6361be682f225ed2fb7ff9963a1602747e8d40c12071bb4f4a0435d514,13.0,0.0,1.0,0.0065,0.0,0,0.020263886945132575
020182de898adeac0ed940ca5f8a9ffb113563803c1bace68b160a749d6367ea,13.0,0.0377,0.0,0.0047,1.0,0,0.017986994460528018
0201bbe9ed83208278def2b9d8de91008e841bb97f8623d5042da81cc450865d,13.0,0.074,0.6499,0.0594,5.0,0,0.04583314052656972
0201fffcdccb2743ca13eb3a46fdc6094a4ca78e49437ab8146c2fffe7478022,13.0,0.1405,1.0302,0.0657,8.0,0,0.06278651184284961
0202101a75a49ed2454047cfcf2765f7198b705cf3f785770793756f5de7acc3,13.0,0.2893,0.5734,0.2506,4.0,0,0.6056151413965316
02021d7cc89d86ea3c17b7ebc9d0355963bdfdcdd2d2aed632a4a2d13b21afe4,13.0,0.0339,2.0635,0.0295,5.0,0,0.021628568014588647
02022a93da481286180f6d05fafee485ee7621681046313c9e4f4d23ac8d6660,13.0,0.1307,1.2055,0.0145,6.0,0,0.019503293683306878
020287477e844e7e59dfe740f6008d1e24d2e68765970b5d6660151d8e223ca9,13.0,0.0778,0.8542,0.3912,3.0,0,0.22177157779736403
0202b8e5ea181a7ba6e5623136046af9acda1e892e5b2c57ede9122ecc535c01,13.0,0.1069,0.9248,0.018,4.0,0,0.016282722847492548
0202bf328e71c87b2297484a61d3656f5d3f199d21a18722e5b1a5750466b5a2,9.0,0.1112,0.6293,0.0171,2.0,0,0.018840491192816944
0203125713334539ae04bbe5e5cfdf3821c6654029aa56f3fefeb5b20f81c2df,13.0,0.3015,0.4763,0.7354,3.0,1,0.6514528124201273
02031c06dc2ff5d9c617b6860bcf8671d0b5ebd8fce71b41e0bcd3b80f70f975,13.0,0.4366,0.5362,0.1699,3.0,0,0.595266214637012
020338871cdd864315b8c3810bd0f0a034db8af5bfbc6f12877c696e5edb2777,13.0,0.1773,0.9918,0.0258,3.0,0,0.034891057012937064
02033ddd64b23106fed489d06aa68a9c87ac7e405cb4640930a658328cc5a67f,13.0,1.1548,0.8519,0.6808,4.0,1,0.7407369599198966
02034ee78c97539239bd7bd3374c86b2d4af812ac0aae3fbe4185ac0bbe5c40e,13.0,0.1846,0.8129,0.2363,2.0,1,0.4237809465036132
0203705b1dee4b47323e884106392f90dc5a0681c83159cbe5ac89f02cff43aa,13.0,0.0603,1.4452,0.5053,11.0,1,0.37529358243723626
02038a8e76c0eceaec99528b7603d30d1a3fd99ebda0a915b96709892c5e2538,13.0,0.1882,0.8715,0.0431,2.0,0,0.046345181338305
020397101b80b020a2aa4ad4434e4c9354fc0e409d7cb19702f9f014ee2dc87b,13.0,0.1683,0.0,0.0095,2.0,1,0.04198481179428058
0203a594b4ecb6072c21e72d099539ebe26a630ce9bd2178f7e8751214422944,12.0,0.2882,0.0,4.7735,11.0,1,0.8576729660409049
0203a9d012bd7748ee1c59dd969290814195665533b504ed880f2cd96cd18dac,13.0,0.368,0.5232,5.4955,6.0,1,0.8549119819212663
0204147a0797f71c1ef8f79a70e8ba1baa8afd5da9cd019b7dada0b1f704e6c5,13.0,0.1595,1.5625,0.2528,3.0,1,0.5193501183575948
02049a11b5ab728b62d3274d722ee51dfd26ed79ed3c970c318106c5c60af945,13.0,0.1392,1.0436,0.4194,8.0,1,0.3775701699943374
0204b89b11d324ea0e7c98c4e88bec51e66c8bb02b68d092c60c497e145dcc02,13.0,0.0409,0.0,0.0052,0.0,0,0.01572805593170433
0204ca93cb1c331809fb24c04ea98ed36c46b46667f465789da1a1c7258cfe7f,1.0,0.0929,1.0,0.1917,0.0,0,0.18596374500445456
020514161f9c2a7dfa56427ba9669aa42bc9dab537eaddf9367867a356fdbcfa,13.0,0.1902,0.9098,0.0406,7.0,0,0.042834573763271114
02052c7ced64cdfd64ad1afe4ff3b79cbef5ad3af8299c05217315b9a2e93f4a,13.0,0.1777,1.0331,0.4237,3.0,0,0.42990429306773126
020533890b2dbda3337753b47d95b412719db56e9754d94ca057474aad0de182,13.0,0.1589,0.9712,0.7952,9.0,0,0.45428140056336686
02054116edc27ea18b02eab71eb1243538084f85fb8575c647bf432fe373d895,13.0,0.2523,1.0075,1.6332,4.0,1,0.7875923618866868
02058b807e324b427d81f0cad01c6163e2c788fa30d9fcc39bdc0591964f2489,6.0,0.5644,1.2301,1.3065,3.0,1,0.8090538959839451
0205a66900a8f6c578fe910b60c345c2ac6dd6d7d830f176559d9446a3bbaa01,12.0,0.0,1.0,0.6534,12.0,0,0.3377684332293467
0205ac087af5665c0423b8834ea1a4863cfc675d91be0f5a400d62d2f91988eb,13.0,0.1401,1.0226,0.0442,8.0,0,0.0251053942108611
0205bbaa271a2bdc7993004b57cdba925029bf89de81bbf7943a3dce2d04169d,13.0,0.2503,1.0862,0.1114,4.0,0,0.3689159335583141
0205ec2bbf0f4044a895c5a294e9ada1ce21792f768ce40c8118d2d4cd7a1092,13.0,0.0,1.0,0.0047,0.0,0,0.019980332496187008
0205fa36b86e575869869ec25956c5c11051634164104a80554c51c6386a490b,13.0,0.0579,2.1678,0.0262,3.0,0,0.027550925584727635
020617828c246ea739142e9e16af42db21796bf063bd2098e1a4e907b1aea9b5,13.0,0.9043,1.4041,0.0791,2.0,0,0.34931952531947275
0206479482375655952c838902723748ba36246e3213b58b27f738b351630447,13.0,0.0953,1.222,0.6143,3.0,0,0.32529341952573015
02066a8540b9803b41f75150d7c99146e0fcd972817e7fb3429d2b1c79e48db9,13.0,0.148,0.9814,0.3551,12.0,1,0.43150351620863003
0206aedaa92b366b3b34cc5ce59b73e3553577d90918a6e46918a523d6c287e5,13.0,0.2143,0.706,1.7399,2.0,1,0.7359251863840044
0206cec0a75251410046063c5a6dc961e908f62f6cbc46513e10bd66ec3513e5,12.0,0.4032,1.2102,1.4072,8.0,1,0.7869458464151695
0206ecfbbb17d7e955fa3c69ad181cd4ee3e5a2263ab3c08d7f1d86df06b04ce,13.0,0.1584,1.0147,0.3103,5.0,1,0.41895232654765474
02070038fe6b33d45c14804a1aec9b793d96f5f427bda3dac49ca9180f7270ab,13.0,0.1027,1.3132,0.014,2.0,0,0.02259313998401263
02070cf266b355779d82db9f414eb99c12a453f17ec20b150d620518cdd022a4,13.0,0.2892,1.4149,0.811,3.0,1,0.7169058164191314
020732779f773c656d1b7b79d02a12216b5d16562206a40f40b43318746b10ea,9.0,0.1415,2.2479,0.0577,1.0,0,0.13647741333458066
020733df03a7090b80caa0b79a530629da7bb393a44f01de2207d3b98540f313,13.0,0.0,1.0,0.0064,0.0,0,0.020263886945132575
020749fe60d4983bb1c4e0e982a23b39bb31acb1d63211919b0af4760ad4b8d1,13.0,0.2226,0.8178,0.7642,7.0,1,0.6202530242450147
02075dece7ddc0293402119b211fff1a56a86643020d7ed26b9d1aeb217e0e67,13.0,0.1098,1.0064,0.1837,3.0,0,0.21734141575722152
02078dd972234250763fee3b36b793fe7df51620ff23503eb5f17e9e7955f06c,13.0,0.1419,0.8738,0.0154,2.0,0,0.02226448347377939
02078f7e1ff6ae60366be6d05e420c2d06642d46e7b626f445fd711e8ec478a6,13.0,0.2141,0.83,0.0827,2.0,0,0.1425626540815867
020798acc420569860fecc00ee70385291607c183740e7b4022509196c45aede,13.0,0.1462,1.1146,0.0454,1.0,0,0.03278547665623793
02079a4679d71ea4f23300bca0a6efe9c9f26172c07e22e093da790ab4789343,13.0,0.085,1.2588,0.0512,3.0,0,0.020533106679656736
0207c3ef22f679b4151afeaf69f285b61d453ce381ea89eb0eeea5e455d4436d,13.0,0.4516,0.8512,0.2251,12.0,1,0.685071387444967
02080b5a2c100f56001008766bde4e9b0a91de6114164dcaa4595c2b5e8d4943,13.0,0.4361,0.3921,0.2259,1.0,0,0.4140900750157263
0208b0c27cd7da5ccf6fb96dc655f55d950f4fd927ddfe503f0fbc2323fd838b,13.0,0.2633,1.0974,1.4237,3.0,1,0.755641938483233
0208ff8123c22a809d1033be0425b9fc40b6ec5b1212b20722b7f4645e919165,2.0,0.1048,0.7771,0.2736,1.0,0,0.17642924420161726
020919ed5b6a482bb16337d4cde018813af0d8fa825227718f1b4a24144697e1,13.0,0.103,0.472,0.027,3.0,0,0.017985503337314065
020929d0c445b01e9ee4f0156d010ba9faf91da325bfc462eb1f8dd74bc41b34,13.0,0.106,5.2892,0.0531,2.0,1,0.48603494166847333
02094db39fd939741345f0b303d9e30649dd03e32b7e5ccb0ee2c4a77ada8391,11.0,0.1043,1.7562,0.1508,1.0,0,0.24096917284176858
02097ad6a65d38ed7ccec0fed48f4478857ce8b87d0a8f5ee9554cb72141a802,13.0,0.0784,0.0,0.0069,0.0,0,0.017565738014278208
02097efce4f2094f34a465d0f7b2209b25a1a97f023a0b8c13d46d44cd951f05,13.0,0.1355,0.9749,2.8748,8.0,0,0.6738431394873369
020984b661cb73310cc210fdfe93b0ab8b21773ac9bd321feac969c0ad49d6f5,13.0,0.0632,-0.0269,0.03,3.0,0,0.01950768938767883
0209ded167ff8567deda563df2a569bd320d7fa72ae60a2afca381b987381547,2.0,0.1394,0.9727,1.3151,2.0,1,0.5185869727369535
020a64c24c7e4523e63f4585f27a42539fdbae67798e8c6f4e7c5508012849eb,13.0,0.1556,0.8794,0.7049,3.0,0,0.4226662414151201
020a87c938d2b162c42feefed129bd7e1be9585ce9017802c789b30692ecf108,12.0,0.4048,0.4995,0.0437,3.0,1,0.17592542706546768
020a9f7905c19538d63c34a598273b5c6e1e6c06749c5a8ec8092dc4cb646435,13.0,0.0742,1.3706,0.026,1.0,0,0.030338527010827426
020ab0ebeb411b566a25503a18348ce3b9b9d0d57a414c06a0e7d2a877ab6743,13.0,0.2835,0.6775,1.011,3.0,1,0.676229323021364
020acb57a2a545205b32fbcfff89b7fa548947d4c862d53ac913b49940d79452,13.0,0.1699,0.9806,0.0434,7.0,0,0.030983918504736377
020b09ea6a94b13ccabc82f4e75fce3062b7b715d78fd935a13c20ade58818ad,13.0,0.1553,1.0628,0.0255,3.0,0,0.023894015250934045
020b11451c1b40825f7a339bcdc419549b6b9ec149f9466345c6f7a809cc6637,13.0,0.1189,0.934,0.091,6.0,0,0.07989030931180424
020b2810321a1541eab51dac4752780098b013d8776dcb42c5639acd661e4962,13.0,0.8165,0.751,0.3297,4.0,1,0.7290416355606087
020b29b1d0a251f951476c3c1509c6efd446b680082e33c2bd7d1c9ac6c79c49,13.0,0.7495,0.8836,2.1059,4.0,0,0.8253132799231442
020b3ee56725565d86d1135ce078f8985fb4938a987fb057a81ee9e7c06880b2,13.0,0.1215,1.1116,0.0648,8.0,0,0.046517012812984274
020b4926a66f20ae05e473cd962f26a3470d9c69eaaf37108cc18fb55a274aba,13.0,0.1602,0.9843,0.0756,3.0,0,0.11212666802418686
020b53667039a7b0f8df895fb4d4cce4ee63d3d92da892cb381b2f040cf9d055,13.0,0.0,1.0,0.0063,0.0,0,0.020263886945132575
020b55f7469e4e7fcb53886763fc2d0f3eafb01d9f0b7fd87b4976238f0e9778,8.0,0.2739,0.9943,0.5416,1.0,1,0.5479204260916201
020b595d87c91f0966494693dd9dfb8e2855116c9bb8a7c2fcfc052f51eb973d,6.0,0.0,1.0,0.0108,0.0,0,0.07688026147883344
020b6b024e7a7a84c1839e74e6c0973638e4819d752163e0bfef1f63a930ff82,13.0,0.112,0.8978,0.2815,5.0,0,0.2196852876465531
020b7dab1bff0f9cea80c2f2587174fcafb6722cefa15e36ebd4426bb58b0680,12.0,0.0,1.0,0.0056,0.0,0,0.01978947117409603
020b85adc3f754dc5d0c2f0c5e611f9e1ef5bc3952adfb1ca2ddbd90cae478e9,13.0,0.0129,0.0,0.0045,0.0,0,0.01569832901850119
020b9d6d7777ed706678488bada8c90e69302b0fa755889419b260439ebee068,2.0,0.2781,1.185,0.0451,2.0,0,0.08780578063022974
020c11c647b56d0da7a6c39a71501823d9c7e8ed2745bcd4d870f51f75330f6a,13.0,0.0,1.0,0.0061,0.0,0,0.020263886945132575
020c1452b117aadfaad31527b81ae315416920bdeeb46124cc45f6381e79ebb0,13.0,0.355,0.5943,0.0824,3.0,1,0.2843825066417766
020c1e5f18e79aa626f8a021b0c3765f7a0f871f1ca5a1d11a7a7cbf91e06dc5,13.0,0.0,1.0,0.0068,1.0,0,0.025174868857605906
020c3dab9f14b3203c4759bc4dbcfd69cc87d00d721a939289ebf34f56031612,13.0,0.0755,0.0,0.0067,0.0,0,0.017478781492539078
020c48a06d61a89fe349764605efcba9a2537e7fe17560008a0b95cc59897d9a,13.0,0.1274,0.9038,0.0184,1.0,0,0.02259309805816518
020c90958ff8dd38772014f1186b6797045a6556bffd71959ca1c1e971ec7f64,12.0,0.0579,2.6768,0.0662,2.0,0,0.22481808645448165
020cfc9969c22cdc7c14ac1b8f3871c7d1c1cfe0624b6f00840ebc5bfea026ac,6.0,0.4491,0.758,0.5553,3.0,1,0.6933579989714106
020d1306c5ea209934f85fd2293a1c83f6a18288bb39e1a24eac89c8df6aa4f4,2.0,0.1299,1.0196,0.1629,1.0,1,0.25690927098425165
020d2cd4e76ad6c1c9e8693ba20999c98420aa9bf683f6365c794a40e1c78537,13.0,0.2033,1.8405,1.3085,4.0,1,0.7223727844783865
020d528dcae84939706a064f2600f8236b68abee1111364d5a937530112f56d7,13.0,0.2144,0.8872,0.1339,5.0,1,0.5643243086628779
020d80eb37b3b885079efbea35297035d7658959d394e188951a2ede69e46e95,12.0,0.081,1.8073,0.0448,2.0,1,0.03696710435025964
020de099e6d45379bebe37f01408b5f14841ba5a0664f4567f332cef1d5db7a8,4.0,0.216,1.202,0.0279,1.0,1,0.09221927766815735
020df17d553116ce8f24aaa57cca3cdeb9f0bdd54e0bf838ea4a469ec692a00b,13.0,0.1045,1.018,0.023,2.0,0,0.023192044798239105
020dfde18914823beb4bcb0c512200c64ed4ed6713e83ed6af2d078a6ba00f97,13.0,0.1406,1.1565,0.1761,7.0,0,0.3635483456474164
020e1cfced3ed1339efaecf890cbd6dd1c2ec69b6accee48ca8adbdf0f1125df,13.0,0.8795,0.5028,0.2498,7.0,0,0.6286696137147308
020e5ff72f10b7293370fa4813f4b115d21da6c2a2caafbf2144535406687511,13.0,0.122,0.7965,0.2298,6.0,0,0.20234134053719408
020e6da9c0ee354c9fc6e7d106a2e0f9b69b84efd3f673e448ff64259aaf63ae,13.0,0.0763,0.9221,0.0547,7.0,0,0.03413850656827497
020e7d2ed7366e7ab323de9c043c930e8b92b369d2e0466a02b639169599c072,13.0,0.1514,0.8236,0.0792,1.0,0,0.09483761441640065
020eac76b66ad374c26b553554bc5d4278a218f83906064619647c0a6b99c011,13.0,0.0392,1.8794,0.0381,8.0,0,0.03590236304598637
020eb426d106d113dd841e2a538f8872ebad220e93d4a5271c301b304c55f404,13.0,-0.0001,1.0,0.0484,4.0,0,0.030004777123736944
020eba367d5d1a2c8dce63187d14804147f038bec09e25bc51b1090e9054a5f8,13.0,0.3475,1.6301,0.2031,7.0,1,0.708063112454208
020ef3e40530ca6af93b33d941ac7d8d77b0edcee2998165c91c6e7f3ac42972,13.0,0.1588,0.8227,1.4386,4.0,1,0.650771646212487
020ef4e3fd740d9494ea7d4ef6d0bae7415d9d7dd920e2f73b5823d86f21849f,13.0,0.0,1.0,0.9013,13.0,0,0.3750786722145125
020ef7e86462895f1f72f873f964213094ad909a6b8c3a716f90e57d91278bc1,13.0,0.0,1.0,0.0064,0.0,0,0.020263886945132575
020f13cc09128ba5ae6bea68874a1b713e35706700ff47c428dca28e4b70453d,13.0,0.1395,1.179,0.3571,4.0,1,0.4346389945917029
020f606e95dde8a893f2a01a7499505a570a6eace2c90620bd0b7c279b4ffe78,13.0,0.1037,1.2436,0.0494,4.0,0,0.019415670025578667
020f8fcd026ff3ff3fee31d31988d0895ce80ae5e994157ca476c0e58f9b42a9,13.0,0.0922,1.2562,0.0375,4.0,0,0.01784484159809311
020fe01887831309f9f30bc665d4a7b8f1d7fe5b3eed32452224b4293d558132,13.0,0.158,1.0468,0.0557,2.0,0,0.050019113787970235
020fef96c6bd8a42960a2a324e8c6d661914ea72d93a854000f5bb7a59c30229,13.0,0.1501,0.824,0.0299,5.0,0,0.021396053556266455
02101d73b5634c4593bab9f0792972459475454f648a521bdf786345abb95911,13.0,0.1849,0.9139,0.5013,4.0,1,0.49146818504106266
021043f917a3c264e395be53d618f75349c03746a810bbcfdbb2a52b15a8907d,13.0,0.148,0.9772,0.738,5.0,1,0.4428085555917722
02106f3793f745b668a9638ebb29b23a529a396b2e1750db2dfd8aeb4e8ebd49,11.0,0.1373,0.9768,0.0677,1.0,0,0.06621711104156609
0210937312f06429db54cb73466d146f55c4c17f8e4b6bf1db522ff82799af55,13.0,0.2348,1.4834,0.4932,3.0,1,0.6197138528300696
0210cf129eae95d1986939a9820cc08f4bdbbcae693032ed3d19d876057f55ed,13.0,0.187,0.8959,1.1626,5.0,0,0.6217032139145336
0210e61cda75726927d8679041b203342b1fc674bb47d8717797013f0e71022c,13.0,0.1876,0.0,0.0066,0.0,0,0.04091190546658121
0210e885382ce815317cc651db5cb09f1301b7dd7bd28b884d49a5338569c713,13.0,0.1534,1.0196,0.1883,1.0,0,0.3302875315462912
0210f015f26e772bf904d4051f25b6064a9c64b874022c5657008facfe1b7d28,13.0,0.0,1.0,0.006,0.0,0,0.020263886945132575
02110edf686ed6a65c96f4eb8c14a400aea03c3b55ecf77232a356857503505b,13.0,0.3119,0.5957,0.0261,2.0,0,0.06390605764495377
0211269978f33c52e8941c3e0d5d4b9bfce36d62dac68bb78f0e4398b6793651,13.0,0.2753,0.0,1.3197,8.0,1,0.7480136343916503
02112cea1b8d25c5715dd4c2e779fa9e197cb9c1d55e3f72885b3b20ed1d6a26,13.0,0.119,1.0821,0.0389,1.0,0,0.041130703952849366
0211595a9fce2265edf0e1fa6501294bcf83087bf94c9de9c61bd986f9b397b4,3.0,0.1763,0.9756,0.1024,1.0,0,0.1947348093558209
02116b175cd53f37f6ba8998df07b1b7eec4e5c0ce96ae054aa8349c83618149,13.0,0.1309,0.5912,0.0585,8.0,0,0.05495442988757866
021179c31e387c7bce982052b225b4b3c0ab142d42126adba951af0d8befc779,13.0,0.1193,2.1039,0.0348,11.0,0,0.03832737499439213
02118c171d822a396648fc015a41bcc6e139909dd62f1172b2cdaf9f90cdbe55,13.0,0.0,1.0,0.007,0.0,0,0.022280945636023855
02119a060584e69f135cb07b98221ff1686383edd159da9c0e8348d11a03cbd5,13.0,0.2457,1.4028,0.3908,4.0,0,0.6153446145966704
0211fff4829fddad8e6478d0dae1befed0e84659ee54771d65d05fa7d971d45b,12.0,0.1051,1.4566,0.1232,3.0,0,0.16491009941922477
021221fdb129943cac066c8808863471181f48a84173fe662547f84ae41cfd1b,13.0,0.0761,0.0,0.1899,5.0,0,0.15618421582497954
0212266b038604ea31690392e554edc8480ae25e1be97c3dd36ebcb174995f34,13.0,0.1711,1.3139,1.2131,3.0,1,0.599623983375558
0212271acb6c3d62193b1c3980d80071f8ed1b47766040437593cf108e1703a6,13.0,0.285,0.7453,0.8131,8.0,1,0.6627139400351071
02122d0c06ad59b280c5460b7e5f522780440dfd602b6f953412123dde4b9b62,10.0,0.1154,0.0,0.0738,1.0,0,0.05477994398050224
021246e966b3e12d29b02806dc376f0739129894f0d40df3d0341e14e5614751,12.0,0.3152,0.7752,2.1325,4.0,1,0.8497364037850552
021277ca8f49cf98b0e5385a4df9471adc961480e9d4c6e869c3efed3cb7b7a2,8.0,0.2076,0.0,0.0375,1.0,0,0.041130025017851166
02128950fcc5a8d24ba1a88076d9fb788ade346d700c03174b80eff328ed2ef7,13.0,0.1293,0.9208,0.0229,4.0,0,0.01719189277498593
0212e761181242e4a55246b2e8a26388db0d8355cb49ef70d4d00979b951c01d,4.0,0.7709,1.2034,0.3431,3.0,1,0.7587332326392431
0212fc083662b4af37f1199fc3c0351812f9f8c419651d9ce3ea414e79235548,4.0,0.0,1.0,0.0071,0.0,0,0.022280945636023855
02133b566d93e3c66d15bce742c1191573ee085945131cca61a9587784a2829c,13.0,0.1544,0.8416,0.0738,1.0,0,0.08545749481740643
02135d66c342c1b40c7ed5670ea9ea0725b07a265bf4e7e52a01bc41fd177c21,13.0,0.0,1.0,0.351,4.0,0,0.28663505961398217
0213813bfa822eff3a334fb54fdd7c11097542f3624052172b9e3689b4de0b75,13.0,0.1598,0.6676,0.0475,10.0,0,0.025793327493017854
0213bf3e1b107569d113dd8619600c8d99834d219ce0835d682daec6d9950292,13.0,0.6784,1.8509,1.3865,7.0,1,0.8203156278703626
0213f4c5c62cecefc474221dc8cc0ea582087cfa76fb9a30e12d9e203d36d3ef,13.0,0.1417,1.0829,0.7941,4.0,1,0.488118445486459
0213f55f92d93649644bfab2440fd58babf9a1a58d6efcf19e89dea6aea1b0ad,13.0,0.0725,1.2454,0.0377,2.0,0,0.022249147897168545
0213fb85697034be32a831016819f4333adca880be023d0dbbb31619ee635248,3.0,0.1898,0.9305,0.0213,0.0,0,0.06826159965049743
0213fd907acda5b9501fa625419e2dca724637109ab79a82eb48f7427984fb97,13.0,0.0623,2.8004,0.0047,0.0,0,0.04665736689303704
021407e910d04dad08dbd09a01e418bc961b9b34904d1abb2e0cc7529b3ecb67,13.0,0.2828,0.6019,0.9114,4.0,1,0.664499108312619
021414dffdbaeed99c1decc6121f488774f028168c432721d64eb3c59284ffd2,13.0,0.5159,0.9494,0.0134,2.0,0,0.05393259458982661
02141a0b8bfe302434291418d982723fa4271e0c0ab41522012128642eddfc7c,13.0,0.0475,1.1012,0.1194,4.0,0,0.12383097043729942
021431099ce9552f4fa6ce9c2a673d10b135a2c88bc6e94151f82a3c95e11741,13.0,0.0,1.0,0.0058,0.0,0,0.01978947117409603
02147c64dbdded92ba9567f50b98ac4274a80b7b4235da232d9291b2fa768ce8,13.0,0.126,1.0847,0.0682,4.0,0,0.051592133081756836
0214acbc90f42a41bbfde7581feaeba018e9bc98791b5597d8cca3a70d44cdab,13.0,0.0926,0.0951,0.0826,4.0,0,0.06082977333771507
0214e52701b7706322ad45b1fc2e9c2648d087e90fae0bdb2b12675dee0c54d8,13.0,0.1552,1.0002,0.0409,13.0,0,0.02808396843937947
0214e981ea77ebbc06f0bd07b2cae27c55a67a2c9857f71a8911ba0b86de93ce,13.0,0.0735,0.0,0.0131,0.0,0,0.04782469028294885
0214edbfa340085cad8ad923009eba4115cd1faf6a92be294aec2c1de0d4c40b,13.0,0.1232,0.8054,0.008,0.0,0,0.03166331871359636
021503db1dd0f2ea76828f402874e6fbffa657f46f0b0086ea83c184de429d08,13.0,0.1243,1.4483,1.0643,11.0,1,0.6631711190546755
0215047d8454e837664df270c2c86adce9979264635ac2edb47f7d04c2c932e0,13.0,0.1651,0.9956,0.0361,4.0,0,0.023180085897625193
0215260ea0ec65f4ffc185d468372a9a4286d036df69882610a24d2e87276823,13.0,0.2568,1.1514,0.0114,2.0,0,0.03859929938682133
02152d3d53d741f7ac8428c583ebc4e1754437b32774c75dab8af7c950f6f855,13.0,0.1507,1.1707,0.0612,4.0,0,0.08193795718821947
021540d4cb475ac6933468d0bc6398f4f821c89df6d2db6dcd1b64dd23ea5fa4,13.0,0.0,1.0,0.0051,0.0,0,0.019980332496187008
0215918419ae8a0df6c3b7b6e651e5a40761ea9cd0063e22530fe8ae6cc50857,13.0,0.326,1.0378,1.0596,9.0,1,0.671281700907566
02159d652ce074a85c1ef750996333dc39e70da23993dc6486ad46e994c68856,13.0,0.4191,0.8738,0.3755,5.0,1,0.6925724834377622
0215a29d0668a6f818c6290abf402cef727ab3ca052dc272631e64d0e7487b61,7.0,0.146,1.2412,0.2683,0.0,0,0.3358125445210328
0215df31e990eff3931576e5ec59dabface32f6a6c566144f8f10b8b1033de0b,13.0,0.2197,1.3198,0.0153,2.0,0,0.03580574101410823
0215f477469deba07b1fe0f6a744a3aef9d67a3c1e4339e47859fff8fdeb0078,13.0,0.1295,1.3956,0.2945,8.0,0,0.3441304492651224
0216684b0b1faf80959e5c9c8e14c80e2b10eb851b573bb862a166d4065be192,13.0,0.0,1.0,0.0051,0.0,0,0.019980332496187008
0216684cd147e648bfc8e21cc910fea395780fbc113ebbad2bb97f4a5671c16f,13.0,0.3624,1.0478,0.0168,1.0,0,0.054212388816005985
02168871078f20c21b9129a250e67a0742d93fefdd1c6f6a27c3b32745ccadd3,13.0,0.7357,0.744,0.4277,4.0,1,0.7284246657334843
0216917b7d3146c02bbe60a16687e3e3c640f56ae0057076a029e41615604323,13.0,0.1468,1.0895,0.0354,2.0,0,0.02773351726725229
021709ff668fb9b7e20e0288d2ad49a7cfa19290baadaa8ad29c97cd89c7a9a7,12.0,0.3231,0.8865,0.1858,1.0,0,0.5233932253864875
02172e00c6397d7bec5cc4643c5cd46e6ec98c1f70c479063c0ce9511cb1d674,13.0,0.2455,1.6003,9.1994,13.0,1,0.8418372552210933
021738431d8945b0ac5412a49216b3e76a3ec04a7843cf0ff13b2b52b6b9ab4e,13.0,0.1289,0.9454,0.0946,2.0,0,0.07176043791687722
021755f53ff8b5cc9f173203a906efacfba829acec79a2706ecb3db7d8239ce1,4.0,0.1967,1.3272,0.074,2.0,0,0.15985513650850086
021795c874e735d2b3ee8b2558aa1f9e4d88e716a545c978fb867d50ab7d5b09,13.0,0.1919,1.1249,0.1894,3.0,1,0.5065233261190492
02179762fb049ecbe4885f4cba86506fd09eac267df61dd9f5c7170bf3aea996,6.0,0.3108,1.3107,0.0148,1.0,0,0.08935170242536974
0217a53654f189ea9596241bbd5d0e2543684d929f549196b36b055d9dec6d3f,13.0,0.0,1.0,0.0062,1.0,0,0.023703382106237746
0217f57eb2d7f9999ac560d021d6663be5719cf0214f9202d858abb2b251dcaa,6.0,0.1672,1.2865,0.0778,3.0,0,0.16512857938545
02180bd50e0d0ae960aa192635e0df77060710565a183343b28f53560dfd3121,13.0,0.0982,0.0,0.0044,0.0,0,0.016660711694194367
02182168f957f259cb56f02a730ad9926c6cb10cfddfd217cf64865d201ee466,13.0,0.1845,1.1164,0.2766,4.0,1,0.5003273438103365
02182c092a52bbe8b58807903ed57d30e8a5de4fd5deeef05eadfab9023585ce,13.0,-0.0086,1.0,0.0846,5.0,0,0.1260092339243692
021870d90838f31e35fb1160a870d84cd0cccf0c2c4279a0e1935d51f2e0b4dc,13.0,0.0679,2.4584,0.0479,2.0,0,0.06376354181149192
021888a9d42ef30858398acb0c0589cb6afbac0572d20c0c3abdbe74c7342548,2.0,0.1846,0.9632,1.2408,1.0,1,0.6213107031420511
0218914808eccc41fd86109cc90d698f038d7666ce6a90ad91cf40dc19731f60,13.0,0.4126,2.8195,0.7993,9.0,1,0.7720731435360019
02189a6a064e54753db493ceb18c52ec1f5b06eef7e84313f7ae2b847d5be53a,13.0,0.2456,1.7649,0.7917,3.0,0,0.6341835622497374
0218aa1f57ece13277be8ea8f8e28b9a67bb33924df6db9023b8461708032e0b,13.0,0.1327,1.0186,0.9513,2.0,0,0.3936564469074339
0218c1fd7bfdbd4170810aa54976307191701f470804a219bee1df7ca23feeee,13.0,0.2218,0.8042,1.2237,8.0,1,0.6305365625904242
0218cab87b1d78b2e97e3194a4dada2da8d059a4f6d5177cda5c6672af64aed9,13.0,0.0153,1.1682,0.0323,6.0,0,0.020726922637128428
0218cb543f6f814be9185ef597760f14fc8cea4fc6a44fe8f7e3e7d80ff5121f,13.0,0.0,1.0,0.0107,0.0,0,0.07688026147883344
021904f285a1fa4e18fcd700b9f97c0c91b9d53eb3c0b3e3d00211fbfc4c0e7c,13.0,0.2693,0.6037,0.2918,4.0,0,0.5906082975510963
021913c6921f5fcd2933791b317b9779d25f852f06426e075b068262bbdf831d,13.0,0.1102,1.2427,0.0392,8.0,0,0.019687783355281832
02191c1e6906918d93d37f27345261a0e12dd4371e6e11ca9d56ff63a7871624,13.0,0.1566,0.7381,0.0369,1.0,0,0.02425159918526148
02194064e3bc86acadb31eabfae9389753977eb2353a6117b9b697dc2571c2d3,13.0,0.1654,0.9156,0.1882,3.0,0,0.34455078733889816
021959803b8c615c05b1c604cc5fad7485367263e037967a048653b9b364d80d,13.0,0.1853,0.5414,0.0256,4.0,0,0.03937280415933698
021981441d0fe27e62c1dde29d5634234a79e8d543a87fb1c81328ba87fd0047,13.0,0.1383,0.9992,0.0463,6.0,0,0.01959321191204759
0219b3bd9d573c4425fdfbd22353c61651c64850490d9c72b12b80c57c801a66,13.0,0.0461,1.382,0.0311,4.0,0,0.01944216323306485
0219d03f398705b745ae748e702433478ddbe6b05f364256fdd46d65f763a9bc,13.0,0.2044,0.9248,0.0229,1.0,0,0.035323050300844976
0219e7adaa371b1efcf3d7da2232dbc40e01e7d3eee85853ebf846167c95c75b,13.0,0.1859,1.1039,0.0279,2.0,0,0.03860035875621578
021a72e1fd4ec50eb2bda79d4fef9cdd59f2c278a540b6537d748df3d3d0afaa,2.0,0.0894,2.0,0.182,1.0,1,0.4334878470014251
021a75eaa17bb76909601eb552c443ae76730551b9fa73d5296f4833ee61bf29,13.0,0.2108,1.5298,0.0445,3.0,0,0.05491345382560538
021a939a4046eee19dd0a34547f5728e44099e6d0d1d1df3b40f96793fc92c91,13.0,0.0,1.0,0.01,0.0,0,0.07447578192254842
021aa22dd8cd6f21c8c1334c1fb60106160d7052457438b29bb150e3af547dad,13.0,0.1091,1.3461,0.0543,5.0,0,0.026795047955244674
021ab217df4a6b506c16679001c99e0f8f45b08d71e0c912bc2fda54febc40b1,13.0,0.0,1.0,0.0077,0.0,0,0.022280945636023855
021b025874b6a786abbb776c80a31c2842a340d9eb1a15ec2cef531c3597b667,13.0,0.6094,1.3325,4.4215,4.0,1,0.915353670236046
021b06e85f628076239f13a8d4df9e69bb2fabaf39b10a4422cebfb2c83edd96,13.0,0.1555,1.1465,0.615,5.0,1,0.5166146699534628
021b0e02b37e981765f83d2a00fcb16d4e5c74d6ebc9394ea08d3114d413370d,13.0,0.113,0.8087,0.0626,4.0,0,0.04490152584722631
021b38f0e8eb8f6ce0264fa3c3140ff0127c081dc5555d6f4cd590114fcd24ce,12.0,0.1677,1.0468,0.0607,3.0,0,0.08452055123336255
021b5841b6251ff76d9edb8ac97e44c265b065ea1bd662f97fdd08754893bcbd,13.0,0.0418,0.3401,0.0451,5.0,0,0.01904764344155971
021b955c2943ba3e7471600748d8ae8caa5090808b3fba31b80417912d4a3552,4.0,0.116,0.9987,0.0384,1.0,0,0.02514377619917195
021bcb9dea14961b568942eb7638619dcb78a4a186f604a69c21ccb1b2284704,13.0,0.0,1.0,0.0054,1.0,0,0.0232289663352012
021bd239a8301ff48ac73ff246e60f1badb1236636331d9b3da71f281aef632a,13.0,0.0994,1.0253,0.0596,10.0,0,0.048202107628602435
021c263e097d1f8699db48607f4c37a30c1ef1d00d536838cd9a0ee578295562,13.0,0.1407,0.7738,0.2353,4.0,1,0.3300745383298986
021c4058eaaa49647115a24ff1094bb4da42943998c87786426fa9866ca31e1d,13.0,0.2544,0.6631,0.0532,3.0,0,0.07875242270054655
021c51ebd0c818f8ef0de96b06d59de26a19a983c9868f0caea10264965b5779,13.0,0.1493,0.7274,0.0343,1.0,0,0.024629526520149318
021c9b920fc1e137bd8485612742d9ba6d052eace032d54a433c31a136a8d78b,13.0,0.3238,1.0364,0.2865,3.0,1,0.6544620853909199
021cdda2df6e14ba88f435e56b9f4ea842b6bd3c5f00db1a0a0c37eb569d114b,13.0,0.1463,1.011,2.4346,4.0,1,0.762414465892566
021ce8932e4f9de7786f006366c8b726e566a147f452e677c5d24720768e19aa,13.0,0.0,1.0,0.0055,0.0,0,0.01978947117409603
021cf0c6c948e36869cca81aab5b91c06e28315452ec3f97d5efd0a395ff4916,13.0,0.6238,1.0661,0.0839,0.0,1,0.48350233605928333
021d065fb39ac38507cac2580e53ed05b9a5f48b5c1704437c07ba453c449abb,13.0,0.1501,0.0,0.0237,1.0,0,0.024090336975982035
021d3658784d46df12a82c91aed76cc3ab22ae1f93569d7b89a6f5063b1a5e06,13.0,0.1483,0.9482,0.0148,2.0,0,0.024664944146816983
021d3a3a0175df6fdf49a967908c51bf0f0d915115259cc5f349bc0b4203b24c,13.0,0.1151,0.0,0.4112,11.0,0,0.2309155916471296
021d5b74abbce4b18bdfa2f941a76fd1b9c4feeb1553df275c3d06281972e76c,12.0,0.1299,0.0,0.0053,1.0,0,0.014716844265420454
021da0faa9f6e7f19f99a17eec73d8444b4b3477dfc4f8c43b2ba26170a365e4,13.0,0.0339,0.2923,0.0384,6.0,0,0.019563952205463045
021dae08d543986531cda094bdbe501409bf6e922074b9653349e3d36fee2f28,13.0,0.0,1.0,0.006,0.0,0,0.020263886945132575
021dc9015adde1e8cbe1ec98ff9ad0f7709cfa53d1da5e0c70ccaf78b5d126bd,13.0,0.4258,0.7734,0.5477,5.0,1,0.701288955326484
021df878522d2156e229cb6e405a32de78ca62fd8c787943d06be32d3bee28aa,13.0,0.0861,1.1186,0.0275,7.0,0,0.021285139139713943
021e0b3d30d6feacda50d6ed7b022ca9bde6858c6f3bf1023602453eba1b54ff,13.0,1.2244,0.8489,0.0392,6.0,0,0.2511082609486717
021e185d14e7f9b8765bc36fa4b6cbf71783fdf3ae06ce129b9095ffdf214a96,13.0,0.1234,0.9812,0.0565,1.0,0,0.06100021164538573
021e3ff1aa330481dd496b52f5cb9647b7ca553f9188cf9a9f3b8b59d5cd3d1c,13.0,0.1419,1.8891,0.1396,6.0,1,0.4067306959983249
021e6951d8791340917072ee2ca481de1aadf995f6d8ffec3d91042389f023fe,3.0,0.3077,0.986,0.1769,3.0,1,0.6254668596391302
021e743fbb286bea3fd62ba1f6464e5839f96e6843d2d70d4170ca5b8937a298,13.0,0.4506,0.3546,0.0156,2.0,0,0.05743929361208314
021ebf447c82acc9cb62caa71b23adb2905a562450e2f5ab176ec20185e60a09,13.0,0.1556,1.0536,0.0081,1.0,0,0.02200774619768011
021eefb771814b803768787493258257622c6447dc83e772fd961900dc37bb67,13.0,0.1577,0.9327,0.316,4.0,0,0.3843064880363092
021ef8e1e05ca4316f189cd09cfad5672c492d937482a601c58b6f213a0aefbb,6.0,0.1868,0.9758,0.0555,0.0,0,0.16768780057066507
021f01c4884768fbd79c58735235f37d6f061a9dfe540057fcc42ee2eb08eef9,13.0,0.1339,0.8468,0.0166,1.0,0,0.022076350174491916
021f037fdad3134bccd047331a0c1c4ef4b12d869bcae68787ee0ff377dddadc,13.0,0.1048,0.0,0.1476,5.0,0,0.11627394858889191
021f0eb71d09ffe0aa71e5989dbfa0ea5d05a1978c3d971f477b3a4107c5da28,13.0,0.1272,1.2213,0.0733,2.0,0,0.060164416373318375
021f6c936c899e32ed3515b514bfb513092f91b983e85a5b08a1434c5737cf7f,13.0,0.1344,1.013,0.0123,1.0,0,0.026425018648256426
021f884451d622c3097b77b9d8c7f7b170876c787cb440499e5943b2de7a29e6,13.0,0.0822,0.6578,0.0523,6.0,0,0.020253744829327215
021f91e8d7229a55d3c960356528944c42a4552685d8b6a38333c244cae077c9,13.0,0.3795,1.0378,1.0024,6.0,1,0.7060984782176141
021fb11de98d17bbe6efddb704e6dde147fc8e25d094896e7de49db483c9fb8d,1.0,0.0,1.0,0.0003,0.0,0,0.021051628307654998
021fb34e26134149c84348298ce40f5670279313029f50d99e364d13e75d180f,13.0,0.0,1.0,0.0071,0.0,0,0.022280945636023855
021fc10dfa96c39c7aa46e6beb128bdd3f528547747684e5df27017075f3ca27,13.0,0.0,1.0,0.0054,0.0,0,0.01978947117409603
021fd4f5da47e3c0b8428b8968e6610cecf824226e00282f67e390ddd8388b61,13.0,0.091,1.7969,0.2243,4.0,0,0.3529052977079031
02201ea4d2bdc85a82affb9f89749f0d156f624b2b75a4a25fdc972df840d4d0,13.0,0.1624,0.9668,0.3581,11.0,1,0.41778662297388075
022031d1e50ebc081c691e4d0dd9c6fd1f42caa1caab5a2d1c5bda48e1928ed3,13.0,0.1307,0.8825,0.6816,7.0,1,0.36481469371209235
022079de4cb705d74c5ff2e0e74ebe0eff741194d63e9ab5fc882ba53445c191,6.0,0.1407,1.0085,0.1256,3.0,0,0.21711563275032217
02209e85e26dcba25722e1bcb2e35e0e485b5132ea0d33ebd5e21bb8b3cda321,13.0,0.0,1.0,0.0044,0.0,0,0.019980332496187008
0220b72ec15a12f07edd75ac94e00eb27a7bf28103c974ebf71fa5b0de37d2d5,13.0,0.1502,1.1654,0.0601,2.0,0,0.07465046182906673
0220dca75f838e5954598afd8a9a56f629bdb49b93f61a0808ff9da5c5756564,8.0,0.4227,1.0838,0.1395,6.0,1,0.6422575609431291
0220dee503439b1d68f03b56cc15cdb026a98c6de9ac089fc601d96ff68e3aeb,13.0,0.608,1.6849,0.1687,6.0,1,0.7411166750157757
0220ee64316b1426cd4a2647c9fffe59d0da6c9cb4e1950787a86b481a4e7e25,13.0,0.0,1.0,0.0064,0.0,0,0.020263886945132575
0220ff441ad636c92fa6666b5e8611663f46e457e6c36a3896f304600b0fa9ff,13.0,0.137,1.0507,0.7225,2.0,1,0.37100632876410905
022121b34028882277d824cd83489d2086f5db9edd364b4a6b1762759b61e91b,13.0,0.0714,1.1022,0.0333,2.0,0,0.022249147897168545
02212604e3ad2344cf1471c3d183ca3e2443430db7e16d4bbd76adbc10d869f0,13.0,0.1336,0.8,0.0326,2.0,0,0.01909818110404577
0221fa708d84dd6ac82ec71ea0b1702f195de7889620a6ef75bd7defe216a931,13.0,0.2761,0.5719,0.1787,4.0,0,0.55654724333119
02223f4105b2b628f1924e4da6bebf96ca98fe9ed8c3e2d3affce1c97ee3bcdc,13.0,0.0112,-0.9795,0.0337,5.0,0,0.019788112492535096
022259abc76474f9c4e36a40feb53f0035195314808f16ae1d9c0ece41cc79ff,13.0,0.2411,0.8633,0.5039,4.0,1,0.6064780977291987
022261bf8d39476fcae6e204ae7f4ed983dc2353d5698bd7d7de5334d63022dc,13.0,0.1417,1.1007,0.1058,13.0,0,0.2490211568908907
0222720ae3259774e1f157eda211fec0ceae71b64698904f766c0a24ac5f6b66,13.0,0.1188,1.0104,0.0403,6.0,0,0.020178339740535494
02227c9e91c39fbb27db4afad05ddd8757a1cd244efcb636366466277f24a410,13.0,0.012,0.0,0.0477,0.0,0,0.07060213680716006
0222a3ef476ce0acc0831f437f48a778516df37eadb606d97135d932e5f9b808,13.0,0.3981,0.8977,0.0508,9.0,1,0.27723928728299824
0223242eb98095b627d9269f8f9c1097d129ea69d3b646f880aaabc2f26d13b2,13.0,0.1789,0.9255,0.0534,3.0,0,0.056038005460018275
02232ef516e56e660ebcde73196c3a0cd4cb8ae5784281da86ac9b40c97c1c21,13.0,0.1482,0.888,0.1091,4.0,1,0.2425434893978963
02234853f53932ee2d5f9ee283ccf262e36684ff224645c515fc4d27ba3e4998,7.0,0.1046,0.8421,0.019,3.0,0,0.01780020485152659
0223ae4adf198aba2774ea41faccf6d5112010624e1b0a14540552f6bd63c65f,13.0,0.1741,0.8553,0.3291,4.0,0,0.38451651477355336
02240a3556289729608e48b29f17c76bbc90d95704a8afcf40af1e9e7b77ccde,13.0,0.121,0.8338,0.0211,5.0,0,0.016839785692547012
02243deae914991050135733e74873c7602395c6b3983bfe6dfd3c9c3036d903,13.0,0.1209,0.7707,1.0838,6.0,1,0.5311438349007843
02246b2f5d3dda8278cbc96656e4f6e14d0a9d371a8aab3f7bfc4f6e5834f0c9,13.0,0.0,1.0,0.0056,0.0,0,0.01978947117409603
022481def8795785a3c5c6ce37bf445fc6ed2e0547ba91214108959b24d855eb,13.0,0.0427,0.8015,0.0338,1.0,0,0.024911966345425283
022486960725d4520471d2809ba60c35c6dc21a028691ec9584684a197a15fe8,13.0,0.2268,1.6977,1.4306,7.0,1,0.7486133571755996
0224a9cad002eb366cace096f9d36e96705b54e3aaa7566d960d3eb401e6a5ca,13.0,0.1656,0.0,0.0067,0.0,0,0.04093509270425408
0224c0e724e12f3eb17da7d927591d852caca28a7883a4e26d6ac2e92a735de3,13.0,0.6359,0.8446,1.6383,3.0,1,0.7779143209232593
0224c292b34633c2f9e58f200c0c7e8b27d0697552d3fe7d20cb5d90476db054,13.0,0.2931,1.156,1.1118,1.0,1,0.5873390210733531
0224d46bc42bd4e9063c8a7dbed666dccfb3de5d9207041a634a04e594d055e2,13.0,0.0,1.0,0.0066,0.0,0,0.023516553475718346
0225342c0c71e8cfae05dcdca19d2dfa7c217e1dbd5b4f403a1f165788c6c9aa,13.0,0.7518,0.9181,0.175,5.0,1,0.6834999018818461
02254827470f2d186464118db70de371e6a1dbb19158c359df29a5db4132b97c,13.0,0.081,0.9282,0.0319,0.0,0,0.06268429080386693
022596e49ab3de153d4f82229671892cc74074d5f8c28058004483128f8890fe,13.0,0.0706,-0.3485,0.0354,2.0,0,0.020426026666081832
0225ddef8f07712652afbdcc1554f41406ef495e46184fa26117066ae1a43fcd,13.0,0.4795,1.0795,0.3613,12.0,1,0.7227276539229307
02262a60bd550ed83627c6c936e2f11153d54042cdc29d1a9278f857fea8a4f9,13.0,0.2622,0.8165,0.2555,2.0,1,0.5561439142862263
02262c2576a621a6bb026e88216bd03201495dd958ee6471d44a3cebd922aabc,9.0,0.1052,1.724,1.1232,9.0,1,0.6946577327306224
022650f3b96ebf0d3fc820f14767d271585fa3e4dd758261a199ec3abdae6956,13.0,0.1461,1.1434,0.0094,1.0,0,0.024895386320323256
022653fe2fbd7e45bb1694de946509f662f0d7847bdfbfe6bfb53b31f23eb1d2,12.0,0.594,0.877,0.1439,4.0,1,0.6737291955916657
022654dfc038d80830d88827163f1071aa8b6f1f8faf051193f11fe8039fc85d,13.0,0.0892,0.9151,0.0835,4.0,0,0.06454611220933186
0226577db1916659c58fe8365c174471432c60bfd8abbcd0b0d0cde1d3dcad42,13.0,0.1662,0.6024,0.1178,13.0,0,0.23991381828995412
02268572755264bfbd89981055b4c7abc9f68d209d45249e69f7fa0bad641177,13.0,0.0904,0.8292,0.0301,1.0,0,0.022423904492423805
0226b9a5ebb36b1b17a370a41a60bb81052f658080dc7e18c85bc8c9a9c8b625,13.0,0.7244,1.1399,0.3361,6.0,1,0.7310025903516596
022702a845c6b0412a48f2fc29b5d0a4bbfdb195815b9aa016b060cbb96dc2ed,13.0,0.3099,0.851,0.3251,6.0,1,0.6555139936276287
022763f20890db61a7c0cb776395da083afb633ac1093fa6226420c9d1628e75,10.0,0.0,1.0,0.0127,3.0,0,0.034318058797687415
0227a9362de3cdccb0f8f409686a1f98280077ebcddcdba8a1ee79c8d5d9b2c5,13.0,0.0728,1.0237,0.0517,4.0,0,0.02210051158702229
0227c0ace8e516013ab26a10ec16de1cc878c0b98ec5ac0199b4243027bd7498,13.0,0.0595,0.8338,0.0335,9.0,0,0.020773914578888674
0227d91a6c4d37bf8b21a87ed8f9e5d8c188d4d978236d4918092dd6fd3a0486,12.0,0.3128,0.7079,0.3182,8.0,0,0.6578028973372453
02280485050f83c0a49d8cc09f3b43f11eeaa78463823dab5710d7bb3baf5963,13.0,0.5891,1.1921,0.9773,5.0,1,0.7767435618460952
02280723f654f5df96bf10fdd1aa7d804143f75fa8c740324c8b4defab044365,10.0,0.3558,0.5149,0.1184,2.0,1,0.4288256452364155
02280abd33feba2e78fafcba25d66d04b97e64971eab6b978e1284dd2460fe96,13.0,0.1842,0.8392,0.2204,2.0,0,0.4076410474270586
02284cbb276a3fe83e2805707903391bf4c59bd1ae011eee0cd94be7019e2168,13.0,0.2591,0.6553,0.2611,4.0,0,0.5723957073387702
022856a50fc7dfabafbf2b4c20ae96ab667fed7231ccf837aede1b5e57609605,13.0,0.0,1.0,0.0053,0.0,0,0.01978947117409603
02289981b95ba2a7f13dee70c4144d56e88525b8d753ab9196fb0ea2bb936d4d,13.0,0.1479,1.0579,0.0124,4.0,0,0.022617859529628442
0228df1ac5fed4b3896625c8c5612b94a6e65d279f9e9a836b6aae4f04fd35f2,13.0,0.287,1.3604,2.4818,2.0,1,0.8402825549447127
0228ebac23ae783ad92ebc0bdd5513774dd9e8202568c566bf00361e92810b4b,13.0,0.2076,0.6318,0.0294,2.0,0,0.028808350649147697
0228f29c4ca778d2dfd552f43a56166e5a495898e222e0f1bd2d021f0da6334e,12.0,0.0929,0.0,0.0242,2.0,0,0.019764987760531552
02291bbe16d18de8f2947803e85128b27814e66fc85a92a6bac65a9c7d2b5190,13.0,0.0871,0.9398,0.1798,7.0,1,0.21333230483066945
02295e754cd1c383670822a25d07aed009adce8ba06e1b51d30d9ff8a7d4031d,13.0,0.2279,0.6942,5.1233,13.0,1,0.8525851012344716
0229e5220d3b26a7ad0a1251516df743e4e220557a6e8b70dd1f2d577c89745a,13.0,0.0,1.0,0.0069,0.0,0,0.022280945636023855
0229ecb6a6eb8a724637bd7d8b988d06562f2441f5112e9290e628fd104985ee,13.0,0.2994,3.0636,1.8893,1.0,1,0.792620440945404
0229fb2570753c148f5c77d58ca0a5bb482280d282a6703b994fe2fe44319bda,13.0,0.0,1.0,0.0046,1.0,0,0.02337474926007963
022a1b02a610164d3b73eab518bf02abf42dde0d971d714ff3623ed4b5f146f8,13.0,0.0805,0.3938,0.0323,13.0,0,0.024953980311320616
022a3fe80b82c0f3201705456aeacb0ec3866b824499e66e19f5c23912c60e27,13.0,0.108,1.1577,0.0178,2.0,0,0.02200176179451158
022a4122a46c1b3f30148b156a6af1b54e9ee957fb95513ddebc60ce9a2aba1a,7.0,0.1457,1.1084,0.0127,5.0,1,0.020628587790007535
022a6c634acf74f1d9c4c6911e0dca07026cf9fa98903148142b83a3a13abde2,13.0,0.3406,0.8901,0.1183,6.0,0,0.44745772854704186
022a7b45664e27b74bcc2f7b64edbbe7032358533665650b6d5c12a601983e46,13.0,0.1407,1.3587,0.0645,8.0,0,0.08165401080355945
022aac5907f0816fdd77608b5cc3b10c3574107a28b9a0aacccb7df6e9b19549,13.0,0.2346,0.7286,0.1071,10.0,1,0.4007277495072035
022acb691533c734180469d103797cb540e9332563cad09a067002936dae0235,13.0,0.0805,0.0,0.0123,0.0,0,0.04782469028294885
022af72400214cf812047a58786b37dad9d1d90a4eb6653ecf30a10e98fa5d8b,4.0,0.7703,1.1636,0.0916,1.0,0,0.4367145017171459
022b1467133cfee72f801bd5991f5e50f369444fa0b929091290ea95cc843fa8,13.0,0.2902,1.2042,0.0344,2.0,0,0.07452400645350615
022b34c96a8fe1c47b4f4b5dc038d7a301515effa44b3ac3a24ec2cac79902ba,9.0,0.1453,0.0,0.0201,1.0,0,0.023918632632573354
022b444b73a0da105871c03f160381cec120386c80cae43759d0add245c1169d,13.0,0.096,0.5271,0.0425,5.0,0,0.016706698264658502
022b6a3ec1889c29cbe57c270fb2f51f9e9a7350e368bdda07cef4cc3644d8bb,13.0,0.0257,0.0,0.0073,0.0,0,0.01720718258340019
022b7210689afb48b440ba1abe5a4a2021c672d24ad63a4294ba53efe635774e,13.0,0.0385,-1.2509,0.027,2.0,0,0.025346410143564934
022b97df886c75de2ac9a164450f02c9918539752e9930ab4ee14627364593c5,13.0,0.1978,1.4614,0.0082,1.0,0,0.04134633670848756
022bc059850c2e68ac1a5a5963bd70de730fc4804308c32a4700fa011265db00,13.0,0.1353,0.7916,0.0109,1.0,0,0.023073131206417106
022c4192a191007ed75c4684aaca25cf2749fe292a5211e789d4912d9b09db1f,13.0,0.6252,0.8112,0.2622,2.0,1,0.6419566802039581
022c455fc5bd7e92f755943f4816de0a2670bc42955bee09f120f23e0ca72612,13.0,0.1069,0.6129,0.0443,5.0,0,0.01704126755955299
022c65f627f6a95b9d874d486c4b36e2f641410fe084569c3aac3e8ea1d2a20f,13.0,0.0,1.0,0.0057,0.0,0,0.01978947117409603
022cc2fc22fac06800186681ebcba381961a390f6f11a279fc42737d1b48004b,13.0,0.1892,0.8878,0.2606,2.0,0,0.47392026719206337
022ddee41a13ffeafd9beb34e16c27a4c464278885a1da0553d5cce7d4ce44ed,13.0,0.1533,1.1433,0.7175,3.0,0,0.4712825419678052
022df1fd759ea86efa3baf1e7c7bfbdb842ce6b3f4e88003347c4980f496eb4d,2.0,0.2392,1.2847,0.1223,0.0,0,0.32961164612303434
022e0d0230b2679b82cac28e80068ac0f4b3b3779fefc638ebbd80a2c82cb741,1.0,0.0,1.0,1.7885,1.0,1,0.7120403449549536
022e1eead4d935a13ff33eabd37152ae30af7bb2a975bb65e3d3aa8e88418370,13.0,0.1618,1.0637,0.0399,1.0,0,0.032612270436881634
022e5b3504ba3213eba1749b9d849ba530f1420f9455d711e91a500c7ab3de14,13.0,0.103,0.8884,0.0303,3.0,0,0.017985503337314065
022e88e0bb3d25137a8b82b0896c648e1edcaece28178c68e887451ed8852621,9.0,0.3516,0.9145,0.0959,2.0,0,0.4189417253149332
022e8d2990e36950e3dfd25a419764b8eba38c2ab01d26bf45bd64febc0d09e5,13.0,0.2759,1.6493,0.0836,10.0,0,0.26662589355365335
022ea6c9f765255b98702de06efc0992c4b39bbf14e8d94926bcf810182d08b8,13.0,0.1552,1.0242,0.0365,4.0,0,0.022581295963712566
022ebf2bbf0bb5f3f341ddcce7c93de02d9d828dff3e0a4d14030b0f66529bb5,8.0,0.1977,1.7114,0.1605,2.0,1,0.5737330312691228
022ec0d9ab9bef5fd089b679c333f29afbe58db9673f73db46409dc7097b93e6,13.0,0.224,0.5723,0.4152,6.0,1,0.5809740632718502
022f20c4e4e860f5797053bced3763e9c4712d95af96f9d69c40c8ead844ae64,13.0,0.2555,0.7586,0.042,7.0,0,0.07080513478053765
022f852ccb94d1035f31a50c7b0bae9b2c54cdbe39915181e011ea2ea746fe5a,13.0,0.0968,0.9539,0.0281,2.0,0,0.021717378272604913
022fc844bfb28301c4ea03b2e2ac8036f66265a019e2ce030dba41a1d658898f,13.0,0.434,0.0,3.6394,11.0,1,0.8660444085736139
022ff2727aa21e49e1113d4fcadea4595aeaddbcf4eda816e5e1d244cdee6e42,13.0,0.1862,0.8857,0.0694,2.0,0,0.1236272148577785
0230065d145d2ccfd311935f10e75ed7c5662424044603f81dc3c80fb730da0c,13.0,0.0,1.0,0.0134,0.0,0,0.07704350507592042
0230e7827793bc62d0d30a5a472e4b12ddaee38952090360164c760a523daa12,13.0,0.1214,0.3698,0.0539,5.0,0,0.027828651377914248
023101d7305f8f2bf47a1812e17b64e1f1e7da8dae7041ba8ac65bcdb50cc9fb,5.0,0.1829,0.9681,0.2552,3.0,0,0.4349603135102864
02311df0d24871e9446cd8e5a0e02afe82e4981e5a0aad0e28a0776038ef1a9f,13.0,0.216,1.7738,0.1221,1.0,1,0.4818078241608427
0231306dc074242c5ae6712c87bfe6a4a4c3fd3261d91b67b019c0048fdfe924,13.0,0.1218,0.9743,0.3588,3.0,0,0.25809841804749495
02316260ad17d0946c85cb886ec6225c50ecebe1f7d605290713343ec1ab11f2,13.0,0.1896,0.9355,1.3282,5.0,0,0.6260827353775134
02316f8103545d456a7845b8f77af2d968b7b0d42b78a7e675e6a478d56be5d4,13.0,0.1021,1.2699,0.0942,3.0,0,0.07527715647031606
023190c120cb074130605bef32d5afe949aa0dbc169725c0999394a7ff3b432a,13.0,0.1563,0.9852,0.0281,4.0,0,0.02103376195370175
0231a3143eb0901c6558c56872872f4c8fb0257a388f1b00fd51c2fd12a50e8c,13.0,0.315,1.3561,0.0567,13.0,1,0.3869904474110891
0231c23902d94ebca55e075cea0602182cf5871b93ddf2cc217145e8b3be94b4,13.0,0.1878,0.0,0.4381,9.0,0,0.4656842768203988
0231c2467f8ee4691b22b27ab58948afaf9259a4730ea1fa5c0d5885edc7459d,13.0,0.3679,1.412,1.7496,7.0,1,0.8406747533527665
0231e0ecac797ce6e62fb4f5c01ce446fa4a5994a71225c0412249c2b937311b,13.0,0.0,1.0,0.0081,0.0,0,0.037720949013385574
0231e47048b298b8ddd6cdb6a1cd00ad0665795ecad0bf86fdd53e9c05e0f54b,12.0,0.2117,1.4881,0.1018,10.0,0,0.36891043141804103
0232351f44111cbfd694313674aac366299cfe233f36e7b8af75693ad97174b4,8.0,0.3652,1.0189,0.1777,2.0,1,0.579853683725049
02325158309e4bf33a0bcd8b97172f0ca50d05dacec8aa8cf5f7d43ce9da9c8e,13.0,0.1417,0.8961,1.4907,3.0,0,0.6254941539290875
023266e7ab1548828f65b10f2641ada17549fe130ab4e46832868a412ae4b504,13.0,0.0,1.0,0.0066,1.0,0,0.027828252184556777
0232781768ef1e92b66290013078fec52cc8743649ce46c463322c3c747b9cc5,13.0,0.1474,0.8688,0.0075,1.0,0,0.017764108496787553
02330b6c8e1730a6caaee74a7c9f691a1cca55851c92afb379ef5fcd8b8114d8,13.0,0.0,1.0,0.0159,0.0,0,0.07704350507592042
0233102ad4fef1060309e3d96d5261b27b939c9c1a35ba5e71ae2741ba4a4081,13.0,0.0851,1.1127,0.0415,6.0,0,0.019301356285012478
02332293e7fae60d54f4e3197bfcdba4cac50de0125b057756f39e8607b33297,3.0,0.4396,1.3054,0.1619,0.0,1,0.5769424708369246
023350cd69406b175d938eac8ee562ec75fbb228d7a99b02b0feee600517164e,13.0,0.5058,1.313,0.731,2.0,1,0.7629684557938359
023391b42c173d4eddf717ffd4427837cc2969dc6edca668e3e8a5a8601ed1f8,13.0,0.0,1.0,0.0063,0.0,0,0.020263886945132575
0233a868037ba786219cb0ea36b762c7c6220e601c035200deb46b18132eb07a,13.0,0.2013,0.8108,0.5556,3.0,1,0.5413238515255835
0233a93334ced701195d0584e87d8be9cfaa23784b971a2a111deeef30d05aff,13.0,0.1446,1.1338,0.2882,3.0,0,0.39857519061919483
0233d94248ba3c3300ca098ec6be8981edc1c5fd1f11bd9aa88f328e983fbe0c,13.0,0.1057,1.5928,0.0061,1.0,0,0.02060906861756419
0233fb40320f07a473b76a79c52f325f6fd3504df36ae498ae5e71df1ae84949,4.0,0.3102,1.4907,0.1379,3.0,0,0.6489788481096959
023407cfb378868147818f7fa905312a75425ad9e700562ba108e50809432734,13.0,0.2961,0.1125,0.1352,6.0,0,0.5806108608378155
02340aa25210e4cc99b59ce5574e403507f01f8e78aac6561aa4c5171764c579,13.0,0.1925,0.9059,0.1124,7.0,0,0.31375812633846445
0234373e43b2d629ad6532b5d8620acba3a28559131e26bd19b25293396aa136,13.0,0.0822,0.0,1.8953,6.0,1,0.686020274542951
0234635075e9f04fefc19b5978c6118cc08ca07d5cdfbbb313a1983ef81ff95d,3.0,0.1615,0.9971,0.0294,1.0,0,0.024872725823201304
023469a3112f60a7b7b94ded861d7a20622f0c5d817452388361e100367ca179,13.0,0.0,1.0,0.0066,0.0,0,0.023516553475718346
0234738553a0bc4f6ce83d3b53e9ba6931b93b6bfac67c590b2b1d576df12ce7,13.0,0.2663,0.6722,0.0339,4.0,1,0.06779123874372708
02347d38841ef00aa6d7e32f491fc7cc5186dbd220b1faecf8501a50ffbc6db7,13.0,0.2061,1.0971,0.0534,1.0,0,0.08336902867811985
02349dbe125da70a1dd67885144aa652df52e56530660555861f9582786add02,13.0,0.1744,0.9939,1.0107,3.0,0,0.48948492797351856
0234ba76547997b9a16d6c5352d323e833389b6757c60dc77df3812d57819500,9.0,0.3858,0.4564,0.1604,5.0,1,0.5873850104276642
0234d8450dc59f30eb618c105a7846fef0e95c6c5394b14679af861a38c5d4ec,13.0,0.1273,1.3317,2.757,4.0,0,0.6828617831772682
0234fe322d68cbd14c8425f01daed6e4ba6bb9c70b064be1b6bdeb2df128ee1e,13.0,0.0774,2.1869,1.507,7.0,0,0.6529929162022604
023513affdf8629477c0c05c2ab95e8ad8bc89202730132a154d95ec709bd163,13.0,0.1168,1.1332,0.0398,7.0,0,0.020643537239212514
02353354f81b0c1d9ff1606fbabcdc9ad91ee8de83c835ad3cdb1df9a51efb21,13.0,0.3968,0.6824,0.0772,4.0,0,0.29576141374327874
0235410bac05ded5ea8312160352a21747fe6ac3a876af502ded1fafebbbc8e7,13.0,0.5157,2.0597,0.1761,10.0,0,0.7252606346003067
0235571407ed6f5eb77f81f0a3e5a9b058d52d691c20d69dbfaa13cab523f403,13.0,0.0548,0.0,0.0055,0.0,0,0.01572805593170433
02356c6ed1295511d98a634fe4ed1b623c5dc1764df7070a561453ae8ecddb1c,13.0,0.0172,0.1106,0.0455,13.0,0,0.028214754955107165
023572fd69642159f069662d9d0177fb016a54e0009b184685a841e1f60e56e2,13.0,0.3043,2.0635,0.0606,9.0,0,0.24664826069665416
02357e15799c3ec9c009886ce81490bf128296f2783dcbf82652379c813f84ce,13.0,0.1708,0.9049,0.0314,1.0,0,0.03391248619135958
02359574b03f79095dd4ed4b3f98bc9e10182f5720edf56620602048bf231d22,13.0,0.0874,0.5848,0.0233,2.0,0,0.018714039200383125
023632ef1466be956030e5d9dfcf3b7e4a6f9335756e7f5d96c18fcf1f7c83d5,13.0,0.1148,0.6159,0.0563,6.0,0,0.03939096723686816
02363fc2cc6e896e051669cbda988eeb6ba32f16dce7d978fd2408f9447a833d,13.0,0.2997,0.5735,0.0289,3.0,0,0.059886846977072174
023654fbccd63db710a15ec60c6ea89d460c26a2403b66f57972da6e050020a9,13.0,0.0,1.0,0.0066,0.0,0,0.023516553475718346
023664897b4e318f844a63586ea2956bb86c111f1a867d628fbaad171f26c502,13.0,0.1223,2.1457,0.0248,2.0,0,0.04404314055059595
02369429f379f62be5d63a0d32987f02408484ee74d0d9feb6d7aaa80c611f4d,12.0,0.2273,3.4604,0.5124,4.0,1,0.6533270319143055
0236c19d5d73491be9f9887260b28b347f1608c5eb998ddc85d79950139b2222,13.0,0.0,1.0,0.0051,0.0,1,0.019980332496187008
0236d7134b60e31a0ac56bd2c737f4d433a9bad72bf2d90fc7f27b49175e6167,13.0,0.0,1.0,0.0056,0.0,0,0.01978947117409603
0236e4f5cc01be5dfe87e5ec9ecdb55c46f749b7a0f1aaf4f1a99f2350e79484,13.0,0.0542,0.6472,0.0335,3.0,0,0.019364891661075124
0236ed7e51e5a693b4cace331729d9bf275c49b5df0110afee8f84aed59c6140,13.0,0.125,1.0937,1.1177,4.0,1,0.5826790704811485
023723cce0e6f163576b0dea108ea4a430ccee3edbfa28944127425a97e8a026,13.0,0.1697,1.5387,0.1692,1.0,1,0.4335625397935459
02376b5e0790004ca25246dda000c774cc010b53128ab8868a44c4770e6c566c,13.0,0.2027,0.9816,0.0431,5.0,0,0.052677157042153706
0237811b7d22700f6e112e37af950a4f931277fe43b7d9d2c9fa9ef5eed6b4ee,13.0,0.1344,1.0784,0.0403,2.0,0,0.023968876987579518
023785109e43a2b3aeaac5ba742f5a2aee277af00630818bf08995e3b05edd06,9.0,0.1434,1.1376,0.251,5.0,0,0.4013670367758423
0237e13e6555b7f338386669ed6fc242ef2d502c4da3c3888577faf8129bc0cc,13.0,0.1795,0.0,0.0052,0.0,0,0.04218142129664927
023814c986b5f2ccc07fb26170782ccd207e4835b2e8ec40ceeb8de8f9ae5623,13.0,0.1828,0.9152,0.0121,2.0,0,0.032494909254770867
02382b36b11383338a2e6eb2889729cae988cc621fd6636f9a0761c790103290,13.0,0.3087,0.9861,0.4506,2.0,0,0.5811988050720386
02384c63c51afe21d23f32bacda814f32eae41ad1e3e4c82d369b68f286aa153,13.0,0.156,0.9397,0.1701,9.0,0,0.3065948071296003
02385262b0454d1e18b4e9481157003ffd58d8de950baadc05de5b5c793c356f,13.0,0.0,1.0,0.0072,0.0,0,0.022280945636023855
0238805a3687f5e08d4b31dc20136ab7441b526c7e3ba5439e44c65f0c1a8326,13.0,0.1489,0.8747,0.0463,5.0,0,0.026023032392402383
0238af1dd41e899a66259169ff2ea00ec72130c6b112ff21b8f029df22c70647,13.0,0.6726,0.8454,0.4187,3.0,1,0.7162285214855754
0238d2abe7b3672725153f4c64056a3ab3a13b91bd04c69dfafeeee247b0e66e,13.0,0.1044,0.6875,0.0385,2.0,0,0.019336280702429934
0238ddbf30322ebb6d415b931824f5427acf7e6a6328547cf392e62e9bec542b,13.0,0.0,1.0,0.0063,0.0,0,0.020263886945132575
0238ef5ef083edae61e10fb1b061a8f3a467fb785c347949310865497bbac8eb,13.0,0.1391,1.5275,0.0189,2.0,0,0.02521259544086973
0238f7d4bb75b6245b0d12de29fe47fb5e868d777cd873d8d9ed8ccbb4f81dfb,13.0,0.0974,1.1921,0.0794,2.0,0,0.06644156035868538
0238fa1d2b0b75a701330caaddbdce317f281cd228bbec67f66a052833a58030,13.0,0.0403,4.1645,0.0206,0.0,0,0.09047129987284434
02394d653fd5fa13567864572cd0c3874628fef7301eb0580e7b31d737125051,13.0,0.096,1.0541,0.034,5.0,0,0.01936953709903054
02399aa752d073d8a127b872b731d12ff3039a9764cede53133eb6a39c49a3f8,13.0,0.0,1.0,0.2747,1.0,0,0.2309596667682263
0239b581dc4007f57e41ea092fe632caeb03213a3eabc24787cff28e01780fad,10.0,0.1495,0.8779,0.0251,0.0,0,0.05542765841187184
0239df66d04a14e05f0a6df013efa5935feefe6657a16882f8f56aebdb6a2a6d,1.0,0.1687,1.0,0.2631,0.0,0,0.3335785187982939
023a715d8d707a31bd66498460943ae14b0675e91ffc6aa190ef275a6ca851d7,13.0,0.0639,0.0,1.3839,11.0,1,0.6627759209924414
023a822c1d70fa122eb53ef804943e9cef7a31aed3d1c6baef7c8543e2b34383,13.0,0.1649,0.9711,0.3999,6.0,0,0.40070023926726117
023aceb0f6ddccc6178d300fa6a9ca411a23afe756b9096d7f0118773b3d37dd,13.0,0.0,1.0,0.0055,0.0,0,0.01978947117409603
023ad6c58c30c2ddabd1712b4371615e6e29b93a6368da3c845d740bf12aa9d6,13.0,0.0,1.0,0.5753,11.0,0,0.31522123351178094
023af824a961da61dad176d29fe562843a6879e7a16f053daa9744dff9cb11e3,13.0,0.0,1.0,0.0037,0.0,0,0.019980332496187008
023b226f195b3ba3dd985b3ab728fec8fd413819b7f40f828a4af49199bbc4a0,13.0,0.3295,0.9053,0.1653,5.0,0,0.6315494225009266
023b2af48fef3a0d24d44fd6ff0abc02fa7d4dfe4b75a06e1a6e14185dd7d0e2,3.0,0.178,0.792,0.0103,0.0,0,0.05763881664195813
023b5b0776c38845795448494c540ee0790168170893ea6b1c07e9b5262fe4ee,13.0,1.3328,0.9853,0.4752,12.0,1,0.7310135971956494
023b860fea90d38b50562146f94bdea5aad2740ab786dd66090139cc934d82a9,13.0,0.2265,0.7237,0.0355,7.0,0,0.04334656161357128
023bc65ab20c7b52260096453e12097a55dcbc2f54497dea57e8688917ea53a0,13.0,0.0556,0.9568,0.0353,5.0,0,0.020483568201561636
023bd71db29c67faaacd6acb2842f0c7e299bdf8e6f47bc26adae9b47e835375,5.0,0.1806,0.9862,0.1564,0.0,0,0.2561946651780086
023bf2709853667617383c28f7dcdfcb8875a65359851682fba431b866411d33,13.0,0.2917,1.8952,0.651,3.0,1,0.7169506265659744
023ca33b3d36b52bd9fa813e52cdfad19d6e5a543df7bc47779a4651f676dd73,11.0,0.2091,0.8341,0.8373,2.0,1,0.5844136977762442
023cba361b69a6f7f6f1b218ff91c58b9808bcdef23cf388ff7232bff1fc0e20,13.0,0.1959,0.8598,0.0236,1.0,0,0.0371121291741396
023cde1ef32ceb6d3ba31c0a8475b600924e9539e20b845220869f92c2baac58,13.0,0.6606,0.8935,0.0928,13.0,1,0.5470127343249029
023cf5f8d8f16c9d45092054651accfc17cb8a243693ca1994e6dae5dde44f97,13.0,0.1156,1.0333,0.0243,1.0,0,0.025746471074077553
023d54506fd96b0963f6c5cba01b7d1373907468abd28b91b815a73ea6ed0120,13.0,0.1439,1.1713,0.1044,2.0,0,0.17572276700185996
023d6c36dd4a07132a809d9e45f081227052c6d365e2ecbac040c510130b8f72,13.0,0.0818,0.0,0.0378,3.0,1,0.0227702695421746
023d8c3e7ba0b97fdd9dd33db3c4c5c87e1cab9fd64b238a6ede40ceeceeba1c,13.0,0.0,1.0,0.0077,0.0,0,0.022280945636023855
023e5bb882603127b5c764a6e09b9e7216d6ef66f439d917be6b41b062653f11,1.0,0.1259,1.0,0.0125,0.0,0,0.05508314500426872
023ecaa63d004e39f524de47f1ef4afa38e1cbcabc4969b4c50f85ceb9634378,13.0,0.1407,0.0,0.007,0.0,0,0.020265599406010713
023f5a6232db9ae8eefb94519b7079eb34e91a43bd47927b87f0832899a84134,13.0,0.0713,1.3766,0.0387,4.0,0,0.019567580733123653
023f5bd9c237a3a7a80c01c7b372d170fe3a6360bebd2a84607f96a3b65e6969,13.0,0.0,1.0,0.0083,1.0,0,0.03410149531536111
023f77834fe4a1daae6502c7b274e26f5a879f18f0c08eae08793c62e10ecc04,13.0,0.1267,0.87,0.0306,3.0,0,0.018752715621970034
023f92caf3a689da37b6441876a62416048cd904e5cacdccdd49fbaf541565fb,13.0,0.0,1.0,0.0054,0.0,0,0.01978947117409603
023f9b5aaf6182a8774439d07ea8cede49f57425b000369e5b7220e8a4eef5ff,5.0,0.0,1.0,0.0127,0.0,0,0.07704350507592042
023fae7782862f349a779ecfc5d9972555f81357c4f56d7930108a85697b3e60,13.0,0.2721,0.8175,0.2644,2.0,1,0.5367216992736443
023fcbef1a1eb3a49be6b169f2f055e8f9f81bb95719637484c0549afd8cd2a6,4.0,0.1507,0.9454,0.8809,1.0,1,0.41472533321178207
023fec8e77c99abfee24ed7a46ceb2045f5dac99d8f4d5a404d73d1ed8fbb227,13.0,0.0,1.0,0.0085,0.0,0,0.06425341129100266
02402c8bf49ca7ad8a68a2424e940f9d953667bc9037e00cda18e68fe6523baa,13.0,0.1504,0.97,0.0344,1.0,0,0.027169889820933314
0240740ad73e39580abbfb05c2108f5cc980330ae8f29bcc06964fee93850496,1.0,0.3153,1.0,0.1611,1.0,0,0.5334110178505987
024088d6996a5026c0a919fa5f9e12ce3e74a313f3fa5ebcc7a556f79a7e94f9,13.0,0.0626,0.9559,0.0334,4.0,0,0.019185476906199237
02408dd78491f32ce4bc19971430c529d8e0f5468c6e17773d35d0b33863e34a,9.0,0.4005,0.6667,0.1887,5.0,1,0.6142688731440848
024095fb4502c11d9db1d5ab4db60859c61418193f959cb0cb87239bedeac7a4,13.0,0.6625,0.688,0.9698,13.0,1,0.7568592946310657
02409b901b35621501e02792e337871e73f7bbf684f5974a039649b8f2dbe350,13.0,0.1411,1.0209,0.0156,2.0,0,0.025036024266917156
0240ae82871fade839e59ee85cd51632080bc6a2fcb0b110c09e188644a81bfb,13.0,0.136,1.0256,0.0227,2.0,0,0.023236082138048973
0240b16a27a106ad4fd79d14ad23f308aa73dd9b09636802aa6a0489104897bb,8.0,0.3237,1.1403,0.1097,3.0,1,0.520761435754397
0240c7e60af75f39f917f2d12be5bb3ba32b38498ea997d3719e9cc74014e482,13.0,0.1203,3.4195,1.8635,10.0,1,0.7546209856540357
02410ceb9a66b70796b256fe816a1d41bd433ec3b8fb6ee616dd55ac43e6b196,13.0,0.1388,1.1108,0.0293,3.0,0,0.01961193086331019
024110c2bbe22bc2db1c627f06d7fc8d1cd39f5f522bf46c031953cd7d97c802,13.0,0.1265,1.3262,0.0112,0.0,0,0.05156957132164064
0241715e43e227d302f2756b1df31fccb23e21b7244aba49cc9a6e01b0932ed3,13.0,0.0,1.0,0.0057,0.0,0,0.01978947117409603
02418d7147992ec065be07eeac5d76884968cdbfe99890134c5257f96ca09752,13.0,0.2756,1.3626,0.0967,2.0,1,0.3833428641529334
0241baef89190cb79997f4cc1679ead0b719c9704ebbdbce825617aa9f6ae047,13.0,0.1553,1.0544,0.2196,2.0,1,0.36716260612451956
02420028b420e1ad33aa28b4c19d03d62737b4551782d91ba3d986520863ff81,13.0,0.131,0.797,0.0449,4.0,0,0.019609484092181776
02422d36f06ef35495f13a90685ddc39cda104981578efe0c061ffa4ed9742f1,13.0,0.1425,1.0116,0.0569,4.0,1,0.10557719265135561
0242368f6f5c343c71e5117e6f7ffb411e1ac50194fb534b57d28a86e8e1b2ed,2.0,0.2479,0.9891,0.6761,0.0,1,0.37014773744091045
02424bb0cc99cbd60ab969350b68377d1a0f5496c0d6834935a47b2de1eac4ee,13.0,0.0882,1.1562,0.0424,3.0,0,0.01973376985216774
0242b2c6c0e7a9146c737693856deb9d49287eee642d5a8d81a4a045b254f4e7,13.0,0.1146,0.6708,0.0691,10.0,0,0.04728896248454272
0242b6127abe1fae244fd47c3b32783a8c527c09ecd213f574bd69bd4d838860,13.0,0.0,1.0,0.0043,0.0,0,0.019980332496187008
0242c1dcb2cbae103b810df62ec67855ee05ce993f1675b5115085c135082e75,13.0,0.1522,1.7131,0.0208,7.0,0,0.03956142829195277
0242efe05c90fd7416460b04cab5782505bb2c5ce83aa9ca2cd7ef743b8cbcc5,7.0,0.1814,1.004,2.1426,5.0,1,0.7682126071286057
024363da76a5a1cca03c618d9aeab8fa4d9f9b1becb12ff8013c4f5a0d39c63f,13.0,0.0,1.0,0.0055,0.0,0,0.01978947117409603
0243f6dfd6e1e09fff75791bfdd7edaf5fc9ad6480d78074b392dcb5b91d7e7e,13.0,0.1557,0.5029,0.1835,5.0,1,0.3391245137453302
02440610d6fbefb16ebeb5e94ea55ddfb5c5f1cbc37369e755609c4b330c13e5,13.0,0.2752,0.5777,0.0681,2.0,0,0.19111566442233424
02440aa22cde554d91806b0191f210fb9965b66ccdd23e263f09df8b9a60185e,13.0,0.1655,1.0503,0.0129,0.0,0,0.0675897712309657
024460f4091f96969e561d82382c6432ef111d32893c6b02158533a611b0356b,13.0,0.0,1.0,0.0052,0.0,0,0.01978947117409603
024480df7e57aefe8d0a4e579304e79322edb2c4f8e2e0f49e9742bd0cca9009,13.0,0.4466,0.9263,0.0591,4.0,1,0.37404324393673394
0244ac3a6efabebffd5ee4e257e5d8e79b4c63149613fb9dc726c198b16027b4,9.0,0.3866,0.4337,0.2083,3.0,1,0.5933673604242329
0244d6c5f626a5309b5484743b1144507a70c78800b64c3cf845b6979b346438,13.0,0.1197,1.0641,0.0446,2.0,0,0.024461447187560905
024542b79a501e38c930c9bff3db1e00d4f81c427530d44b9645e6f732aa69e7,13.0,0.1166,1.4387,0.0157,9.0,0,0.020969614376514612
02454e647d2d7bb56ad42488403194c370bcad01d0b5b9a39657bf1d3df1a2cb,10.0,0.2083,0.7803,0.0953,10.0,0,0.28223109788037304
024581042fb6986227116edb957b12599bd3f1bacecb2c2aca56999eaeb0d586,13.0,0.0,1.0,0.0068,0.0,0,0.02219398911428473
0245b0ea692796033eb80a86b9657764929d41d07d158d623b0e3ed9dc7d2b7e,13.0,0.2299,0.7904,0.8571,7.0,1,0.6348899624992006
0245bf3248d5cc7daf4484405e442d367e192c736b7c327641a21655b099141d,13.0,0.3359,0.9923,1.9536,9.0,1,0.8310690095099479
0245d1b9bff32d5efe6da62d735ae90b04520bc854d35f9185377ffb5a860493,13.0,0.0614,1.9367,0.0535,2.0,1,0.11090242960054533
0245f1d55e1be84bb08f09e93f281488fe1635744b4640e6d81a8d678333252c,13.0,0.1188,1.2971,0.017,2.0,0,0.02241626089904531
024609c49024f8b2a9eefce8a6e1226989b533b9739061430d5755cbd5694143,13.0,0.1612,0.8648,0.6879,13.0,1,0.4567583149282692
02461925b8b260f289586091367586b40126c98de9c9b8afbc651452f2f97269,13.0,0.1965,1.3183,0.218,6.0,1,0.5220058246859353
02461a8e68d6b410a909d10735fe3612c8cadfae959f93e643b25be76574f2d8,13.0,0.1484,0.9771,1.3287,8.0,1,0.6058710704176338
02464ed4564cc3d78fbd2d446b4f779080fdfbf81f7f65a3be0e5a21159ff09d,13.0,0.0828,0.8244,0.0372,2.0,0,0.019429927715989462
024664d068ffccb9f750a4e80358adc3a8dfc122b520e30b1b14522483f6cd8d,13.0,0.2275,1.729,0.6568,5.0,1,0.6511693865071082
02468dbdc26f6ecc55199270b855f63ed9f103f6bc453eb59f9cd8ac08ba6b56,13.0,0.1129,0.8071,0.043,2.0,0,0.020640950700685088
02469219b56f6908944efe1ea48dd9d7c650d0473e32b690d17050f3bdb1d31a,13.0,0.0,1.0,0.0074,0.0,0,0.022280945636023855
0246a16eb67962e9c8c4e186599b82a3a9f16f32abecc20edd8edc5e18d3aaa8,13.0,0.1709,0.9996,0.0399,6.0,0,0.036506608850458526
0246a9eefe65d23331ca7e144c58b9d65ee730bf03cbaf5aa0443dc72e652dc7,3.0,0.1962,1.0308,0.0555,1.0,0,0.109785533959444
0246aa482e79ea1debd1a50a4b557821482e072e46458170b9bcc256f082869d,13.0,0.3499,0.7923,0.041,4.0,0,0.10004526445640607
0246b2e07d9d2f20d3e35098ae82ac75f14a62346eeaef0011af09277f20b227,13.0,0.1259,0.847,0.0355,3.0,0,0.01872166606524331
0246da61b71e183a6cae10c7d6b7d2521d10758f6cd7824f4ebfb823d717d530,13.0,0.0,1.0,0.0082,0.0,0,0.037720949013385574
0247069657dbebd0ab608903e3a06d5808f5bb01068358432e51dc7a7809d293,13.0,0.1299,0.9412,0.0532,5.0,0,0.021895744238510727
02471e28900828acd946336b2a1ce359d2b24df34a9ad07d766146746a8def42,13.0,0.132,1.2327,0.0246,4.0,0,0.019999497597227182
024722e3aa2e3cce62db6a443bb852e55438edd2234b8129cdf7e6ce4e3d74f4,13.0,0.2145,0.7231,0.0323,1.0,0,0.04352580192152944
02473b4f5dc2ebaeb6d0cf4a55252978bdb8821bfdb2ddf3fef9dce72363012f,13.0,0.1537,0.0,0.3199,10.0,0,0.3376220147665348
0247935537d143a76ee3c7de8ad57b592a2488e840c15c97ea64e8553471724b,13.0,0.0542,0.769,0.0254,3.0,0,0.019283590848066995
0247948fafb69642808c9d47691dbb4102b4958514e9e0ac7081e655caccd962,13.0,0.0748,0.8534,0.9976,4.0,0,0.4385566399262282
0247c4d341e9e12b1e17d83669de3f4e8f602db494249fe61f8552d4abab4330,13.0,0.0805,0.0,0.008,0.0,1,0.0316734627948819
0247d631676bd5d110163e4c96c9ce4fd73a6b2cd8b2b0d409079c0937617955,13.0,0.1032,1.4924,0.0052,0.0,0,0.02558557705452856
0247fa43f6917e4220b9a2fde076ca04ea21689ea36c603b1ced8f46634b2fb5,13.0,0.179,0.9126,2.2846,13.0,1,0.7357885664972231
024833d966169ce81729f7a463a52e8e90f5a319ef7430548e3899adf9f8ef0e,12.0,0.0967,1.0793,0.0415,4.0,0,0.019429007256784345
024855111b89bd3fa9378d7890ece2079ff2bccb4a5016c9b0573136a599ee9c,8.0,0.189,0.919,0.5729,3.0,1,0.5258762915913564
024866a2bee469c2048c1e6710d586539b0dcaa4af009bbbb5b025b6e30cc12c,2.0,0.6083,1.0106,0.2232,2.0,0,0.6241582138923656
02486a0b57dcd82a81523bc6b5785ce2be4677126ca592f175f598dbd4d10ba4,4.0,0.0,1.0,0.0137,0.0,1,0.07704350507592042
0248768e999f5a07cac07f3ced55bce1772d51b1aad75c52e6ec4e3d16fc0c42,13.0,0.2124,0.7059,0.0253,3.0,0,0.028278098748974852
0248d59ac732e7ff23f9859fcb99b2f10cdbc53ffb406290ee473177e263235e,13.0,0.5096,1.0242,0.0336,2.0,0,0.07272726121197294
0248dd17a528b491b5e3ad7b6b6f1d11ac721f792e5a42063a5f67213b594b97,13.0,0.1829,0.8726,0.3479,10.0,1,0.4451202772340793
0249046d4c59249c1acb987fb254dd487c4f19d35faf4ec157b8c26a8ce067e3,1.0,0.0,1.0,0.0032,0.0,0,0.019980332496187008
024937f2561757d1c62e1557bff444a48bf44bb0ca2e9aad1657a9976d7a0b6d,13.0,0.1701,0.9795,0.3394,3.0,0,0.3832142980581255
02498ba4fa6c84f97574dc1376c885ffc5d5e91f7040cfddbdd6ff628eedcec1,13.0,0.9534,1.0583,1.9286,2.0,1,0.8638020711140381
0249f76eea89fdb2eb825136b7709ede9c8c11afd5f17e1fe01d1189fa07345c,13.0,0.0715,1.7261,0.0281,4.0,0,0.020302151619402502
0249ff91ef1e11f3551e4d436a6c4cb03116bba88c6ffcbaec492eb1ad7d0511,13.0,0.1103,1.779,0.3176,4.0,0,0.392574396785519
024a182043f37ac12ce5bce59716e19e41046e8bde55f701d7860e73d6a7e510,9.0,0.167,1.5415,0.0157,0.0,1,0.06981456469822872
024a5c9f77ee216c85d427e58a517a085250af47accd2da5335ad10016fd61b3,13.0,0.3657,1.0968,0.3354,2.0,0,0.6113650931553416
024abfc55849b76882b7ea6ee83ad375770883554b7115298be7687f9c7c9e8a,13.0,0.1893,1.3062,0.1675,2.0,0,0.45180242461137365
024b1bb31f850e69ef225b8addcf953f730134b959babf9f6762414031cc7ec8,13.0,0.1636,1.0144,0.0551,2.0,0,0.05244668308535874
024b26d4c9f49b5d143c2976bfa4ab53857286982a5df7c4b0c397ae698b0fe3,8.0,0.2467,1.3655,0.0485,2.0,0,0.11260252104647188
024b37031c591ff291d23bbb31fbeb98ad7b381b2fd7583d5ab083b41f271f7b,13.0,0.1883,1.1564,0.0095,4.0,0,0.03779160895088547
024b6c2ad03a95f39993d87bf69884916684aca314e9c8d49fa5c565b66aa1de,13.0,1.3315,0.552,0.0289,5.0,0,0.11795340071306722
024bb9e5200a4c944ed7d89e8083d9a6d064de479acdf1cdb7bf959dfd39eabe,13.0,0.1144,1.5282,0.0084,1.0,0,0.026014516823134017
024bbac54fe68fa5e11c7c4f8e4d3b39a2e14e398fa281c7d37f1836ceeff7a0,3.0,0.1797,0.942,0.0621,1.0,0,0.12185197094096947
024bbbc439af12be7dcf120095673dd7cc2470953c9e7ceb9552f60476c30c51,6.0,0.3117,1.0974,0.2629,1.0,1,0.55749468595353
024bc48afacd74bbb162382413ba0c33d88ebf3e771f5806062dbe463446ea6e,13.0,0.1464,0.9793,0.9269,4.0,0,0.48417149774140067
024bd50e8597afcf8dff641da4aad31903e2b2a727db2b953956efd6e56649b5,13.0,0.1242,0.0,0.8658,7.0,1,0.28465610702508165
024bd5e5d01f7e6b16b98c837a3d3ea5d5c040d677943a3ebefae603ecebcbda,13.0,0.329,1.9168,0.0251,5.0,1,0.27186815446869467
024c01d98f7204a0c3b878f07108da0c57a810da057ba478af934778ff5e5b4d,13.0,0.0759,1.2925,0.0177,0.0,0,0.05395286313589514
024c0e4b888202528a7ff87e25e62b6cb9b2e9359a64612edd7181ca78be7164,13.0,0.0471,2.4519,0.0401,0.0,0,0.11983481972436995
024c25a637deaf09d61761e5d070a0d53aa907cab9a338730a925653162ee2e4,13.0,0.1068,0.9911,0.0239,2.0,0,0.021812808349286148
024c2af04fce4149ec6b9523220800e3c1bb3af9f5eaf890023a8c92cddb906d,13.0,0.0,1.0,0.0049,0.0,0,0.019980332496187008
024c3e3f5596fba3f116084c437c737daa26f84cad00c484b4f528789b3799f3,13.0,0.3256,1.1598,0.3032,8.0,1,0.6624552021346966
024c7e825493e2a83bce6b6d9d98d69d6a8568d16112d258555b6bf94a2e6e68,13.0,0.1345,0.9699,0.0332,5.0,0,0.018860941982111627
024cdb6f5cf0f734dcaff55e3037ec1b98a47eb46fb89ab958db636fc853d5dc,13.0,0.1208,1.0973,0.0339,4.0,0,0.019040189300948387
024cf3f11910c68fe845200aeb0961afa0228a7c81376d37e97c8866b5ed5f12,5.0,0.1265,0.9485,0.116,0.0,0,0.10359779366620911
024d01fb3cafa02f23eaaf89818899c56d0d70a3d7601ba7a86b8f2e32e28d24,13.0,0.2174,1.0209,1.4764,4.0,1,0.7158939352256306
024d22654af8084ff4189da7d97277cff285a87f6ab073f05ca11fd345a72026,7.0,0.1701,0.8725,0.1713,1.0,1,0.31998716821390966
024d5c1bd66a905906a6c010629c08d7fbbe0ec64261061726bb070fce233533,13.0,0.309,1.7735,0.3853,12.0,1,0.7175579670767018
024d65ce9a89518dba0b7ca66d31895225e1cadf5d914b3e079e2a343405ddd1,13.0,0.3251,1.3902,1.0532,2.0,0,0.6513931216445903
024d9ef1300daed37d4e7348013c96cf8ff1fe0f95c46ee14881629334693eb5,13.0,0.1566,0.7726,1.007,13.0,1,0.6079718607196
024dafb4340713ae71f20da71b3f36e8c1a7f7c965ca9be6ddd298642bc03d77,13.0,0.3786,0.4049,0.0131,2.0,0,0.06180309874332402
024dc7001677ab54d51abf2d38049fe96b6f1059ada62c14298395209bef175c,13.0,0.1201,0.8942,0.046,3.0,0,0.019551388569000155
024dcdee6a00c45e37e3f3d7a94ce2154a56b73a5d824e12545f633de692c092,13.0,0.3877,0.4029,0.1729,3.0,0,0.5747174280797894
024e4f694b44b4ef2bde54e1b9e061b8a05941de22766955a99da3c4125e8a0f,13.0,0.0,1.0,0.0081,0.0,0,0.037720949013385574
024e51d0c26cc2d7bc12624a35d2e598d5e01a373e4956d42e7d8c8627a0c5cd,13.0,0.0,1.0,0.0077,0.0,0,0.022280945636023855
024e5a87993800381f485695d19d27be2ac6cf275f6706dbd4ad55fb746373db,13.0,0.1597,0.9786,0.2645,1.0,0,0.34730593401209775
024e67cdf5994772bf9853f856b9cc0cc14dc447bae31c56df66f923c7f9d9bf,13.0,0.0936,1.1884,0.0349,4.0,0,0.018490859297208152
024e77276e90e309d2cda9c6d6c690f350bc4981f57a1f03caf60d1983e92162,13.0,0.0,1.0,0.006,1.0,0,0.023703382106237746
024eadaffd149086b9a8e65b3701b63e4262fd4866879838a258b39a85c8e9a1,13.0,0.1169,1.0381,0.0366,3.0,0,0.02139798724678637
024eb4c2d51c5ed0b0efd0b11f834a82cd274153c83558bba96fd6a55e2787a8,13.0,0.0835,1.2641,0.0505,6.0,0,0.020202148874805124
024f4743e406be58f21257303c877f633d742edcef09d67d052959a6f46e4f24,13.0,0.755,0.6541,0.0552,4.0,0,0.20536065045975202
024f697f37b7928c8f048a60b26257588df1721aa5bb89781ce74dd45a2a55f0,13.0,0.3283,0.441,0.6396,5.0,0,0.6310959373614444
024f745e7b8437853e80a1077395c3695bcbc324c9ae96b6a5c09970642f3ffa,13.0,0.1163,0.7118,0.0253,4.0,0,0.01704993513214851
024f81dc8b308df5e631e27e0eb3f48a5783c4162dc72aae0b72520f0cac621f,13.0,0.6191,1.3282,0.0368,1.0,0,0.1359348353154502
024fd9a537e0d5da22634a07006ce86b2b288b5d72cadc77e2aaa040705b3d3c,5.0,0.0,1.0,0.0151,0.0,0,0.07704350507592042
024fea7058a83b531ec7f876e2b56408960aa1c4790d7b3dbed373bcc41a9c1b,8.0,0.2026,0.532,0.4655,7.0,0,0.5262920613955506
024ffcc0539499c6c1c66a6c8ab6566b150af6dee7dea573518393f95e5f6167,13.0,0.0,1.0,0.0071,0.0,0,0.022280945636023855
025028503fdeeb3f1b2f464c2b58e0b842616a67ac0666a35057c6e2ac1f3f3f,13.0,0.165,0.962,0.1472,4.0,0,0.2505491740621396
025069c4e0fbabc37d3e41064143f8cd3fedb79eab4c32fabd514f291388f4c9,13.0,0.0136,0.0,0.0062,0.0,0,0.015903437195320887
0250788e79435c2407dc62d39b6463b17e7957d4e80fb033a06dff3875c6596c,13.0,0.1619,1.0523,0.0149,1.0,0,0.026147964599374914
0250bcc5dd3cfa3fb73c9ac6993368db4a32136480a9e25e072634a7c1cad320,2.0,0.0,1.0,0.0042,0.0,0,0.019980332496187008
0250c246b8d45afcf22b08b62ebc5c701e9697f670a2dd7cad46d46c05c8a570,13.0,0.113,0.0,0.7648,10.0,0,0.25650529487098866
0250c2d5b61162b0bbcdba96330fce3eb76b276a4bb2c6512e9f6ac7946276d8,13.0,0.2433,0.9358,0.2072,13.0,0,0.5828574309673857
0250d83771b6e83bca96038bd60214c30144713f469d45c98e635cbd4d85736e,13.0,0.1706,0.707,0.1298,5.0,0,0.23603244049199823
0250e2cf282db53845a8a78d972fd606cd6145dc27c435daa8cd3a4ce236aa8e,13.0,0.464,1.0176,0.1011,3.0,0,0.47967317489838956
02510884435d4ef9577ad1604d22d44b454171a02d90579bcfcd4a7ecb595f34,13.0,0.2615,1.4278,0.0411,2.0,0,0.08805561950850935
02510c02e5d25cfd94d728eaa6ceeb986ed548db6d894c1339f3c06deaaeeb4f,11.0,0.1213,0.9353,0.1597,3.0,0,0.17197401570100873
025110f430f3221448531bb5a0bc220b73ba49b1bf6b0dbda26def6426dd4b5f,13.0,0.1614,0.9726,0.0314,5.0,0,0.022811847194492908
02516a8f0290d8c681c3e2392582f135459abdd56869b85b37e58940c915b5ee,13.0,0.0218,13.0,0.0068,0.0,0,0.12094964792428482
0251c90bc8eed8b0fc6ef65fbe174e9ab7dd8db09b43bf08b2ba3a5be8ab019f,13.0,0.1996,1.1145,0.0129,3.0,0,0.031305744589892305
0251e0d5eac69c4c9fba32916709b20496b6cb597cf1c84bc7479695ddbde8a9,13.0,0.1828,0.6499,2.5095,3.0,1,0.8162198635464044
0251e893f240756bf3da43ec3c1737ef9df06c5b8fc4bdf93314e878de5a0a8b,13.0,0.197,1.3337,0.0519,2.0,0,0.0707743583869044
025286eee75868118dcd4e9ccd3a5c0276aa0275f80dc3d2a4fc198926c540a0,13.0,0.2574,0.5951,0.708,7.0,1,0.6018487910817758
0252a006645b0eacea3729793dfb1e876143c2bf276ba53faf47898f6e48f26d,13.0,0.2347,0.7055,0.1403,1.0,1,0.5263214757422556
0252ebd10b41510c1a4c6d5b47e06a8fa44c40058767a92f21870a3fd1f81048,13.0,0.0,1.0,0.0064,0.0,0,0.020263886945132575
0253264e10dbaeaf877d664a632f1a3472f2451fac85fd3fa6ffc6ff6662681b,9.0,0.2492,1.4876,0.0786,3.0,1,0.2841612710366678
02532a0afae5bfefc225f342f56a85e2dd809aa1d6af4c06a6701fbea8afd63c,7.0,0.7078,0.6064,1.282,6.0,0,0.767642186001664
02533ba332b6664261f9b15c2f5624e9a50d39e5309aaa8012997ad672ab1d81,13.0,0.2858,1.1402,7.9682,5.0,1,0.8889558623625926
02534d2400bbe787adeecd1025683d99b4fcde32e6049fd7d028595f8e8350eb,13.0,0.0839,1.3166,3.6765,4.0,1,0.7718365984583663
02536b4646cd47cb93561256de7cea024a0247aad01834c8a65ac42e8eefb8bf,13.0,0.2222,0.852,0.4117,2.0,1,0.5564118276345544
0253f19e78c6a85f2f2b425352e02f545084c9743875f82055a951be36e7736d,13.0,0.0861,1.1928,0.0206,2.0,0,0.021698430717110445
0253f89fd85ced55695c72e100d28ca37072b8c4035592059cc03b6a17571746,13.0,0.1629,0.962,0.0731,1.0,0,0.11908001529536189
025421ac5b34dad11ba1460e64de8021a9ad9f36023a221b47b13f0147eb5399,13.0,0.2527,0.6842,0.0071,2.0,0,0.030917484067178404
0254630c2d2739266940832be45e9e2682e404ae0dbab3aa17324f0a7a1f6d2f,13.0,0.0274,1.0028,0.0442,4.0,0,0.022032443244937555
02548e8b1eb109d2f320926075cb916c9117a0deafe413c6b9ab85f96aa9e698,13.0,0.1512,1.0718,0.2543,2.0,1,0.35593729023298776
02550a427e17ef69acce45c9eefd082606f974456b553998ccbf4eca393be12f,13.0,0.1483,0.9011,0.5613,2.0,0,0.37008591928973134
025525fe57da1519942ea99da94015ccf0b39e512110f14be1bad061ae7aaf12,13.0,0.1117,0.0,0.346,10.0,1,0.19483526010820412
02553e37a32f6f61e64a06c6b626027e5ba5cc124a848c32d78d47549424e636,13.0,0.1335,0.864,0.0157,1.0,0,0.02252642049797996
02554bfd2c0429bee58eb7348d63d363217d016512a53584e1b2bbd1bbaf1b24,13.0,0.1594,0.6667,0.0374,4.0,0,0.021322300361631397
0255569daaedeefee9f51acdbae017a9fa0d608e53b41a9b1794f5312d207bfc,7.0,0.4687,1.1437,0.8132,3.0,1,0.7328773069440512
02555f046bd0e29a4b72eb5bdef33467294a5653f9c2319f6e1fd4f40f1e5502,13.0,0.0,1.0,0.0055,0.0,0,0.01978947117409603
02555fd82e739ff252328c238ecfee3de658099dd29724adc507b1ee5352d260,13.0,0.1525,1.1683,0.014,2.0,0,0.023196318904107352
02556393973de705126499b3c3c8c162409fc525e24b3e761811d961161cc1bf,13.0,0.2208,0.0,1.0342,9.0,1,0.6689419332675617
0255647591c65ed8e671a237e279068974969e0128506fd56bc30be98f9ebe1d,13.0,0.0896,1.1597,0.2704,5.0,0,0.27903561804451693
025578ef94dbd37ad0f9fa86daf397323ed23e95d69f003d5cdc865b5f443e1a,8.0,0.227,1.2886,1.1629,3.0,1,0.6333459755108213
02559283a3be591381c1794320db8986f26671026715f3066621078d43a8ad80,9.0,0.5987,0.4906,0.0168,1.0,0,0.08457639112834218
025596251cb82d1b6479438cbfd137e58717df78cb44360a1a31dfa7c513c42a,13.0,0.2753,1.0403,1.3452,9.0,0,0.7320168093143328
0255ebe50cf0d44c52d9d365ce687d6b3ae5090e241977d7523d106b756de9db,13.0,0.0,1.0,0.0072,0.0,0,0.022280945636023855
0255f28ec6f9cdd76cf3a487017e8d23f3496ec701713f48f261d79ed06b5a40,7.0,0.1564,1.0384,0.1761,5.0,0,0.3854236616395071
0256b2b96531550dcf09e5c456036d6a511d456977f4c3080e94ec85a7ba9c92,13.0,0.0,1.0,0.0051,0.0,0,0.019980332496187008
0257371e07462425da6cab6d4722789bc1ef77cf872c23083df8079145c42b28,13.0,0.3949,1.0302,0.0326,0.0,0,0.07912051138478944
025768070d0d3499f052c0f9781ef7a69742dd687a7fbb87a290eee02ac889d2,4.0,0.3484,1.0352,4.3194,3.0,1,0.8896659510816334
025786fae703cb30290ce7bf9681665348f23a6e4fe350ea4c08792ab66aebda,13.0,0.3709,0.7436,0.0475,0.0,0,0.16993381448949588
02579b6ac69554478582c5777230ebbfc8006157a2003898cd6c5392133aa2ff,13.0,0.3049,0.8622,3.9245,6.0,1,0.868721321584068
02579fe4ddbcf4c782e9726e0144254f438294fa5da504105f2957eefa4822f7,13.0,0.116,0.9494,0.0202,1.0,0,0.02462543802506569
025874b526ecaac9ad2058aff026312d67ab6a6693ee923bb5194734878dc535,12.0,0.3511,1.2578,0.8503,2.0,0,0.6309946024746909
0258913d2ba14a488cd1b73b0db5ae541772f8c1330311151d5e6d4d7cf9a0bd,13.0,0.1352,0.9318,0.0322,2.0,0,0.020189397121737607
025896a9b5e5eeb5f472e0f50d809e6b4a02dfc59966b9b9dcbf029c613b27a4,13.0,0.4749,0.0,11.388,7.0,0,0.8275150419361426
0258bd426b567f6e3ced539cf6c590db87d3dfd6374ae4b2e1f9a431aae3ab13,13.0,0.5629,0.9476,0.0317,4.0,0,0.07510615823114558
0258cc6fb92fc6c2da9c0361e50e6acca2f8fb59c4452cf785290eb0f9035cbd,13.0,0.583,0.9714,0.1499,4.0,1,0.6742942118458001
0258f423c25dc606f498987b6a2a71db50ba67bd836bff3a201ba1be3b00c325,13.0,0.1181,1.2712,0.0358,1.0,0,0.024983871359282293
0259324f17541b387be2bac8f0be16c086336b9dc629a39614a5cf101c2234d6,13.0,0.0,1.0,0.0049,0.0,0,0.019980332496187008
025956ec2ab286ffbad3f38b9e47d166e5909e61a01bd971f8407b8588069d28,13.0,0.1389,0.851,0.2546,5.0,0,0.28153989660814216
02595bb82cde7cb2ef3fddea0677b49e01dedec63da100b303bbe2ed430acd22,6.0,0.1588,1.0114,0.0122,0.0,0,0.061445282168479796
025991bcc5bfc57746564d109a6c80c5b0aae7c2078b3e9b3cbb813fe9bf099a,13.0,0.0,1.0,0.0059,0.0,0,0.021280478197017946
0259ab0a4caafc9b5b7a07a5ea21057483853e40db8b9aaa2a9b9c94287f51fa,13.0,0.0,1.0,0.0069,0.0,0,0.022280945636023855
0259b869dac4119684dc36a9b0ca30b226e522e8a5768ca28734c347f84b667c,13.0,0.141,0.8593,0.1185,6.0,0,0.24913757636417175
0259f5650f63f6f3bc0df343e1c988b1964cad49d90a335fe097ebd5b614e6a2,13.0,0.1727,0.9515,0.0102,1.0,0,0.027443573833567367
025a376e9fd1943e71d44db7b30cfae5a3fe0194d806d271fd38045c446f65e0,13.0,0.0,1.0,0.005,0.0,0,0.019980332496187008
025a4fc86f6e9bb1e7af04ead188d5f2833d00abc6b1bba36b7daa13c81f17ad,13.0,0.0,1.0,0.007,0.0,0,0.022280945636023855
025abca712584ffa84bb0dc481120f20456bd15d3fb79d0fa9be17ac9b45beb2,13.0,0.3296,0.4884,0.6556,4.0,0,0.6411401547198227
025ae941b484cdfdb2bb4d69e4eb7179475d5a3b068588027bce84fc6527410d,13.0,0.1577,0.9529,0.5863,5.0,0,0.42312066512806523
025afec4eb0a04879e7833846dd746855360f33d8e520a895256fcb0eae5ef9e,13.0,0.1442,0.6652,0.5012,7.0,1,0.378767761122359
025b07d49ddff7adc02dc2bed7239d61724531bf04d0b52b2bf14100718103a8,13.0,0.0,1.0,0.0056,0.0,0,0.01978947117409603
025b146f5dce73d01b243786a491e5755c7a1d31b3e6919b2766fe981e399316,13.0,0.3035,1.3311,0.7093,5.0,1,0.7129118490012484
025b306bb13693a109bf652185df4284a901fc5abe7d39da50815aa74aaae9af,7.0,0.1726,0.935,0.2042,3.0,0,0.3395101190433323
025b34ebdbeb0be948d3d1f3ced01e1786840b11f7a8e393b695d677782f0677,13.0,0.0,1.0,0.0067,0.0,0,0.02219398911428473
025b52546f52567e53cf8351bd3268909e08aac3bfa158c7c63af956f0abbc02,13.0,0.1048,0.9543,0.2141,7.0,0,0.19875733094745518
025b6e9880c9623afd9f27d690373e6895834ce30f165e15c8e9ea891cfa0b04,13.0,0.1393,1.1052,0.0166,1.0,0,0.02450730457727238
025b72c3f32568a282f5f54de343368aa8c2253b257439e610311b4c598042c5,13.0,0.0,1.0,0.0088,0.0,0,0.0668791263085046
025bb6518868b42a2ad41ca0e5d86764d90f4112ad3dd31c75889b55ef6d072d,10.0,0.3796,1.4668,0.3474,8.0,1,0.7476975830750672
025bc26a435fc43fad8e889e4ea937983343baaa7b07e87828f846a7107f87f6,13.0,0.157,1.1193,0.0247,1.0,0,0.023822806027019007
025be0b13399cd409ae55147b4eeee196a5c55d68bd0990eb680e6bcb29502d9,13.0,0.1169,1.145,0.0467,3.0,0,0.02113888250911933
025be3ff209c996136e08fdc0e550267996884c39062f097ec075cbebeec8daa,11.0,0.1793,0.9803,0.7983,7.0,1,0.4850888503569412
025c444fa2da1ce7cb0e1797eaf7ab2871f8ce07e061da3b3180facb4d2bd650,13.0,0.2217,1.2019,0.5829,7.0,1,0.6235561799286564
025ca5155128cd2e8361f0b0c65fce178112600127f96b2d4d9000fa3c884d6e,11.0,0.6166,0.967,0.619,5.0,1,0.7333500053679782
025cac34d82841ebe6c695650a7bb1166c62d604ee5c465984c8cacdb4e0e6f0,13.0,0.2645,1.0578,0.0915,3.0,0,0.338954597102253
025ce66f40b4db21ce9f1791e332e330de4c2df2cfccf3a6bbfda37efa5a3df1,13.0,0.1349,0.5714,0.0275,1.0,0,0.021788826803078972
025ce6b66631ca86a0c665da3e98d1b0a40128b6c45dc38f8f5e59b0c9e84993,11.0,1.2856,1.0731,0.2496,11.0,1,0.6985335712345289
025d288e4bd1fc3b5b585b4a7a86126e653d73fec38f20b623a713b300074629,13.0,0.2919,1.6371,0.9557,5.0,0,0.7131237230515776
025d28c339fbc719c4d3aa947fa5b2642179a5b8b2f9bbb134feb55b09ba48fb,13.0,0.3706,0.4471,1.4018,4.0,1,0.7741626716251991
025d6119970b3b79b77a847f284df4efa8a387409d7118b1fbfb7bc85ee872a3,1.0,0.7362,1.0,0.3077,0.0,1,0.5571926891440006
025d6ab9207a15ff8ccfc6e906edfec2a4e0cfcfe62d21157358f13175fbce5e,13.0,0.0407,4.3145,0.375,2.0,1,0.5529309902424514
025d9d21bd7fad0ab73839eb8caeb437cbc3512c55a5bbac71f69275125966e7,13.0,0.1292,1.1487,0.0155,2.0,0,0.02196684035238168
025dc213a8822c0571fbf3d77ca7c9149391a07c75d4c7d78bafa3eb4de31931,13.0,0.2127,0.8162,0.0134,3.0,0,0.025455916531639904
025dd306d4ddb152aa9fddb3e9456ede2b894c84a670e3161bc54863b812925b,13.0,0.1343,1.1332,0.6352,13.0,1,0.4619771882966212
025e829c3c2340a9e33eb52055a77e49c2cb570c9d54597c967961e4b00022f6,13.0,0.1065,0.9207,0.0961,2.0,0,0.07204763946446663
025e8dc4d0913d8c677e81a4f38acce0b4f9cffeef62c0201f067ed2ff657534,13.0,0.1026,0.9286,0.0446,11.0,0,0.02457931288111473
025e974dc0d5376d35f6abb89077770aae633f718c24e0fb31d4bd607bda20b7,13.0,0.141,0.9335,0.0301,2.0,0,0.02206455532639915
025eb542b8fd5869877bcd42b774afb18128871fec1881a7c5ba1c6d4ec01920,13.0,0.0633,0.6096,0.0337,3.0,0,0.01840755173333567
025eecbb6559f41f152c427808005dea5a0bc30ba805e93fa4335e7d3b72bccf,13.0,0.0504,0.0,0.0044,0.0,0,0.0158453878420306
025ef2e09f0a64f4c0b0a156bb31030ad39907b3b46c546a348dbfa552e962f5,13.0,0.3128,0.8249,0.9383,7.0,1,0.6822846381418408
025f01b91286415511c66428371febe05f1979a26a45921423cba2788d1ca749,13.0,0.1638,1.0064,0.0435,4.0,0,0.027897977849649983
025f0418f81aeae882ee6403e69ce8ec0640af6009e207cff02ef9490e3daaa2,7.0,0.449,1.0457,0.307,6.0,1,0.7219461668855517
025fa51e3e27d4052723b3e59b6fdad247bc9b9742e0f6334d295b05001d5b2a,13.0,0.2521,0.6108,0.7326,4.0,0,0.6154406735847937
025faf5bd13852e4aa53fd05d3381939f8f7685be049b3916717085a814e0959,13.0,0.1684,0.9265,0.0144,2.0,0,0.022178857999388582
025fdd87694bab3da9aa42cb2daa60ce80024d80024831cb46517a816fa6b5c8,3.0,0.3219,0.9709,0.5458,2.0,0,0.5834752445576192
0260503089df110dc24389a7bf3e1d20d5f767378b6ada320b49a822c2fc933a,13.0,0.1462,0.8405,0.0455,4.0,0,0.027205410481886638
026069a97d2bebcdbcea985c79b7e9f71994b3e993748a3b653ece6b3fc061c2,13.0,0.1941,2.2794,0.0317,3.0,0,0.050322969832794835
02607cd01bbd73b3098c07ddce7cab053de58dfef0cb312ffb429be2264db144,13.0,0.0,1.0,0.0065,0.0,0,0.020263886945132575
0260915cad9671190479d2b46e4e35a71a41969cef3ca49124b107d608d78f35,13.0,0.0927,0.9612,0.1692,3.0,0,0.16414296040832926
02609c3dd62256fd3aa83880e3f1780dbea0d73b91a6e47673f96d21339c6d47,13.0,0.3998,1.4238,1.014,6.0,1,0.7823599149227882
0260a6be276eda6bc06a61ccce6f57f541b4f5dee573c74f9b0062a716c8f3b8,13.0,0.0,1.0,0.0061,0.0,0,0.020263886945132575
02613e775b3165650b3d28078230770cfa1ab1b01c33b5f348a2aba6d5c42d98,13.0,0.1254,1.1778,0.0491,5.0,0,0.020529671151765898
0261607115abe85467d33f3c01d143f4c7e803e7d2aeacc3ad47f096bfe46bb6,9.0,0.4502,0.6762,0.1733,4.0,0,0.6211105333498338
026179f7ac5c0368a9a8d91e7c228b0238bf5cbb22d96ffa98f60d9c4577793a,13.0,0.0,1.0,0.0059,0.0,0,0.021280478197017946
02618cbe59a820018c699d17911d8275dcbeee619f3723dc5339aa820d824fcd,13.0,0.3824,1.0476,0.3301,5.0,0,0.6723738133924434
0261bffe2b6c72fe4256fae190094406d1f49f12a82e98a25aa633e7595c80c7,12.0,0.1762,0.9524,0.0181,1.0,0,0.031432452402502434
0261cede8b0cd1f7546f928bd1508565de2fdf400fdffa1baf30917c7d769d76,13.0,0.1253,0.8389,0.0287,7.0,0,0.019760088709520524
0261ea1488dec1357645cf7eb94fd2f85aee7f62651d5512a89eda74a4e6b715,13.0,0.0,1.0,0.0078,0.0,0,0.03633201737750049
02623e382c1ee5c22a09f6b72ee671ea87fc79bb5c9c3743c71b3a5e98cbba62,13.0,0.1094,1.0943,0.0091,1.0,0,0.024728719871977094
026249c21cdaabe7e91c8e21ed09be62cda52666fa8be8eed81a75bc855f0254,13.0,0.4502,1.0097,0.3377,11.0,0,0.7169832437847264
026253380d0f148f2d8a9a75271c1fdeed2172b18803a0b48d990ded49251117,13.0,0.1364,0.8678,0.0066,1.0,0,0.018611219374391898
02629d385f25a78226a00da2bdadf3da59aea0e6b84e04e6391f88cb07a2c9a9,13.0,0.089,2.1854,0.0737,2.0,0,0.14554326768921377
0262afaf4b689aea6f5a9d398a7fef3d6b79a3b31f265ce4f051dd39102163ab,13.0,0.1391,1.1657,0.0526,2.0,0,0.025588377061313405
0262b3a007941036aba0e435c64f6198d761e5b9a0e5d04b1b86defb399cd747,4.0,0.5661,1.0774,1.4424,1.0,1,0.6999705308837071
0262def5e353ca126d6fb35424d1304ac0467e540df14f3e070c83e4aefbd820,13.0,0.1719,0.6307,0.0554,6.0,0,0.07135660446431957
0262f966a0468553c41dd3e4812029761a96ae1a94019aadc8ab0a4036e08752,13.0,0.0431,-0.0116,0.0624,1.0,0,0.046115028124079506
02630a4b7f3c8beb162d18d1381e6bab014c39a58967d541a414eb9f0dd02d7e,13.0,0.0,1.0,0.0052,0.0,0,0.01978947117409603
0263192a25740aec507e10219fffe755b226a9b30cac2c52ac253f0915c03b10,13.0,0.2476,0.6455,0.2199,2.0,0,0.513590174027344
026320d9b60a20970eef11e36842d481caa564b93949fac4f611805a413c29b0,13.0,0.1793,0.9414,0.0199,1.0,0,0.028895697787847202
026366fc44fb45d2d6e3ae40cf789cc076d5e2e87faf1fd601ac74249ade6180,13.0,0.1094,1.5338,0.0495,2.0,0,0.034177403499861134
0263b73d0b5c79922eae64071a1d21e6c5a2680dbc1321201d5401b1a7ea2ff5,13.0,0.1949,0.8819,0.0221,3.0,0,0.03083099465903655
0263ce4897dfb120b48894cd1be2157c5cf31cb6ab01571c94e24a1ce11f832e,13.0,0.0989,6.0409,0.1086,0.0,1,0.5832206269482594
0263f20cda6ac715186f85275b9fda40ea7c570822fa8b7686e748dd1f9b5f7c,13.0,0.2659,0.5074,2.4625,5.0,1,0.8145561260791951
02641d0999ccf596714e15ecc4f6c0d31bc0143fdef4ade291b4a738b168c339,11.0,0.5549,1.7036,0.3939,10.0,1,0.7891365411914335
02643f4e4ca97aead98e3b5953463a381118350c3d57d17677fe0885a197759a,13.0,0.0867,0.9561,0.0786,1.0,0,0.06636742683596228
0264428c056339b7702e8e83cde68d7d7585247694bbd7507bfeb6c0d4348c28,13.0,0.1064,0.9558,0.0197,5.0,0,0.01770994346981628
026445e246bbe165edae6aa706bdf7619427dad5afdae3acfc3eb336e01e9579,13.0,0.0,1.0,0.1806,11.0,0,0.26595325874682846
026472a04790763277d997d4baadcbeb53c73c1dfc6707540e1a277ccc30bb3b,13.0,0.1445,1.0983,2.0488,6.0,1,0.7553977018013565
02647542e419f586f041ad13d87ec1907831d6e97d0a22e08710638a22f8dcb7,13.0,0.1934,0.9214,0.0444,1.0,0,0.08229590124287395
0264997345d295a825f0ab0a835be51a2e66158169571db895888e787aebe551,13.0,0.5072,0.5461,0.0098,1.0,0,0.06435028179750231
0264d62ccb493f92a305a49b1f2968aeab1f69c823231ec17e00658fa7d0624e,2.0,0.1842,0.9357,0.0702,1.0,0,0.13016380387674395
0264de6d8abb7311bac282cdcba0cc115900252491b3536e163c420231267ea5,13.0,0.1912,1.5921,0.1868,12.0,1,0.5655452899966048
0264df3727073f271146a9f255e404928b99d88ad662516e10bdfabb89095b0f,13.0,0.1704,0.7957,0.2192,3.0,0,0.34716684937976916
0264ec10c09b97662a7b19871e4eaf540050afccf65d264a25832c18f7a5ec59,13.0,0.0,1.0,0.0063,0.0,0,0.020263886945132575
0264f9a5e885c6919f02aa401f680d40cd2fdee38e24828e5f31d49a85648b9c,13.0,0.1113,0.0,0.0081,0.0,0,0.030705442243106805
0265097029903434abbd21d7afbbc38a6fecab9b91cd74717ba11161144a8b9c,12.0,0.0901,1.4957,0.0869,2.0,0,0.10478221100817127
026513fc4e08ca3419767d5bd3c12c1d8c9670a94c906af184d9c88f67c785d7,13.0,0.1552,0.9612,0.0554,4.0,0,0.054974694966159324
026517ac6ce5c89f0ba8566bfde7914582a4fd43a0a4fa2d62fe4b57e8eb0d8e,13.0,0.0978,0.917,0.014,0.0,0,0.048667379287949515
02655021f60f0a410c4f5d952de643ff67609fa069e364afe8d300ff989fa01d,1.0,0.0,1.0,3.0185,1.0,1,0.8216513656085773
02658b8687bae0b4a3809753809ead160d42e913c408b97d9d523694fb2e15a4,13.0,0.1336,0.737,1.0278,1.0,0,0.4147437990816738
02658f861cff6bbaa6931ac7aeeb01e1e93a0fcd1a0ce5ac2c34524ade8c1cce,1.0,0.1784,1.0,0.2953,0.0,1,0.35909941918117533
0265af75ee2ad531fa4701410447259f78bd15586f36783e1cc7eb0786416c8a,13.0,0.2611,1.6621,0.018,3.0,0,0.051525884005362475
0265bd2cf4c8622d0c0d159db58737456c26dc99a8e0ca5dc290f202165216ac,13.0,0.0495,1.3018,0.0342,5.0,0,0.01952464152188625
0265de23d7c63a9986d0dd692c281ce70f11ede9c555b34d0188d8347ba8a95e,13.0,0.1402,1.0116,0.106,5.0,0,0.21409603288900253
0265ee96e630a198fc6158a4fa53015d938e13051208de8e03fd43a2a2ddf9a8,13.0,0.0,1.0,0.005,0.0,0,0.019980332496187008
0265fa8230be8dc902422018432cb039bb1861e3d741acf9f67e5707da525d96,12.0,0.4592,0.9049,0.1656,3.0,1,0.660814416516495
02666ffa98e2f28bc25a9e0533227112fcd08c9c76c0ce84952d27a48da598b9,13.0,0.2987,1.2111,0.0249,1.0,0,0.07208528493710674
026680156a9d63e9d8ba3e6779d3b6798786e21e24e4de16914d7238798fc44b,5.0,0.1239,0.9412,0.0478,1.0,0,0.025909081627173827
026692cfeeef80752e4198c2416324af90e34884f1c02826cc1af2c362d706c1,13.0,0.0,1.0,0.0047,0.0,0,0.019980332496187008
026698370fdaa92482239b04e5372914d33ac66e79627e4d01cfe8b47f6b70db,13.0,0.1005,1.0716,0.026,2.0,0,0.023296042471018453
0266a0aee7057334963cd9ef14ddf8dc4176b312ebac5247387d1e7004ca3fa3,13.0,0.085,1.0295,0.0531,9.0,0,0.024303039172735078
0266a68b48bd6db93917265b1b3fe3c3e69bb6afba8def9d1023e5740d68146f,13.0,0.0525,1.0384,0.0254,2.0,1,0.025658236253824955
0266ae8dcf5115ad661d85d5838bd77eb32f65f782ffcfa32877e69cabb6add7,13.0,0.0553,0.9589,0.0995,10.0,0,0.09703768817115911
0266b43e8932616e386d1f448daa1e82ec6027dac52cfa18534e21eeb1bdf188,13.0,0.0,1.0,0.0063,0.0,0,0.020263886945132575
0266ec01c2f9ec9f12db6775cca6105525dc806c51935cb59dbd3028dafd8d8e,13.0,0.1234,0.7562,0.2066,1.0,0,0.18653252552738855
0267200516ccd710714f2c56dcd1fe530029a3107995413b149be794ee26dd58,13.0,0.1772,0.9812,5.0627,9.0,1,0.8256681259434403
02676df89c6552590662f9b63b679dcdf5d66716dc4cb0a2eadfbdb61e02ea0a,13.0,0.1109,1.5191,0.9435,12.0,1,0.6115131397790223
02677052d187174e42adef5a363ff166cd33148c866d8e7802548524bb94f798,13.0,0.4044,0.8232,0.8472,3.0,0,0.7103013833079105
0267a4f245298551b1174e5c5f316442f3e6ebb0e358d1099e9ffe9acc784eac,13.0,0.1643,1.0616,0.1703,1.0,0,0.30037320439059045
0267a53d6c6acae1f7158a1e17c8d39709c6c3f9325290f6e40ff2e2eeea65b1,13.0,0.3,1.4219,0.3253,4.0,1,0.7251365622938232
0267c086aafc2979f075692725e2f83bab36a328d28557dfe7c4664c165307ba,9.0,0.1223,1.0197,0.1539,2.0,0,0.1573440663048106
0267f26df8177107ab5ecb140a1097c420585d879f6b06cd6617b493f1f1ba38,13.0,0.0971,0.0,0.011,1.0,0,0.02331668785156964
026825ed2a0198a5b31855b4fd7a6aec2f4c6cfa89af1af2a0591d426d1df0f6,13.0,0.0723,1.1363,0.8933,2.0,0,0.32065166783430604
02683a6897970e9496dc1c4df12bfa5e70c2fc14648970f00a07ff2b9964094b,13.0,0.3786,1.13,0.3301,13.0,0,0.6783226539268853
026843b8b7d1a0af977187c9743671135987de870165d8cea8e431ab2d462423,13.0,0.1437,0.8691,0.1004,5.0,0,0.1694157187091379
026852f4e784caf72231488814667789f4e970d41b9d11f9f4ad4b0f4d26225d,13.0,0.1647,0.8815,0.1657,13.0,0,0.31308069769324914
02685b1ff7039dd6e307b921c86dec886a2a732662ac9796cb5fba113b01813b,13.0,0.1063,0.9914,0.0577,2.0,0,0.05129770747306787
02685e879900bc8b2fe457f175f46149bf48a62d2ad942b414b62c95596de5ae,13.0,0.3841,1.2798,0.0731,2.0,0,0.34007853483169165
02686fbdb93fbb5e2e369f6128785ba1e26f7c722878d203e6c197334786ea51,13.0,0.0489,0.842,0.0338,13.0,0,0.03606661242995446
02689833a82559f73228e3dd48bf3d73586139f00352fdfd3419ffd5ca2fbbd5,13.0,0.1051,0.777,0.9694,6.0,0,0.3499861205416576
0268a241366e2e7ac8e4c877980a505163b6920f355087735d98e9093b35df09,13.0,0.0737,2.1174,0.0175,4.0,0,0.02558823142555138
0268a9569ef426a9e66464f1688f5b4bc12d321ed590167bd640a3ac7eab256d,13.0,0.4317,1.3039,0.3652,6.0,1,0.7729620107997204
0268b19ba208504909f3f8b381d108a6ff4407b0785e32d604d2348d893463b9,13.0,0.0698,2.9727,0.0175,1.0,0,0.04931036637710481
0268ea50376054b5530b93b21eb910f173a64caacf8984f06e674538b2eb00ca,13.0,0.1134,1.3242,0.0317,2.0,0,0.022499019890553765
0268f8eb19a0d2ecdb36c0e76232232f44929a6948eda2283d2a275e451932db,13.0,0.4592,0.0,0.032,4.0,0,0.06698768725823484
0269079c9cf945d030cbab6152b04c6c59eb2b35d6f0fa38b0a64ae83fe0711d,13.0,0.1157,1.1178,0.0333,6.0,0,0.018260048268110035
02692d0002d4336ed028ecfedc1815427751e23fd17f027190f469e99943eb54,13.0,0.299,1.7924,0.5029,6.0,1,0.73001862740974
02692e28e4e36989d9f0f91dd14ea6a5994e5a389ca5dd04f4541bfa637216de,13.0,0.0699,3.7176,0.1563,11.0,0,0.29066765929660077
0269322155702680775ac5cf97e695465d0df86f9ff3039a11c6fb6d0d841cd2,13.0,0.1056,0.6574,0.2575,4.0,0,0.182311664510178
026978b3c96301e7c6a4e9d711fc75f87dce50d8a69f65d209c38ae9d69e544e,13.0,0.1484,1.106,0.0313,6.0,0,0.02079204283336724
0269a31fe704b94092358738be5c7076c24fcdeda77b80d5fcbd59ca5c6fe9ec,8.0,0.4397,1.1953,0.1627,0.0,0,0.464398740868381
0269a5f340dd7548299365ccadda158a6fc85015f6d1291abf308ee62d555df9,13.0,0.3084,0.935,1.4497,3.0,1,0.7395967491913127
0269fbf64dd90619e7631e9294abc899b4d1fa002ce989a13245627887ee647d,13.0,0.2076,1.4941,0.1517,1.0,0,0.48165740783340416
026a28bc32a6349a4983fe428957689c1fbae02b5d334dc919615861669e747d,13.0,0.095,0.6982,0.3796,6.0,0,0.2094026760706754
026ad31123827bbc65065718a0946b529922ce4986f011ff589146156e74cc41,13.0,0.1419,0.9305,0.3195,5.0,0,0.35596577236238575
026ad3c84fc6a236fe2477d574d624e9f04327755fda009f7902e50c1d701a32,13.0,0.1527,0.8904,0.0426,6.0,0,0.022819220333493463
026adb3dd6a1f1c2d1fef09334ba8409b390b3d17623278ffb4a10c4e234c546,13.0,0.2022,0.723,0.5307,5.0,0,0.5436587162570118
026b1716ae95a0713c8f41deb5a558ca4122e34485a3840fb4b75f84f773d764,13.0,0.5241,0.0,0.3615,10.0,1,0.6501678248805101
026b17c0049767d58c486a8d70dd738afd84aea7e245bb4bbab810f2ddc031b0,13.0,0.0996,0.9695,0.0577,2.0,0,0.05109827972360728
026b3815d7439c540ac743f5e26107ff0d3a19716b05a486f61a28518b0a16d9,13.0,0.1115,1.0528,0.0352,2.0,0,0.022925880381792524
026b584186692a76cbf0cb8fff72e141a6356377eda96d281cc0c8155b372113,13.0,0.0918,1.4124,0.0333,5.0,0,0.017524618601560946
026b61f69dcc11f47997b19cd3db301e4178b00830136bee29f20c5c619cea9d,13.0,0.0608,0.5424,0.0525,1.0,0,0.026937722946524648
026b68e84e683f60e067653b0a7357747fe4e193abbe5eee9f98e5a61345c956,8.0,0.2212,0.8001,0.1601,3.0,0,0.557134110122953
026ba6e0ec067cc6f64755fa9b0b5560373976023ee80da058d8b0b54936f211,13.0,0.0,1.0,0.2454,11.0,1,0.26589180378600635
026bbb71da9ba17fc60df969553155217a8de60951546940fac6ec1ee1f6a1f7,13.0,0.3739,1.2733,0.0328,3.0,1,0.14514819437229495
026bd80454cebb5acb040538d9565e3281b041dec1a76e287b8c712c157cd696,13.0,0.2084,0.0,0.0122,0.0,0,0.06058484959718315
026bd9e35bc69bbdb267696aa3a40d3d7996ad358a55bff70c4d5e093680a511,13.0,0.0858,1.9501,0.0455,2.0,0,0.046003832919747314
026bf99b7868d6dc541f3fae75616c3f7b87113789884270bcd5448dc9c30a2e,13.0,0.0841,2.1046,0.0162,0.0,0,0.07019271651404528
026c0c1663c21fc2fe0ca69925683c6e5d0ccabab4dd3fc2849d9cd77c686b4a,13.0,0.1797,0.928,0.0707,3.0,0,0.12728195942367326
026c3d1569da0df04f2f739130c86a7b89f0c799ad78d04784151273d9857707,13.0,0.1038,1.3211,0.0355,2.0,0,0.022675898975521087
026c8d43c8aed260c30ef4cccf5d462ea047c4b6310157804f9ae9f2792b885d,13.0,0.1926,0.832,0.0142,2.0,0,0.030914207588284143
026c94b49c5ce182f3266812edf12d631f42391946064a941c257b614fb7cc6a,13.0,0.2477,1.2317,1.3936,3.0,1,0.746321604464666
026c9b88f869f82d3e4748b1fe9156d3b9bf7b35651f1e652b2de0706b39cafc,1.0,0.0,1.0,1.1912,1.0,0,0.5017756256535588
026cbe30558477630fa83297db79455803872142baee9cfe3f4d3f732eea4157,13.0,0.1117,1.1804,0.0558,2.0,0,0.033123137105374297
026d246929f5d89868187a86a9c1d72b569aa0d49cf0a462f8af7788ddb462ea,13.0,0.3614,0.4892,0.1696,1.0,0,0.45948970951730006
026d46c436a352d5cb1425604db983e5520a9efccd590f4b8ec7c08c4e2a270f,13.0,0.5727,0.9892,0.0616,6.0,0,0.4508288600805749
026d77f929ecb9a828ed105c00f2af983d6ab5b4fc191634f5a4ba23d6b7b7b1,13.0,0.1754,0.9374,0.7582,4.0,0,0.43547410641372486
026d9adf529851ab95ec7488a39cfa6541663c95acd0a4fa2c76d35db5f0a78d,13.0,0.0403,1.2466,0.0531,10.0,0,0.024780504813861303
026da30249f22bd9277e069b252edac7c8b30b0dcc14d0fe8399e03acf39b14f,13.0,0.2119,1.7118,0.3193,3.0,1,0.5949558899579601
026da49bf5a360d161e3e7ce4bd541e4168feda36992dc751614c8075e4bb24d,13.0,0.0,1.0,0.0063,0.0,0,0.020263886945132575
026e0a16826e147b3c391a9dba53dfe2167ed0cb5331ead9a20676da470e7dc1,13.0,0.5737,0.6525,0.9606,4.0,0,0.7556205272518313
026e0cbee7e412cb1fad540b578dc164346589b7258f0ea70ffd491fb547ef28,13.0,0.2012,0.6023,0.0403,2.0,0,0.04051257338992487
026e561f46c0236922ee45f758303a63d34d66bce70f68b1d49d71d079a0e0ae,13.0,0.0,1.0,1.1667,11.0,0,0.6000859205235194
026e66012f35722ad8ec2d438392480d4f109f0b7683cf7f6fe44b27d01c3e84,13.0,0.1043,0.4658,0.0393,3.0,0,0.023991329909474855
026e8249bd41f9f7756568cb837fb37a0a18469d0eb803b38daaa054c8c242f7,13.0,0.119,0.897,0.0158,2.0,0,0.019682082560497284
026e8560432d551b81e0e80b1332b6f6cfe5c5fa76469e3b2cc80e8f6178886f,8.0,0.1022,0.595,0.0569,2.0,0,0.04722646144221307
026e8eaefecd82477b7323449f85a7ed5f07ab7869e5888d999fda70aad289ef,1.0,0.0,1.0,0.0025,0.0,0,0.021051628307654998
026eb1bc6eea212195386004d9786f2308ae6f30856941b435bee758bfb2fc9c,13.0,0.1249,0.9767,0.0413,4.0,0,0.019566365573216685
026ef3a81feea5de51a09d5796b996a1e3ec306ccd7327dd96d55d8d440203a4,10.0,0.1859,1.6465,0.2645,3.0,0,0.5556057687271602
026f000bf6a426ae3bf538a73fb4f3967d1ac9063a61e5f8d8bba6e15e92d9f5,13.0,0.1574,1.0979,5.1305,3.0,1,0.8115382775841965
026f474fec740f115dfe7ab8b302f7d09354a484d5dee8057bd488bd91b28d03,13.0,0.0,1.0,0.0052,0.0,0,0.01978947117409603
026f58b4750924cc4cd73ffafc1981e0d4c056937a3c7795f25a6065f296cb85,13.0,0.221,1.1666,0.018,2.0,0,0.03458904817309932
026f6a77f78cff678a553b67514062bca22df8a7ee719b8319746cac39fee49b,13.0,0.1696,0.0,2.2251,6.0,1,0.7017382200252474
026f79a91fad437091440fe9da959415f07151cace8de85dc67660630c829a99,13.0,0.4059,0.7655,0.0589,2.0,0,0.2800883374675256
026fb5cb98bfa9e971cf089a944e080ea3106fda0c0ec660711a5f026d83b6c6,13.0,0.1448,0.0,0.0066,2.0,0,0.02303410345631152
026ff3b9abd4b814c7d6d610c4c289d177e7da08c67f44f511ced1916d0d3948,13.0,0.1764,0.8099,0.0172,4.0,1,0.06080703821789348
02700fe353bd97bc9d8f180597be1d6e746fd0298e72ddaf8e788c9d9d0a7882,8.0,0.1349,0.8497,0.075,1.0,0,0.06080823178599957
027015009e1f8670997981184a05583d2d05370c760d9a8daf4899a32932fe7b,12.0,0.3774,0.7355,0.2921,4.0,1,0.6749711099297596
02702e1ac3cfc7c6b7d3158c8b47e1571d2a03f7195177d76562096c7b5c27b1,13.0,0.128,0.7014,0.0075,0.0,0,0.017807500988940857
027050b05b8627ba69b3d6a9fcba31dba7271a6083c0f1b840a8bf2a51317107,13.0,0.0908,0.0,0.015,0.0,0,0.04786393305443034
02707485cfd05619b6732f45d5b873f89bcc051856f5246536a050c748140149,13.0,0.1451,0.9805,0.0677,3.0,0,0.09200499633234491
0270a0a602aee5ae27e69320f946fe9e5b82d0e88da5964f7e96c95bba323a08,13.0,0.1525,1.1225,0.0454,2.0,0,0.030726538609063096
0270d423fcf1328be96d85b49253a18918a6d67dd211876f88dec945f66684c6,13.0,0.5092,0.876,0.0361,1.0,0,0.09007195269057501
0270e704d74714ae9a6e8ba764874f6dfaf85a6039511c7ec89b60086879bb45,9.0,0.1306,1.1558,0.3272,6.0,1,0.38674313960629336
0270ea88824541642802f1b7710ef968e63702ea3490907d460b340775eae507,13.0,-0.0046,1.0,0.0453,4.0,0,0.029526347219665225
0270fa969b0097f4dbae462489e83213a2a421aacb9dee3747b289b908f8718c,13.0,0.1677,1.0673,0.4252,6.0,0,0.4355284803687692
0270fed953ed3b6aeaffb3709c598b6b01ba776255f64c0e0eb01116cdcf88c1,13.0,0.0114,0.0,2.7073,12.0,1,0.8033033866350076
02710752c6af3fe2b5986a421c895b7bb2c748ad11ba5e7a76d704787ada96e4,13.0,0.1508,1.0092,1.5006,8.0,0,0.6418158881118434
02710c3180eefea2b0f8f23c72b419489d953d7fac1b53766cd7529d366e9f7e,13.0,0.2696,1.8025,0.001,0.0,0,0.13923764428722119
02714f8e39ee5ebf7b8ce457b78990c6ea2db61a4d27e76b1e5a23dc48e92b4e,13.0,0.2145,1.3881,0.0118,0.0,0,0.07053930595057496
027153fa948bdd2ba0aded75f1814459ba42ec5235ad75f0dfd6c5a8d960dbcd,12.0,0.1616,1.0629,0.0069,1.0,0,0.018994339433499045
0271b46e9ddfe7c80b0716ddb5f5b6a79d7496ba8addf5f75ec941211ce1adc3,13.0,0.0,1.0,0.0055,1.0,0,0.0232289663352012
0271e51715f062fdf3e23cad4b3b055744608c179c51cc21a60e3388327ddaa4,13.0,0.1689,1.0016,0.0427,6.0,0,0.026876072922268304
0271fbecd62142c7db9a119939ee623d2cc35f18a99c3d05320794fd166f57c1,13.0,0.0,1.0,0.0059,0.0,0,0.021280478197017946
027214cadee8b56c47538d4dcf0bfbb746801557dca92445dc61439d76c9997a,13.0,0.1558,0.9828,0.0181,4.0,0,0.023560076179526983
02722b8d892170633d20ee6f7f0646ff991f2ddaee68d550eb9e7b561b936cd7,12.0,0.3703,1.0731,0.3479,1.0,0,0.5791133803063213
027231559c26a5b083beda5093fcbe4c0ddae7115d93f2e8a490bae59b8065db,13.0,0.2524,0.6988,0.0118,1.0,0,0.04286405886539283
027258510da7d494bc1f7573884223c49cc221e9d2dbddc5252bdaa9d9c23ddb,13.0,0.1019,1.7227,0.0096,1.0,0,0.030124820495331817
02725fa3dcfa3d1c9a37f499f3bb5d14739489b4c7ef798068547b8427c990f4,13.0,0.0,1.0,0.0042,0.0,0,0.019980332496187008
02727066c0abf0e8734ae4a78361de2c790d76f8cdb465919b108dbaf83fadeb,3.0,0.2844,0.9978,0.0246,2.0,0,0.05434186181916906
02728fa1dfe8cdfeefdbcda3ee35e477fe0218428984053cd0e533200e706a52,13.0,0.2215,0.5743,0.0442,2.0,0,0.05268261702075762
0272a44b9f6906891ffad3d0c68b35c7c951578ca6d23d48811adb335f5826e4,13.0,0.0386,0.0,0.0043,0.0,0,0.01569832901850119
0272b0e539a27e56b00239ac8ab11dbcf604d29e30af11fa771f65f568cddd0d,13.0,0.0,1.0,0.0048,1.0,0,0.02337474926007963
02730b8e534d4745eaa8c5362b6a30a2df9ffdcefe73f50394946fac87d5bde3,13.0,0.1607,0.821,0.0732,3.0,0,0.09647932199234902
02731551c68ab2c941c0ab52741462ee3089e04f1dd2a2a4ac1b22532128737d,13.0,0.0717,1.2113,0.0253,2.0,0,0.022338433228647814
02737e7b1a32bf2e40634474689a077be6cf401046163b306df14d93eff4092f,13.0,0.0,1.0,0.0057,0.0,0,0.01978947117409603
02737ed081a28db69f1d1bbbc7b182f270851a6d5dee96fd772bfb58768ef091,13.0,0.0091,0.0,0.0062,0.0,0,0.0166022259071364
027390c4df967da013fbad719eb878bc94daa9d7be07b9f59e1cc69000fb26ec,13.0,0.1336,1.1858,0.1512,5.0,0,0.22051054419260205
0273c8096e78b959d23b186f662c2dce7f5f51a5dc663c4c460884afc0cdfdcf,10.0,0.4823,3.5582,0.6455,6.0,1,0.8061984938181597
0273d4683d0f008c41faf94b3743c52c7453baf1abde4bfcce3d5461ee139b5d,13.0,0.2863,0.6178,1.1646,3.0,1,0.6675329565697179
0273d90c24a3e23e1a28ca32ced96583e289471fd7c1b2853d83ac268a5a3fdf,13.0,0.0,1.0,0.0071,0.0,0,0.022280945636023855
02740b5abbadeca01082df61caacc3289e61dbaa53e4acef209b349cf188eac9,13.0,0.195,1.0825,1.0279,3.0,1,0.5657165531483563
02740e54c69a77d45b8dddba6282b052d28e53fa7d537d112aa1696b714f6745,13.0,0.2075,1.2365,0.4689,4.0,1,0.5870788020361913
02741ecb103af8c07d3a6143e05124d972f9e048588bfbcba6bdd86b44f46233,13.0,0.0469,1.5465,0.0458,8.0,0,0.027265424374813878
027465bb68137c85b121b73c5ed321e067fc57e802fc65ff656fb3fedf7db2d3,13.0,0.274,0.5839,0.0644,0.0,1,0.30774087457784843
02752813724e7ab58227cdf42db8e382455b3e01aa7268884f2d3fe8b6046c71,13.0,0.012,13.0,1.359,13.0,1,0.7135129928797074
02755179389e3d2a380feabd894af5c16db16f8ee383406d7c24907de7d39553,13.0,0.1329,0.9479,0.0289,13.0,0,0.027713686876117184
0275520cf059ad84995cbda2d8733f1c9738092b91c4485cc7a981cca967ae36,5.0,0.5434,1.0057,0.1651,2.0,1,0.6498350567871192
0275781a1084777258e80665ac673b413a2ff622a8346ede820109dd41ceccb0,13.0,0.3193,1.2773,0.6609,1.0,1,0.6249671998706543
0275a5e6d2e571e449cc2e1ced3c9ea41bb9e9937e2065edad9cffbf9e8da233,13.0,0.1257,1.2356,0.0177,2.0,0,0.02182488270954426
0275ac25ff8cfe925fbf9959f370875f567df0dc2216f1f2450c88a0bfb9f398,13.0,0.1852,1.732,1.3874,5.0,0,0.6558102201216057
0275b3e3d74898475a105f6e1f4c2c360f535b1e162885239288126bc8f622f5,12.0,0.1293,1.3873,0.5019,3.0,0,0.37923566278065995
0275d96b1a009dd0a92b4852519ba930979181b266313bc0b1cc2def33ab980f,13.0,0.1666,0.9653,0.9982,13.0,1,0.5991577727231531
0275f3d59d92277d73a77fccc98f532bc8851f9dda0013cb0e7ae41732f574c8,13.0,0.0678,0.876,0.0276,3.0,0,0.018438601290062393
0275f75e0a1474cf5d159c2fa3d510f3003b006301237f3372b5a1e68fbf9b37,13.0,0.0722,0.7461,0.0431,5.0,0,0.0176703572570404
0275fdbf3a16432c4768104cd449adab3aa840f44a06d433f1a2bc81a468f185,13.0,0.5516,1.7399,0.4604,4.0,0,0.786363065523988
027607a7f9db6281bf5530f067d519cfb01c4b27acc26fd1015cb0f60db9eb8d,13.0,0.2174,0.6206,0.2635,2.0,0,0.5054025570761828
027669d6d3caeb7d213a0e499b2d698d41141938c7449ce5bb2f34bcd7dc8ebc,13.0,0.6141,1.7109,0.1057,7.0,1,0.6337300723587519
02767645d685ed7b04fa277d35a1134c98dadeed031df7f3c1344fe3d27ff721,13.0,0.3302,0.4866,0.0228,2.0,0,0.055938322955576825
027725f24ed1d102ed88c6a6137eeefbc9ecb8520c0a60994759fe9f60946bf1,13.0,0.141,0.9438,0.0446,1.0,1,0.026667653943506404
0277476324ef3539e256f72f17aee279476fa004e5265816309cc8a7960e045f,13.0,0.0,1.0,0.0094,0.0,0,0.07006471872599379
02775177072c17a3a14c11d2da412adb803d3087fa944c78cb47907085a359d7,13.0,0.1624,0.8169,0.0111,6.0,0,0.02054636815556694
02776e8f75698aaf65772aa6cb5415ea23560a358ec3e7405d41fbaf8c727eab,13.0,0.2473,0.7376,0.837,4.0,0,0.6309808001856905
0277af7bd7937916d430f7d25e5a2da2e4f3d6f6f5f2901e4478818bd5174292,13.0,0.1729,0.8826,0.0257,2.0,0,0.024612068738808432
0277d0d6f8ca7a2ecc6c3eb157dc9b32a0ab94271a16880d4cfc995fdc2035e3,13.0,0.0,1.0,0.0747,0.0,0,0.1250547568197575
0277d9ae59a2cd685a5fb66d3de81afd89d1526aafdb6b5cb547e2272457a399,13.0,0.1632,1.0592,0.0218,3.0,0,0.025162724491460307
02783144b0c6e0910dee1e2cd68089685bf0edafe62496cae4001745f87be55e,13.0,0.1167,0.7701,0.0388,6.0,0,0.018324788608112284
0279067469cdea9158888ca9c3f6cbc10e5ce5f08a89218a08cc3d8a38d337b6,13.0,0.1294,0.9671,0.1923,4.0,0,0.24928061551845826
02790b18817fb90df05e1f2dac89b7b073738856f6213da68a90d5f4f6553ba4,13.0,0.1174,0.9132,0.0164,0.0,0,0.0484905002029822
02793a75736b7025e8dad700f94b63cb2471be08ed33fc7c6ba4c35270e4afbe,13.0,0.1576,1.2423,0.0333,1.0,0,0.0258045803957419
02795a01542dfb9c24a2cbe6f4e6e6cb69f4ecab6235bdd6d615a06ee817591f,13.0,0.4014,0.905,0.1512,3.0,0,0.6327922655566527
02795c8ac56761dd16c11e9d28f0337ae14c602805256c9c84225ebbda4d70ea,13.0,0.2871,0.5281,0.8418,3.0,1,0.6526727731553084
02799d677c53d8f6d1fb6d20ba967a39ea5ea045d07205b3d1ae951cb687b28f,13.0,0.1717,1.023,0.0424,3.0,0,0.03906656705267604
0279a3350d422c7098740a402fad6259e2366319237b9a032260e8914437aec5,13.0,0.186,0.8302,0.0327,2.0,0,0.04612763149982322
0279d3959db4fda2127529439ee5f9f8bb87b5262ecda95fd1c75994e9fdcf17,11.0,0.0,1.0,0.0193,2.0,0,0.04726716098037076
0279ddcf5907e29c2bccfeacc3a5932dce44a24e99b296d96a608249a759305e,13.0,0.0,1.0,0.0046,0.0,0,0.019980332496187008
0279ddd88f3dde604ce14b750c18aa2885763c22a9c97a403a2aaf89e154c8aa,13.0,0.1735,0.8843,0.0124,1.0,0,0.02376632446792903
0279edd7f4d69fccb475ccb8d5b403e2ddbbd5acf72f8b66bab637e5da355b75,1.0,0.0,1.0,0.0022,0.0,0,0.021051628307654998
027a11e5f61f90fdf53fe1c2607b04ed5f4ee8732e22a82461dc38539a8b7f7b,13.0,0.1577,0.9642,0.2666,4.0,0,0.3783674420996634
027a33a8727d641f9df0843545dd736f26f7ce41bd9c423ba2ee39fa5ea76cf6,13.0,0.168,0.9798,0.1403,3.0,0,0.24689570473029943
027a37cf3cc64a288fcdf2bee404cb85dbe263ccd9b91c201fa11dc5b461468c,13.0,0.129,0.0,0.5937,7.0,1,0.28112893442764064
027a38013d27b09098e50d84bdb9fe39d02d36bab7b2c8db288f76331c674b3e,13.0,0.3534,0.7527,0.0058,1.0,0,0.0412343329647916
027a45ccfa660b43026d715ef7235d93a329746525477ba64611b3fa6ebf1239,13.0,0.0,1.0,0.0057,0.0,0,0.01978947117409603
027a4d525bd10d45034e68fb3b75c097deb14924e5632d07d0a7363cd01ff9f3,13.0,0.1524,1.0483,0.1026,7.0,0,0.23287078300260033
027a75a4216b06de887d50b6b086a70b9c49306cb05520c183375537e8bbb0f0,13.0,0.0,1.0,0.008,0.0,0,0.03828730443968284
027ad3d9be0c3683dc96c27b2780580115f23997076ec9e115372bbb7c06cbec,13.0,0.1708,0.0,0.0075,0.0,0,0.052401549187669635
027b25b399a6d73533e3157e8a0b7055e01933614c8ed341151267cc97f8c6a6,13.0,0.2214,0.7931,0.0282,4.0,0,0.04103382755660168
027b260085406ee5c958301f96ccc3e3267493d1dcb07b8d45416c2bb28c0c8c,13.0,0.0,1.0,0.0032,0.0,0,0.019980332496187008
027b382e3681760b8a8d72f07b2280830bcd6814e314f9024cadbecadf350425,13.0,0.0,1.0,0.0055,0.0,0,0.01978947117409603
027b72634e568965dcfaf99b8791ba4164361ef00c26457e43d85667c9325b2c,13.0,0.1287,1.0145,0.0952,2.0,0,0.07114211267415878
027b8d4e2f7750340d14ab500f194a3d3525ac981fabf0cd52e39a0feea493fa,13.0,0.1643,0.6128,0.3026,4.0,1,0.3587050096537412
027bb8d04cf8df4f57721b82a9b982c27dea1e38f5937000c671c3b973e978cc,13.0,0.524,0.8737,0.3137,13.0,1,0.7302478278047531
027bbab926ddec25310f14a46098bd3672d9ac241348a85daeb27e1c3e6a2f52,13.0,0.138,1.4924,0.027,1.0,0,0.027044240376700744
027c40f1cfee95b43d6998fe2e796c5b54b4ff91c8a1f0d4d9255a41c40b2ba3,13.0,0.0,1.0,0.0074,1.0,0,0.025174868857605906
027c573f8e870130fd23042b8e9a320b2a35a0fb066d95e941a3b4876d41075d,13.0,0.3241,1.0023,0.331,7.0,0,0.6530526699083457
027c607e46088a42100701d9aed4c4699c55c26fa77bb75c3c2a635819664761,13.0,0.1358,0.9167,0.0396,2.0,0,0.021273968113999415
027c8767b49e4cc8fd28f99e34abbc7c1128281874b7446031af73a1d49426ab,13.0,0.0,1.0,0.0066,0.0,0,0.023516553475718346
027cf98b0ab089f6d743c003a1c1de035369d9ccbe1feea1a863126f66c6ab1e,13.0,0.2149,0.7979,0.9134,4.0,1,0.6331227492788082
027d0696c4e3f340d794908493f46d18827d24adbb92d562deac9d45cf5f4eaf,13.0,0.3845,0.4158,0.1621,4.0,0,0.5771213360125984
027d4bef1c2fea8437aaaea658e82d5710999afe26f04fa5231c16831671a370,7.0,0.1466,0.0,0.1056,2.0,0,0.15972407506619668
027d743ee31b4b38f67b233a0b9eaa851ec547e29da3ae7d82cb76677092f4a9,13.0,0.4178,0.8102,0.6498,4.0,0,0.7104667243494762
027d907713c3c95d3f627ddbea7ee729e1aa1a6b354af5800d352251d1a65182,13.0,0.1555,0.622,0.1003,5.0,0,0.17005734412962334
027d9924e3421f0f5a1e38bcbdc6741cd19f9b70a79e5dc6c1eb02758b5c4831,13.0,0.4206,0.4009,0.0433,4.0,0,0.17294797959902816
027dae4ad3b0140b68be52e3bfff0eff828b13c943cbc9d00de1f23e61e6d30e,13.0,0.0,1.0,0.0057,0.0,0,0.01978947117409603
027db68753fb725f0471a223efbf7a39c7545f7833a60eb6056eac325f5f9ed7,12.0,0.4528,0.3943,0.3084,4.0,1,0.6655460337102967
027dcd500e28362162475c08718894cbfdef4bbb92ba4de13c3ff9b0791017f8,7.0,0.1763,0.9977,0.4319,1.0,0,0.4074928060872402
027dd06ce3ad37e17b65054de6a436e18b5b31671e5ed0bd1cf567b8a8f3cd8b,13.0,0.1905,0.9231,0.0553,3.0,0,0.09313738196403484
027de64bc3e77e17b5f540a8615ccf40b696c66a625835ed4c59ab3a52922fd3,7.0,0.3056,0.7704,0.0486,2.0,0,0.1147960198084413
027e587f6c9af10cacbe41d967be389df40660a163156c5a682262993461747c,13.0,0.0946,1.0068,0.031,5.0,0,0.01878758673507938
027e8ea6707c211345957ce9a4786e3e2486a8007df348f16d53052a1ff9b62c,13.0,0.17,1.0107,0.2235,5.0,0,0.39868139721516804
027eb87adc149907b201f4bedff151a7c601aabe133e7a213ae7049465b201c4,12.0,0.1412,1.1571,0.1895,3.0,0,0.38147428175998405
027ebea9147e5f3449e3e4801e9976c606b423132f328071ddbdc5bcd6f131fa,13.0,0.213,1.7866,0.0625,2.0,0,0.1630203578320236
027ee4d22d7f889dc1866f2b451e11d64764bb187828595a0fa22ae4811cd2c8,13.0,0.0,1.0,0.0059,0.0,0,0.021280478197017946
027ef2ec3db03693149c2105cc2679ca48ad9e1efedf77b5a5ab7e7c87df228e,13.0,0.2139,1.5877,0.0567,3.0,0,0.13129050709043766
027f053b111487e1ceb6a48a914fa1e25ae0f5dcc1b6984bdec26fe15a4377e0,8.0,0.2323,2.3598,0.5798,7.0,0,0.6372895116625457
027f31022d4dfdcab47577516d8dd2a4afe4f4d21b8fd6930f76348e6105b8ce,6.0,0.6884,1.2221,5.2076,3.0,1,0.8970063845318337
027f3a3a292332af6de6e321a2fe9f86c41aab15a845258e8315d7704fb80627,13.0,0.1152,1.0137,0.0372,1.0,0,0.02611481689199997
027f78e3fd6e9b290d11b9c52eef98f6c768311e3ef5c096c41a53d2ef1427c0,13.0,0.0706,0.0,0.0137,0.0,0,0.04782469028294885
027fb3eee1b71c2f38b5a0bff56df3136b07bd346210dd6f622b70805e817f09,13.0,0.1388,0.9943,0.1918,4.0,0,0.28313951701164286
027fccdaf7215c67075662e6c54c776711dc3b2ef17d96746eb95a4dcd2e7d7c,13.0,0.2623,1.2913,0.0066,0.0,0,0.04864336199765036
027fd62f932534e5a89b01ace5454c52ab8543dc1d8e8c14cadcf9dc7df0d424,13.0,0.147,1.187,-0.0004,0.0,0,0.04170709921738415
027ffd630effb4513a2ff524856a791272af391f25d9bd0b532aa07d7d97cee5,13.0,0.5922,0.4841,0.3943,3.0,1,0.6905719374736222
028006340b353c499bcc863ab812b46d062237d3c059b5f59ba10a45822a800d,13.0,0.0822,0.9902,0.056,6.0,0,0.03554324380556763
028022cec0be84352f9780b597310c244293f38d7d85a0c70ba036d1881dc7d7,13.0,0.0,1.0,0.0074,0.0,0,0.022280945636023855
02802db95103848f628fa1d5b711d431cd989f73ceb0f87f0e33510cbaa4ceb2,13.0,0.304,1.3591,0.4748,1.0,1,0.6523333348392423
02806e161645b125fcf3a73b8a02ebfeeb2023b90bc6b7902d27b43c6148e933,6.0,0.1865,0.9374,1.2324,1.0,1,0.6210488353143041
028091ba63be08990735c8a2930981820df3943dc9f1c748b14efb5c64269e0c,13.0,0.0,1.0,0.0126,0.0,0,0.07704350507592042
0280dcead5a1d85fd643a958ff820de37c875b0440789abf178ce9f9b743b3f4,13.0,0.4462,0.8654,0.5644,6.0,1,0.7187385730297104
028116f9bb1e11c01157bd0614df868ec612b0594f38531a9815908f980515db,13.0,0.364,0.9801,0.8837,3.0,1,0.6713019839078221
028144280412d7f52753f4f437b93f5270119f2659158ae930044d69019972b5,4.0,0.5008,2.0746,0.1892,0.0,1,0.5484711322223016
0281717f7215f18f713adcbf220d77bcc12d6a60828271fc6d8bca6f74851ad7,13.0,0.124,1.2367,0.0272,3.0,0,0.01994460094575915
0281a998d7caf6ca6d71f7709d3714d6b5ed6df9bd33b739e127e50b41f00b32,13.0,0.1571,0.0,0.7577,7.0,1,0.4189528435962817
0281bae6c66c0e9f995ff2efda46ddaa12a6358af5961fcc3dbd56672d5979d7,13.0,0.129,1.7374,0.7301,9.0,0,0.46093097921102116
0281f372cef331c62540bbc89a2322168e8518d152c57b1c8ea99eb887b7f5c7,13.0,0.0811,1.1808,0.021,2.0,0,0.022338433228647814
02822ef522a7454b942092a24d6272c7e5625dc0aefa1de96a5929591852e8c7,13.0,0.1332,1.2486,0.0225,4.0,0,0.018412981811222907
028238a3ecdbeeebdc3c2144ad332a834294a5f18f176168da72e5cbda4ed6c0,13.0,0.2623,1.0558,0.0702,3.0,0,0.1982476851386
02825d342443cfcb12a03aca0cca12874d0845c257aea7c4ccb725f0984bf415,13.0,0.2517,0.7838,0.7808,5.0,1,0.6260971618176603
028275c6339e234465e0021825d759c6804b6ad155de024c0cbcd7e1a5bc284a,13.0,0.128,1.854,0.01,1.0,0,0.032164483753809585
02827721d856b09bbdfd584915a4dd190b4568f6bf3dcdce5d45faea9a8845e0,13.0,0.1226,0.8306,0.1172,4.0,0,0.12025221722752188
0282a9748cfa955bb922feb33c43549d49130682f9e23e5e980e27b2840b4129,3.0,0.4467,1.0635,0.0821,2.0,1,0.36728454078127115
0282fa472d0ba0f390ecc05f8d122cdb16509d1daca403de5a9d1ea5cd1cf909,13.0,0.1614,1.0143,0.0989,5.0,0,0.20040919768541737
028328ead47992cd83d77bf5ad2f985ad6133235753f17ac954ec75d4eba8eba,1.0,0.0,1.0,0.7651,1.0,1,0.35364023963600855
0283547bdc1073920908fe91afa0ee77f2b35279cc81313bdd1cc28afab95f28,13.0,0.129,0.9798,0.0232,2.0,0,0.02177788690715625
028359187df333dec86588e6f7e3275ccc9b12a67c0b4776f2491f2fc1eb97cd,8.0,0.8353,1.2102,0.0796,1.0,1,0.44478824020792695
028364ade60a8a4c5da5e9555f19457117f6fa2a5061ddec9f1e77d317a75d18,13.0,0.6571,0.7545,0.0428,3.0,0,0.16018741308065873
028376594b7b6a34a89c60b04e195bd9d287bd84257aa5106d79948d56d3ab5a,4.0,0.5381,1.0347,0.4175,2.0,1,0.700248170320944
02837e3ad2a9f4d354549013da9573dcf75825903c66fe02dbe25dd5c38ff3c0,9.0,0.2577,1.3709,0.0572,3.0,0,0.20336345088868463
02838f42812d1ff2eeba132dad736698fa3ef3bc163b4a68c513e2aa06dbd97e,13.0,0.1775,0.9218,1.0024,2.0,1,0.5138963605446477
028391c47768deb766bd2ebb7d96d4109137ced0c7578c4d2317e7908265af9b,1.0,0.0,1.0,0.0122,0.0,0,0.07704350507592042
0283a062443a2ee87203665c0806488ae6d917e39c6b733469dbdb0af1654a65,4.0,0.269,1.0406,0.1678,2.0,1,0.5640507088455934
0283fe0e42210bfe2c1d0bd578822e4eae4d7bd37b9c62a36f23753c5bc4777b,13.0,0.1499,1.1997,1.296,6.0,0,0.6304763967483659
02841699f03940809734f16f5722e8e4d70111480deba4d6c7abaf68f7b7fa86,13.0,0.1298,0.943,0.0226,2.0,0,0.021869187606752622
028439019a59b91626d2991d362be7290f74cc30a51df791a685e4487e52ad09,13.0,0.0805,0.6781,0.0617,2.0,0,0.04426845719413821
02844dee5df2793e8cc928b20aec79f888b16d5cbe65e053b9c6667a801161d4,13.0,0.0217,0.0,0.0072,3.0,0,0.017119969380043926
028470aad9ce6e4b8ed033a6482d9ccb5c0eb9f1490c0db67d9676672ec09913,5.0,0.0978,0.4306,0.1291,2.0,0,0.11138112616924215
02847afa5a9ae43f3e17f5cd363dffab97b8cf4a6aa052bf59f3fe85674b98f1,13.0,0.1518,1.1113,0.0967,2.0,0,0.13780807172238232
028484dc720724875c9f9c0366e6dd00a6806dbb6c01b9b14f0ff12085cf7982,13.0,0.196,0.8251,0.1892,3.0,1,0.48520451604309345
02848a5c76590e8a2d8dd018448621dd05bfede62b9003a25970e4ac71bc98d5,13.0,0.7478,2.3547,0.2549,7.0,1,0.7562900924633934
0284c0bfc3346cca923fedcf46474a8c84ccdec36051e0bc393f550fbc109b54,13.0,0.2255,1.2725,0.3849,11.0,1,0.6006615114032335
0284d4ae52d98ba5365d6b11799a13ecf1ead893ad43ef81386d16df1db1eb16,13.0,0.0,1.0,0.0065,0.0,0,0.020263886945132575
0284e4de2d9e49f3630a5ef9109b61211f6e55b759eaf7c32d75ce3092477298,13.0,0.1191,0.9187,0.6823,4.0,0,0.3017568454005023
02852cfdc746552241231554b0aef682439db1153b62e6f860c00814c8bb344a,2.0,0.1982,0.9518,0.3664,0.0,0,0.3464847307605538
02853219369fcc26f7858a1771aa782cde1d81e387ba80d7d7872145cdab928b,13.0,0.0876,0.8383,0.0345,4.0,0,0.01709444608035774
02854e7428e7bd6e0715a1c0c11afa8837dadf3bcc31eea8867ff95840ab9dae,4.0,0.6041,1.0767,0.2573,3.0,0,0.696169708488358
02858b5c4f0ba81d0e5abf708e885d25c3d78424d52b31160afca167405a2e4b,13.0,0.1301,1.0264,0.051,5.0,0,0.022669040736101785
02859ae21dca3cc6f9dc19b9db0634e993f1495cb946a78c8dcaab20c124e863,13.0,0.0827,1.0681,0.044,9.0,0,0.022484997328040084
0285caac6cdc42c37eb132e0ff5c103099ce126884655ac5d3df4ae06b08db48,13.0,0.1514,1.1122,0.0793,11.0,0,0.12957525817139876
0285ccf164e11c45fb76db44dba31a3b1f639b1de30b99c8bb153696db95687f,13.0,0.0,1.0,0.0067,0.0,0,0.02219398911428473
02863a5b1670388870fecc5ca2daacaecbb98581e191a687d1cfb6b8f6aa11e6,13.0,0.135,0.884,0.0291,2.0,0,0.019719402673091416
028648f160404a22cfead0e9fe712d728ba2504f3f6ec0e6d7608479f5cbc371,13.0,0.1548,0.9809,0.0664,4.0,0,0.09396878850199951
02864a5f9002e17b8b644327e329fad8b3128fe8d4a52ef125755b57f725e7d5,13.0,0.8255,0.9541,0.1341,4.0,0,0.6740461340462999
0286807618bab18517879eb0815141da69acd1b5038ebeb8cdf333721cebf992,13.0,0.0909,0.929,0.0303,5.0,0,0.01637429841229062
028709003ef366570feaeff75b2b23c7fddd3383d8c895d4b27b13461c56d5e5,13.0,0.142,0.0,0.0667,9.0,0,0.06863591502108632
028748ebe00dbad6f9bfc46dcd536c92ca51b3acbecaf14f57ada65fd8a0cb38,13.0,0.083,0.7748,0.4542,2.0,0,0.19954310351589363
028754466f6388cb13e1665132a3166b59be97228ddecac5a30b7e0a479b7970,13.0,0.1344,1.0165,0.0275,2.0,0,0.023340079810828324
028760109b07553bfcfa938c74365421ae1a80dacaecc85ffdaceeac3b5dc372,13.0,0.1728,0.6697,0.4752,11.0,1,0.38339303227450977
02876d9b3581422f42808b0a2c751014bd5530c3b765d6bf9641f0707dc5c376,13.0,0.3454,0.8332,0.6652,7.0,1,0.6631202020063433
0287a53e8d56d7ba436e6abb9bee67b578b66a7ac42ad3076139c78f18f9d0ef,13.0,0.1768,1.1134,0.0229,7.0,0,0.04557011927511359
0287a66f2fc03d8885d810e3294918fdac9eccc639394c927d915ea02fce8b4e,13.0,0.0261,0.0,0.0061,0.0,0,0.015903437195320887
0287f40bb0ea927fa219a6f6c6b2b2acade508096038be9a14c1e41ebc427e56,9.0,0.1435,0.8736,0.0836,2.0,0,0.11611656624042017
028818754b6bc014af92e84dccaf33cd6e81cdd08905c657d2836ec5af1542ab,13.0,0.109,1.4773,0.0592,3.0,0,0.06617930059730187
02882e385049fbb3887a4b28663422d9bb6a6ac3e1e7cb57d1cd4bd299a193a8,13.0,0.3201,1.1048,0.0632,3.0,0,0.2572190792296902
02888572254213b2d3fa9ea6be79473bb6179d29edd9f94b214da8188f02c3b6,13.0,0.0308,0.0,0.0075,0.0,0,0.01720718258340019
0288d780ab9fde9e65baddcb2069cf63eef1e2a8dfb284dc0b5a3f2a1d8c1329,13.0,0.1011,0.9754,0.0309,13.0,0,0.02829770820980705
0288f3127472e8352adc75fcf8a0fc528d44a5e167d1b4eebb82c50c2b438917,4.0,0.4754,1.23,0.1182,1.0,1,0.5674818225315915
028901bb104ed93a2bec4110b703f9deca1f2313bf1fc4e8a511f03f5cf2b313,13.0,0.3615,0.6385,0.4726,5.0,1,0.6425304580290526
028903ad3f933cb456416944caaf8f2c01d39d68234b1af7cace69e533eb313b,13.0,0.1689,0.9902,0.1137,11.0,0,0.23922754765618287
028926a852cad1da00fd270906859d805efefdf71ee677de589646f00dc8ba7f,13.0,0.0,1.0,0.0091,0.0,0,0.07006471872599379
02892cd7fec17f018ee1aa1e010e4291956b5d4917aad47add1c1a2c15c3fdc8,13.0,0.0486,-1.0421,0.0195,2.0,0,0.022127181543338058
028a08cd08651d465f49395382161b71cb5420b4c6cbeb322300a2df9db97577,13.0,0.1344,1.0362,0.1837,6.0,0,0.29677364648708626
028a5a134bbdb4fa5628b1993c6a5de22a5d996134fe023034f9766354ebb8ff,13.0,0.144,1.2253,0.0443,1.0,0,0.03142897910021771
028a6a8b084f98f19ac0adb700aa93077798450d7dc0ad904938f208251d8325,13.0,0.1438,0.733,0.0403,2.0,0,0.02654761983423961
028a84d34381399bbbb320cf5e55eef8d5ab5e45e390c79717979fa38b791b59,13.0,0.3358,0.893,0.5572,1.0,0,0.5466882610464094
028a9c5698d4e5458438db4c4e3bc76cca9bebd680bdd54d60bff949840a9f11,5.0,0.3578,1.0049,0.879,4.0,0,0.6821381199716591
028ac1ab6035abba7ee4afe48cb390c3acfdade9ec3f6fb341a6f250508c0509,13.0,0.2249,0.7707,0.0249,1.0,0,0.04042847774575638
028ad931bb00b0526022eeb77cfd7d9bf5b2e01dc54ea10be3e04d883b22691e,13.0,0.3876,0.7074,0.3059,2.0,0,0.6266857367279934
028ae9890b945dad49cac75a5bffa17a4cd9cd1490fce78374748c95ea4511ac,13.0,0.0,1.0,0.0056,0.0,0,0.01978947117409603
028afd3bd6797d2f87ae815994777250f8d5746ac884c41b4334c24a33e81b9a,11.0,0.1987,0.8755,0.8824,5.0,1,0.5902813974708869
028b0e041434bcb862869272fee72c5d7a7e3163357802c15237b66d2468eb4f,2.0,0.0701,1.0385,0.0511,1.0,0,0.028333290625715893
028b92094b2c977e4afc4f523a576609cd75f70232f7cff5c990be8b43b61910,13.0,0.0891,0.958,0.0561,3.0,0,0.050248883549900605
028bb82b9827b8b93ce83fe64e66115ed38e11cdfa5add074f2eadf579d30db1,13.0,0.1586,1.0225,0.0561,2.0,1,0.12298991770129167
028c1a2a8d0599dfeb6d8efbcff8a7704372f1dc4b65da006ae252cfcfd9ea49,11.0,0.4304,0.7918,0.237,10.0,1,0.6691478737769663
028d2306468f6275736563dec9e5fafe6ac33475d1fc9a02c891af7c4031b5b2,12.0,0.1611,0.0,0.0133,2.0,0,0.024194280514546113
028d27bd26d92f29202d5eb1b95c96e36712cbe69454ca54632d1a529acc68fe,13.0,0.1961,0.646,0.2711,6.0,0,0.46435072473772293
028d620fd8676078181cb1f0d144f460c6b8fc7b08ea7ec53d51e37ba09d5654,13.0,0.1322,1.0043,0.0375,3.0,0,0.02143657284449589
028d6791d1ee452c1e3ba7117e365822701377924da3825a2db3ac3f4b1df6a7,13.0,0.0,1.0,0.0114,0.0,0,0.07688026147883344
028d84f069a1d602db04dcccd90ebfa854e307c2a882d3fc6079d72f6c08fef5,8.0,0.1436,1.0571,0.0633,4.0,0,0.11254695311112047
028ddc93cf317ea2e323f87f06b8475fccf3847de2454a4088ec7dff22844402,13.0,0.0,1.0,0.0713,8.0,0,0.10890736777066941
028df5152185caf6b1b532b28be7181bf6e385221c59c8850542f0f8221adb02,13.0,0.1713,0.8423,0.0943,5.0,0,0.18524097248491828
028e4220a9481a3ba64b9bf9e1f5528da3d3f086b6c6a7992299082c020a5c51,13.0,0.222,0.4262,0.0468,3.0,0,0.04354425785615214
028e5106661ed74b65daccd598ad4db39c472f074b52170da97c6b1ad46e382b,10.0,0.3718,0.4758,0.2044,8.0,0,0.5917412768637267
028e86632439070b6ddeb7868afac5657c278f7ea66e16c374d54f6b1ae7b1eb,13.0,0.0,1.0,0.0082,0.0,0,0.037720949013385574
028ef5fbd391bf859c7ca97e8bad3427ca72d28de3ccac215940debc8ee7133c,13.0,0.2751,0.775,0.0221,2.0,0,0.03803889403359748
028ef7001db03c30169bc87afc0a171e9425326b0f2a166e688c2ffb33a885fa,13.0,0.0,1.0,0.0067,0.0,0,0.02219398911428473
028f032aa2eb8444f2a394ba6f373702c74750978e42d37a091b63835b4099e8,13.0,0.1487,0.9851,0.0559,1.0,0,0.05049024070704222
028f062e67e96b7999533664ed383b6e02bca6fe2a2ad2c1fb6074b8050fa7b5,13.0,0.1867,1.3009,0.0225,2.0,0,0.036680789459288626
028f0b3287aae9688fc58cb05759d8b5d06eee194fdf13354b5b2fe4c2ab3ccd,10.0,0.5618,0.4535,0.6013,3.0,0,0.6739224351616226
028f0f464b9cca31b19c47413c6db0dbf5185e8629afc98654854cab72e4242f,13.0,0.1526,0.8605,0.0142,1.0,0,0.02243109364445224
028f3ec8bbe8ee859e6aac66bb9eb23e955cb28a0d30f40b7b543225801ec8c9,13.0,0.1672,0.0,0.0332,4.0,0,0.02916104945867442
028fafaf28df7988c138b72adb72d5e9788e9ad12b2141c06cc330556e6fd5b3,13.0,0.1568,0.9617,0.0339,1.0,0,0.026057650141280822
028fb095bd4a61d61e1330b4c3a1f56be3ac672224c48c0dc55678ee1e289ed8,13.0,0.1642,0.7623,0.1992,5.0,1,0.3427415846715015
028fbbef3096ef97c8c67005ccba4f3757aea038b4d168e871d8a4f565d3c62e,13.0,0.0726,0.0,0.0212,3.0,0,0.019322390901891348
028ffb7489d8f73762333d3093908590b59456e9c8a5828c86ed786b83713c64,13.0,0.074,0.7363,0.0315,13.0,0,0.024953980311320616
02900583a8906811dcec25eff0c5bb3bc41f086a077276161d4c06e670378182,13.0,0.2649,0.4462,1.7084,4.0,1,0.7926063319208824
02903a0d2333103542d73e74bfced51cbb0694a7b5ccf2e53d3245741311dcb8,13.0,0.0842,-0.4297,0.0585,1.0,0,0.04711485548969988
02906ae00226d06eeea2330baaf74c8a6f2b75aed7746dc36eaf5f36737fe05f,13.0,0.0,1.0,0.0099,0.0,0,0.07447578192254842
0290b5ff41c7352aef272adc337fb20cab0805f3a012a823edfbb0532a876675,13.0,0.2568,3.3295,0.8016,4.0,1,0.6636872877025369
0290d1a21ceeed8558d50226f5f481880244a1caf78cb0ca7ce5381e378e5aed,13.0,0.1412,0.0,0.1603,5.0,0,0.2686139774463951
0290e23e1b3b9fb902dc0531fe3d5191054da9c2a5af9e8a6773878e4cebbe87,13.0,1.0166,1.3344,1.0731,5.0,0,0.7991969712262069
0290e895e1f3e9bfb1ab94f154df8fa31338f751894897b3b86fc1769ca7ec28,13.0,0.1695,1.0298,0.3769,3.0,0,0.4195159022376759
02911079be1ab0962ec24cefa3fe3044d053ae98689af2ce67a08fe404439dd4,13.0,0.1483,0.9533,0.0304,3.0,0,0.025699264688006904
02913fe4fc0664a86ef7b53ac150cc06e05438cd7b65717d4558d736662a5283,13.0,0.2377,0.8371,0.2634,4.0,1,0.5899638965921339
0291709a2d64c8e353b2b469f9f2aac06fb71e301c1f5d3ca4d1f8f393e97eda,13.0,0.0978,0.9048,0.5747,9.0,0,0.24894359056032805
0291b0b9c24cc4324b9d2062e39b61d1996b73a4c9e38ffb999681c73a133776,13.0,0.465,0.9853,0.7777,1.0,0,0.6165086913119047
0291bad8fa2759031db4d04ddbc99f1a58114edb3945ab03410d526044762006,13.0,0.5545,0.5365,1.0682,5.0,1,0.7571639211413764
0291c9136aa38874311d4908b11ea37ef80922d4706a6db9b2d0e916200a7f19,13.0,0.22,0.7012,0.294,5.0,1,0.5798705203202293
0291d79d64516016e9c36154ab2fafd444905e19e12de02b0c2909ff1ebf4ce4,13.0,0.1072,0.0,0.0084,0.0,0,0.03650201355129892
0291db2c1ede0a54167bf7c820ec62b2d5bbdd6fe2840b1aa59fc9b9ab40c9c7,13.0,0.1521,0.8946,0.016,0.0,0,0.054599660753495954
0291f490cff50260e845aabcc2515da6ea8fbd1cf698b3bb053180c6d9ba20c3,13.0,0.1683,0.7239,0.1274,5.0,0,0.2409667926633815
02921502086ee2f113b28f750f9f77313abaabe028a00e3f9d39a78b5b7766a1,9.0,0.8794,0.8188,2.4519,1.0,1,0.7462862806923711
02923b81f894d5b0ff0f3872ab97eee30ce449d4a66b7d8cb85b326ac8efbc6c,13.0,0.2152,0.9348,0.0169,2.0,0,0.03306551237338902
0292442fa32178d34d43fbc7cd111af1901a5959e8694dfac58117123b056c8a,13.0,0.1922,1.008,1.1374,13.0,1,0.6244837844479645
029257eb120d155cdb975a92bd0af0c6810831dd75389619af7cbc965a64f1da,13.0,0.1595,1.0423,1.9259,11.0,1,0.739455961849814
02926ab3b1cd40a3e9629d1113bcc019128d1edc5ab1687c66b0225d3eedfc02,13.0,0.4177,1.0041,0.5605,5.0,1,0.7053222621522615
0292a839ef1f045ff1946ac76027794b8890dd1e6312c1eea0777772642036c7,13.0,0.0978,1.2778,0.0206,13.0,0,0.022391429880007297
0292a96cd6b90386dc927658a886444b28f91265f1cbd0eced0ee94a47b867cf,12.0,0.342,0.3617,3.1991,4.0,1,0.8741878167910745
0292dcd54d5762f00e5f0793d58d3a36eae91a69a60a56e29b9cb43f0f44849a,13.0,0.1781,0.9388,0.0287,2.0,0,0.0299986267472593
0292e8a7ee0b78195083a06e392c9cf4266098343e5e7341a80cf6e7e23d6829,13.0,0.0,1.0,0.0087,0.0,0,0.0668791263085046
029314d0771f95cab687f3593b21eb81f6d1b822ced5dc03bcb53468cd462da9,13.0,0.6184,1.0061,0.1018,5.0,1,0.5246770059153125
02931fabe09a5c65c6bf7553bf87d86128349d2e75854d992572bd4a61223ce9,13.0,0.3269,0.9385,0.091,2.0,1,0.42418436246654656
0293264b011b5623ab809a73f3f8fa09c0a254778bae7ba33844e27a4277ee6f,2.0,0.1715,0.9889,0.7649,0.0,0,0.40231018003714714
029345263ace9761db7a6f68264b0d240509a32a6abb7fc4dc12ad8770efd56f,13.0,0.1492,0.9825,0.0581,1.0,0,0.0767422176451191
029372be39179a18582cf910e22ac0201dc3d24de2320733b90dde2658c626e1,13.0,0.2158,0.8095,0.0316,5.0,0,0.04864663800035108
0293946f8e985be1afb270e2cd45e92bb9e85326a4d2fe1ee7d3eb0ce6b47147,4.0,0.1047,0.7505,0.0242,1.0,0,0.021928385775452162
0293a39dc8e53a843dce49612e03ad84a0b28185b56f3cb0d1334a9f283e9cd2,13.0,0.0,1.0,0.0074,0.0,0,0.022280945636023855
0293bee58bf396c73e14fac22e3b8a897ee75aba48a722756491c8882367a73e,13.0,0.1235,1.1165,0.5782,3.0,0,0.3011534499505147
0293e381be21eed4cacb89eed52b36d3cde786c52e23d8b7711e2defd5ba4a04,13.0,0.1554,1.0162,0.0316,2.0,0,0.0268837683988518
02941b08f7d977d77630989a5d3c852d04291d76ddbaae5ce939d3b608916ade,13.0,0.1475,1.0262,0.0329,9.0,0,0.023019924860826137
02941cfacbe4d3b189c70f10e9ce3a2df52b90a0d4c8e47fc119181d4d49f667,12.0,0.4146,1.1916,0.4056,4.0,1,0.7350981888143615
02943cc38b18b8d99c2e2dfd8b9dfe57a51003a4d0dda399723da88bf1f05606,13.0,0.1162,0.8814,0.0272,6.0,0,0.017992388755744403
0294693e08a3fde7e5869ceed9b2709dc86bd7d8467a62de559a9e5fd23f0c92,13.0,0.2174,0.8215,3.2871,3.0,1,0.8618940403110643
02948edcd08e10c5f7e6e79d6d53e753270fad18ca093ffd8367aeb3229dce21,13.0,0.1052,0.9305,0.0796,9.0,0,0.07034884963851157
0294b28ccc48d2f6862e0ffd89321d86aa3957e4428d90cdd17c64727c3510f0,7.0,0.1692,0.8517,0.0121,4.0,0,0.022279544206880657
0294b362d4060fa04e48eca088962a5386131ad1e88761ff57128dbdddd9b6eb,10.0,0.1559,1.0628,0.491,4.0,0,0.44397029893575857
0294f4f345725f904069ec0f06ff41533268cbdbb623e916c2972cab7f74bcda,13.0,0.4376,0.3889,0.0168,1.0,0,0.057382831196246896
02950c8d044797b751a09cf7f9cdfc5fd2f69ba54d196a37af260aa58612f6ab,13.0,0.1119,0.9928,0.0586,6.0,0,0.049710040441777334
02952cecc51f9e8a116f66e90c58aa35c33ea9e72f737f461f4651aca9621cd4,13.0,0.0506,1.424,0.0581,13.0,0,0.07999192526588872
02952f64435bf0aa351bda249c4b076af2b9e2d4a28a637fa4c15f9462d9f4e2,13.0,0.1107,0.0,1.4793,13.0,1,0.6489052421450741
029534ed8c28afdf5d2d45c32cc7596d9fe21fbb1f9c3c7194c06c33834fa9a4,3.0,0.2208,0.9926,0.2282,1.0,0,0.5196040105795103
029554c9933400a00a482685063c4c5769c6c8bb012fd7e291127e2c9d06ebaf,9.0,0.164,1.0942,0.7096,3.0,0,0.4766136466656171
0295665ffb068f2301177de1cff1417215916efe7eeddb12b734702d165b2148,13.0,0.5878,2.3176,0.2484,7.0,1,0.7488776254285263
029571c95015b97b979031ac31a50b8b220738188ad9c7f3c605c03125b782c4,8.0,0.5356,1.0176,0.1273,1.0,1,0.5721908717298316
0295960cc193d53c1cc938bce341ef2f8f48f33e3fa432e0196a76d749565668,6.0,0.465,1.2457,1.1166,2.0,1,0.7342319786426291
0295a30c06dfbd9c56fdd69683dc2c03c2a710a1816cffeb63a75823f6d043c2,7.0,0.0957,0.8276,0.0138,0.0,0,0.048255454098622634
0295dd70c127620e527ab5100b24ee33bbf422af23b5d1a6dfa32c5dc4e6bf83,13.0,0.1276,0.7197,0.7862,7.0,1,0.31472415553351674
029601de56d677ca8acfebe73e4db8d9db96f419ecfeb397bf346db137d961aa,13.0,0.154,1.039,0.2956,9.0,0,0.40610327973497967
0296516381eb74cd5710f4d43940449b028119962c9de0b12986e402817da023,13.0,0.0,1.0,0.0057,0.0,0,0.01978947117409603
029657d6748486a66477c00d8ceff6972163882dbf7143a8af9a636890b1cd5f,13.0,0.0706,1.376,0.0282,6.0,0,0.019278652211048023
02965fe60f77bf64da50ed57ba20f542cb83b988247d7b3009e778b7ad0d82c4,13.0,0.9779,0.6657,0.5897,7.0,1,0.7228154398947632
02967e0df0d73026b0a908c41fc109fe72211516676fc5d9993fa1ae1860eed2,13.0,0.1151,0.7174,7.8863,3.0,1,0.7323606077418102
0296f776d0247a828b6c64ae2e8c09203fc2a6d0b644128301dd2b9d245f0387,13.0,0.1135,3.3661,0.1937,3.0,0,0.4237905512725927
0297470907ba46200be3f73e2f1e9d2a3461c2be1eb512703b298f4617423f63,3.0,0.3661,0.7277,0.3324,2.0,1,0.5902446102608153
02974cb12eb91ae2a24612364e575824926a9bc565c01ec380020bf346ae3174,12.0,0.257,1.1854,0.813,10.0,1,0.6136018132933481
0297637e3f3e2ae19b77979583f8a15d5edd1969536a26a26a99ed090e2c4991,13.0,0.1344,1.0014,0.0299,5.0,0,0.019636860242975163
0297a3ad2177ac03c06a685d9f7e3c36584cf2f342e5d41dd78d45f4990a399e,13.0,0.0004,36.1636,0.0479,4.0,0,0.19613030955451705
0297c5abe6bec47a028166d21373f46ec69e31452bebbea153ee7052e8618204,13.0,0.1166,0.6757,1.0677,2.0,0,0.40779663725024706
0297ef840cd62a18f2478b8491d3a3c4fe60ba913eda56b2a1059102cad03e98,13.0,0.3097,1.3763,0.065,2.0,0,0.242609406247254
0297f8b5c8e3875bed407040a0a4b3a9e66d040a6d41aa9190b4f59256a87fa5,2.0,0.452,1.0365,1.3931,0.0,0,0.5527502660983764
02981642b61297a85931dc04a95a503ba17f093c48664d0bc0f83b39f7457c16,13.0,0.0679,1.4885,0.0251,1.0,0,0.03061137933843196
02985ad4b01e00a319568deb974428d12f200a6f000a0f4602330e6727ac5142,1.0,0.1144,1.0,0.1926,0.0,0,0.19286847775852808
02986640d005699368d50f217d98fbe3041008020711d69abfb4ddbb4efe3d42,12.0,0.1379,0.9364,0.553,3.0,0,0.33861473793638297
02986a8e8f6d584ec885addc07a107875acb09003a1358a70c81a4aa8387062e,13.0,0.3432,0.687,0.0304,5.0,0,0.061501222374199145
02987ac7a95bc51927546347f37389ea18575819beb4f765f3b75c008ce9f89c,13.0,0.0945,1.8355,1.2084,7.0,1,0.6337128093310299
0298902996caa39f878eeef0995dda1604417c6662048dd90679bcc708c0e012,13.0,0.1611,1.0503,0.0657,13.0,0,0.09399347506947123
0298a652d8a997e16bbc48a2dbd6e835745b15d35b6537e0aad187a8f889589f,9.0,0.2941,1.2381,0.5815,2.0,1,0.6260975705731426
0298cb42fece8acd58ec13d592a54506e9239d60a5fedc5f185d58a42050e46a,13.0,0.0,1.0,0.0076,1.0,0,0.025174868857605906
0298de2d7dea09b27fa857a44de74b4d241f94f1743a9052633c248ddb6ee533,13.0,0.1486,0.9072,0.2957,3.0,0,0.3571623781380721
0298fa8638febcad70e47bb46dcb442f6aaf83fa47e30306c551750166579d8d,13.0,0.2286,1.8209,0.0555,4.0,0,0.10427825669422086
02992c0048466371bc1da36877b9ba6b42ecd9d5b57fe412c233f4e73286c9d3,13.0,0.1085,0.7288,0.0642,4.0,0,0.04374941799602858
02992cdae1b966f2945d4cd6d96a1505e0092dcc57ee3b4b5cf12f0ecfaabb15,7.0,0.9348,1.5146,0.2143,2.0,0,0.6721210758958914
02993950d65c42dfca1446022254c7eaf810ec6feea2854480bdc132f46c1fbf,13.0,0.16,1.0007,0.9467,8.0,1,0.5553518903311461
029944d465d4f87a07316c6b2f78ddd69531b65d417d88b3f5cc7a54df712232,13.0,0.1381,0.8784,2.2187,10.0,1,0.7205143207332126
029971d358608772aea430f744816716921178fcbb15bb2d557d8bed700cd120,13.0,0.1853,0.913,0.0138,2.0,0,0.027963098598970428
02999789e99c1300e37a3fa21d218e2e3e786ce7a1b9809553ee2f1914e332ef,13.0,0.1082,0.7469,1.003,13.0,1,0.5082686186259252
0299aedd85309ae7e9de3cd44dfb32edf032aa989d6bca86e95e3b8676fd54c4,13.0,0.3026,0.5568,0.0429,1.0,0,0.08966328861567494
029a1e30e03ac163f110c0b8b3dfe25d607271e9d7c44f93215b366e5ae2bc27,13.0,0.135,0.9964,0.0357,3.0,0,0.02047098919843624
029a3740aca58d8b01691ebfdf5a0397023c2d402e9689015b7b99a0963d7dd9,13.0,0.0544,3.2799,0.0859,11.0,1,0.5563983012140653
029a44260e44a76744ecaf1cebda24135b4e796e7f30a7ef1232946bf6bfb7bf,13.0,0.5006,1.1342,1.5551,11.0,1,0.7980365298618692
029aad0cbe28e4e77b5dd3fed2addc6a7c2d59d83a40a43f5078460147c8ac09,13.0,0.1399,0.8995,1.2478,8.0,1,0.603031817189857
029afb0a218ba0f95a047fb188efdf63e1b76ee8b88851344b93b01390c5f2e1,13.0,0.3697,0.4428,0.3132,4.0,1,0.6285459442813819
029b049ae357d1dd781d8c36537fac41719e192539bce10b005bf9987a87cace,3.0,0.6046,1.1102,0.1259,0.0,0,0.43149414974730865
029b0709a82ec35699596a41aeaa2878c6ba72d370970863b6efb275d1186024,13.0,0.12,0.9377,0.0346,5.0,0,0.01816287278264431
029b085ae2e11fd700919a3683ee8956ec5b62fffa9415068f48497bb61debb7,13.0,0.0869,2.5162,0.0911,2.0,1,0.4549498681814556
029b105fde408db5644fd1643d8e46563dae7cad1ad3edc9610a925dae1763a5,13.0,0.1519,1.3616,1.6979,10.0,1,0.7212282866167142
029b51aaa46b8dfa203ad3ede8af3f2e6f9d0b1747cbff30c06eddae2e6173d0,13.0,0.123,0.8717,0.0307,4.0,0,0.017235233617935993
029b6e4b27b35dcd1530850ad35ecbf008f845def2fde3e5696134af57ffc39c,4.0,0.3146,1.1967,0.309,3.0,1,0.6798313418761879
029b803832b21e59ecf46067e3d0ec6299aeb5940a49899a42852896fb1a688c,9.0,0.1193,1.0084,0.0526,3.0,0,0.024295020695999682
029b8332a215370f4638a535391b0f035519d55cf4d2ea4e9a4c487d2b491658,13.0,0.169,0.8783,0.5255,4.0,0,0.405379309581301
029b9ae9e7d5b8ee70f4536358bd4d612c415cf8a8327bbbe31f588bb690b94c,13.0,0.06,0.0,0.986,11.0,0,0.4496970253717698
029bc25b9b4e6b6fdfd2505382f788ab40d35a4d07bb73eeb82c655816a33a70,13.0,1.0638,1.4253,0.391,2.0,1,0.7860325241759343
029bdd035ae9a2223df2fd3aa9e1a6833efe2e21c6e66d5f16de4f50f1199054,13.0,0.0891,1.4347,0.1322,2.0,0,0.162344461903482
029beef8ee5aad39c90187e21489af3f9441b5c8e0b14fa01153583861c585fa,13.0,0.1804,0.5854,0.0164,3.0,0,0.028738802540629695
029c17d2e59ee8218164566a61b4f213f44a8ee6e6d7d144f2809be353244a7b,13.0,0.1618,1.5739,0.023,1.0,0,0.027647333321561454
029c218d442cebf4e934a34e0eacedd7a7f4d2ee62c6868ea6d62a09a9745327,13.0,0.0944,0.858,0.0258,2.0,0,0.029512888994755904
029c2b57ff06fc765fd02bd61bf949fce6e3d710956ae3156ea076a4ebfe84b5,13.0,0.3426,0.5701,1.386,7.0,1,0.7718216552248385
029c89456d165644353df2838689fc3ee4480db42c40045492925fd92cb116ee,13.0,0.2049,1.1816,0.3874,5.0,1,0.5549213332807418
029c9f1e807768debf42452d33780f01263b3c5319e380eb2d886f01c3ac3739,13.0,0.1586,1.1106,0.8201,5.0,0,0.48609509547380453
029cb5b94aa85223826b75aea35983e944f0ab28dac4e76686733367f02b21bc,13.0,0.11,0.0,0.4187,3.0,0,0.19398377028932687
029cbdf9314167e437396071067ad42eea1a8b1fb588897fab2f6ece7dac7a78,13.0,0.1016,0.0,0.1437,9.0,0,0.12469580981481528
029d4d23d56363627ce87a4adafd5ee80895d586865bbfec60702f3e144b72ae,13.0,0.1026,0.9206,0.0405,3.0,0,0.018728789087167675
029dad50c56a93ec68a53f3eddf6c62aba2b2f24e456b8c76c84c2c47bded42c,13.0,0.2129,0.8119,8.3964,6.0,0,0.7886639849178656
029df832b5765fed9b923da661546b2e95885ec9d88654ee03d55bd07c22cb6e,13.0,0.3437,0.9527,0.2781,1.0,0,0.5254319989124796
029e68aa9145438e5a5a986d95f3c97ccb2399a7d5d1c7152f62d3b57a19cc57,13.0,0.0,1.0,0.0054,0.0,0,0.01978947117409603
029ea6dc47e9408c37b64429317d2cbfb72face8f96b9c92209de17f440e1190,13.0,0.0747,2.226,0.0166,2.0,0,0.035469868383140535
029ef0b534849426a34be76b75128015d09d28d04e19e80b634d8bce860336eb,13.0,0.7175,1.2483,1.3899,11.0,1,0.8176788092991187
029efadb77b0e370d6e5f65b3456cd532d9f40e2cb99f4e7c9e48922868fa9e2,13.0,0.1099,1.1039,0.0625,1.0,0,0.04751459186267452
029f16ad5d05f86f910779bcadf7afb1ec5d11dcc8937112246ea9d6bc6c3d5a,13.0,0.1049,1.1505,0.0429,1.0,0,0.02653905841220695
029f2569821482d81a21aa06cb2954f28af9aeb59a9bdac85ac154e452e4a8fa,13.0,0.1668,0.9161,0.0192,3.0,0,0.02293165811072035
029f2c476e164ea761e0ce51956af06bc2df49cd8cca1f8ff4bc615becd89e22,12.0,0.2825,0.6151,0.0234,1.0,0,0.04774335123397045
029f3c5bb1afd1e49d4346c15ad08baf7ddb2aa02f2f8913c832ce230180bc3c,13.0,0.1883,0.0,0.0055,0.0,0,0.0391837158210955
029fad127830daf9076405dd331058e17b6756f7c22f94be59b512b82c918d17,13.0,0.0844,0.0,0.0175,1.0,0,0.02225204225629669
029fbad4fa033db74613fc1416600243e38781853dbb43d91f3507838a33a7ca,13.0,0.2774,0.7542,0.0834,3.0,0,0.23630623737609768
029fc478657536a00c63fdfd1bea53f5d7d78fd97391224e0675d55c821f9acb,13.0,0.1469,1.2144,1.1439,4.0,1,0.6162697722773833
029ffa7cae763d21d5f997ea4168e8d646cf176649ba01c2e757dba45eba1299,12.0,0.1295,0.7947,0.515,8.0,1,0.2747583137353121
02a02c5acd761f34fad63627c6e2925715e1996398ccc3ab1606b86ae3eb814a,13.0,0.1174,1.8826,0.0085,1.0,0,0.030095548166851834
02a038864db4b2312ed04da44c570256983df00be78d9e6e881429bf29296353,10.0,0.193,0.923,0.0946,3.0,1,0.30102941387840243
02a039637ca3f61546b60441c10f4306a72f93e52a801f721fb9cd8f0f2c1007,3.0,0.1519,0.95,0.0213,0.0,0,0.05656827556395849
02a075b7c0bbbb13366fd8a8becca8343c92075a793a7d0f3896bd37f11286ea,5.0,0.2715,1.1389,0.5674,2.0,0,0.5696306156794844
02a08c5446391636d2532f1732327a7864614e9b58e7d501ff3f68279b344edf,13.0,0.129,1.2205,0.2933,12.0,1,0.37297800877355974
02a0d880deac62155ec6497f9fd74d49d05304b53d2e42629e1025a6521cb733,4.0,0.2289,0.9145,0.2198,3.0,1,0.5950279454386728
02a0df0487358b74cbd4b8ad327bc06c02c4ce4de23aa70897ce5e4fc6745b78,13.0,0.0,1.0,0.0071,0.0,0,0.022280945636023855
02a11c1f8a89f13fb7be4ae724919a027d1db9ce1d16944c5f7c43501427e753,13.0,0.1225,1.1558,0.047,3.0,0,0.02113888250911933
02a11c227176a392a3fe073d28858a889b138dc010034d9a9aaac46a7822ba08,13.0,0.1969,0.8686,0.0101,1.0,0,0.03404428701412571
02a1571efba5ca3fcddbc308ae50fec9c1f91f4cfce44d4fc629e2a6c9931a39,13.0,0.1463,2.4451,0.0482,3.0,0,0.07398007757347198
02a15b5cc507a23e470ed8f2307d1619d05ef0b7f310b1e7c92788e3e238da5e,13.0,0.475,0.8923,0.4818,7.0,1,0.7259907910519039
02a17d150d300c6f53b592be1638747edc2df4714b097e281a579b8a817c8756,13.0,0.7689,0.9954,0.7579,3.0,0,0.7445403420270817
02a190d78e14937196121f089a853b6fddee87d9cb28cf33afb053409aeab390,12.0,0.362,1.3169,0.1859,4.0,1,0.7031676408850989
02a1d91624f0cb0f974eb1557d1a004f3df80a3e913f3012be4da370ac187cde,13.0,0.0,1.0,0.0874,13.0,0,0.1281056287637256
02a211560c0c23d73974de911276dfc364a47e4b63da5b58c4ccb5322ecaed8b,13.0,0.1035,0.6591,0.0106,1.0,0,0.02331668785156964
02a216ff26db72fa1f8cc46e070471bac73f533c5e15ef517d71dc30dbbc1b45,10.0,0.3382,1.5734,0.1369,2.0,1,0.6127942809681598
02a2557b52676942e59c98ca72fc6db4f39f8149dde5ed23469edceaae5151d7,13.0,0.328,1.7308,0.912,6.0,1,0.7285996596402156
02a26109cb95c6d0f37a8d1ca79c4856800cd2bb392e1a64209e6eb8ceac388a,13.0,0.0974,1.0347,0.0293,1.0,0,0.026027347831824227
02a27f7a2d00ba62df964fa37c2c54451baec2c477141e9287eb34213ab2ed6e,13.0,0.0,1.0,0.0053,1.0,0,0.0232289663352012
02a2a7c3d54da9a9d28a9b8fa71fc785e1fc068fe94c0f83a61b25c7367cd7a7,13.0,-0.0006,1.0,0.1799,5.0,0,0.2510428191385225
02a2d327d1b6d3855a207a683a0a5a41b76d4c4ebb41eb307ff337af1952fa32,13.0,0.1081,0.954,0.2155,7.0,0,0.20370372795988945
02a2dec363ce9c91126465371395bdc9cd8cef3b5007bee2b3de6814aa1da6f1,13.0,0.191,0.7828,0.0834,3.0,0,0.14271285440749326
02a2e7db677bf6d98a525586b6ec86fb50bbd6dccd9d23b5c8e99481a1d9ebee,13.0,0.2044,1.161,0.0088,1.0,0,0.037899634292566466
02a2edc26ec7ee21d2597fa6c4cf263bea6865521cfd7cff0fbfc9c9f5b4e41e,6.0,0.2614,0.7097,0.3937,1.0,1,0.5386830932835732
02a2f78e216dc6ed100119f9fcf57b89b2069ef3c2c3106967976bf9081cfe80,7.0,0.1117,0.8291,0.2504,5.0,1,0.20581670431383614
02a302578a963b52458f8c914c2780e50aec0a3420457b47a609082c92588b2e,13.0,0.1731,0.9418,0.0366,1.0,0,0.026468070354954732
02a31843ee4066ca11faea20e585bfef1f7b45ffa8c8c006d3e06c1a5564b50d,13.0,0.0762,1.615,0.1584,1.0,0,0.2349497368340194
02a32f18cc26fb1611e12e1e5231023dac1383e02fc19aeab7ab0e595a6a1bdd,13.0,0.1952,1.5258,0.0382,3.0,0,0.047543762107387505
02a36e7583ba2e71b36607e01bbd22003231817bb541908e6d17a46071d5908f,13.0,0.0,1.0,0.0063,0.0,0,0.020263886945132575
02a371871bbf3a9703fb44357f50c0d854c9e62ffa7cfd1c5cc3755c9bb5646b,13.0,0.2642,1.0802,0.047,8.0,0,0.09970011820645822
02a37bca29d0d1c785266aa4a329a5e1a139d174cc4c95613be979700e0b5aaf,13.0,0.0898,0.9275,0.5841,5.0,0,0.2563351173600164
02a38ed2c6b3a4fbf9cb0c9fe4efe4114d8e197bb7610efab3188de2f4b0c852,13.0,0.0001,-47.0,0.0309,3.0,0,0.0314267288537908
02a3b55021c5c26b0ddd0fa81536d72cf0322ac4b7f96af2960ac38f61364c04,13.0,0.0975,1.545,0.0446,2.0,0,0.02979703621896415
02a3b8e9f9657d265c24e851f1f0e6537cc97716f6992ba70e5cc2c62008ca13,13.0,0.0,1.0,0.0101,0.0,0,0.07447578192254842
02a3bafde3dacaaac0385b06f9b8584135851a75d47afb681466d7d113b99deb,13.0,0.1951,0.9297,0.4638,6.0,1,0.5108340018314297
02a42cbf0ce90afde0ff97e119cbebf35a1d7f12a3e1eb94cceb46e9ab046810,13.0,0.1499,1.1083,0.0749,3.0,0,0.11124189189059615
02a4e31cb446ad028e862fa500c8e20dd2857a7804a33e9a0f866d9b01f3105d,13.0,0.0513,0.8004,0.0208,0.0,0,0.047363421484661196
02a5488d50bb7ffc7e449385f5433234762d1ccce38665d09305b5f8215da01b,13.0,0.3485,0.5144,0.451,10.0,1,0.6475440882315548
02a5a7a6cded1e4afd8e9b14a9dcc651e025bfe133985d356bdf4b4ea2458d97,13.0,0.0,1.0,0.0052,0.0,0,0.01978947117409603
02a5b389a6d93e9dcb5d54fcc307b4708d712fd97f737a9ab55d6f7a2fa662b4,13.0,0.7017,1.3878,1.0711,7.0,0,0.7880306375544269
02a5c02342c43280700cc6df1f1504e792a49c08e7cc0270fe2613c70df2117f,13.0,0.3091,0.7803,0.0229,0.0,0,0.07219059607595829
02a5c266df10785818a4bf25de69431d7f4454760e471160773ac38e6de8349c,13.0,0.1413,1.759,0.0157,0.0,0,0.059232167641234484
02a5cb9ab7050b95c897e2a08311ff5c1144465df6e2f30de13f1c5d33e4438f,13.0,0.195,1.1346,0.1057,4.0,1,0.38934717815582764
02a6045fa9f1a4764729823a7c9f1ed42f61df926bbf35b087dbca41b2951139,13.0,0.1254,0.6276,0.3114,6.0,0,0.21538691334477014
02a611aedce34a349aeb407f1c2bf4d4d11eb73bfc79980a0d580affe60f10d0,13.0,0.1446,1.1035,0.0159,1.0,0,0.024438713098861954
02a64643eda146b7cb87bfae758224fa0271d8900d20bedbb59fbd2645fba9c1,13.0,0.1085,0.0,0.0072,0.0,0,0.017984380073908183
02a676b4a81d7150321cb2d9fbcd4096a377cb3a4abea085d733f5f1db4eed12,13.0,0.3246,0.4985,1.2465,4.0,1,0.7116841681395516
02a68eb22d817299c110804762ccf567ceb08677e0a5808c2f8926b38327146f,13.0,0.0765,1.2961,0.0369,6.0,0,0.019250738754991677
02a6b81a9e9402289f4981224523cc9192baf1c2a14cfb58b1452ef8846ad069,13.0,0.3367,0.0,0.0843,4.0,0,0.3111190393502361
02a6bd4201255b29e0df63d2ea3b3b9f5567b598c5a0417aa0c0a79843e3f3df,13.0,0.0955,0.9736,0.1019,1.0,0,0.07787712230539395
02a6bf13aa389a443652b16b623d973fedc28d0a67414a340d5194f8b266b2d2,13.0,0.2488,0.7579,1.2691,5.0,0,0.6919548818908936
02a6dd3047566cbe50224cbb580ca44909662dafc422566582c17fd42cc611f4,13.0,0.1614,0.8261,0.0555,13.0,0,0.04701131817168267
02a71fd2b490afcf5e3d2005a88a1ccee17aaefe90591d9f2f503aec23597823,13.0,0.2407,1.3335,3.8028,8.0,1,0.8382257351172235
02a720373c9588b298b9ffb0cc9359acf73ac052bbaa283a44e44f5752908ff9,13.0,0.5008,1.4406,0.2643,5.0,0,0.739514922701641
02a7264a3d590aa35bf1fad8d1ff4758b2d77f94dc50dbfd014faa309edc0d48,13.0,0.5133,0.509,0.0367,4.0,0,0.08324094681857055
02a74d54a651aec6011a54634d32991ab913519ce4fc8fb5b595b776a3e8b1e6,13.0,0.0573,4.3566,0.0096,0.0,0,0.10761652958087838
02a7502fbae831b9214ace05a36f10f38dbc45512fb1699066eb53597527435d,12.0,0.0,1.0,0.0099,0.0,0,0.07447578192254842
02a75b7729fe81444784ecdba23fc27d20f8f44c2f3468da1f1b0bc8d06ab5bc,13.0,0.139,0.8391,0.0275,2.0,0,0.018999532431748532
02a7a0cebb0bbdd910e9474edd0acca17666159e106cad1d0eace0e5d8c75639,13.0,0.2741,0.6487,0.5743,13.0,1,0.6148602382302343
02a7a76c263af7a49a3b9333176c7c0fc8c0aa56cd6cea0e510a6a576ec76e24,13.0,0.1401,1.6942,0.0106,2.0,0,0.030501936465271853
02a7a99205bfbd88b5eeab1bb1b786b7d69eeb78e58808376b8423c37b03b249,13.0,0.2406,1.7665,0.254,4.0,0,0.6166295918337539
02a7c4aa1909b8fa8d7ac692fcbfd6a5187fdc548bf32a070257357bd07147e1,13.0,0.162,0.9093,0.0185,2.0,0,0.022150424988737837
02a7ebaa29797593918341cb573b0013155d9829700815754769c54d2342bfc5,13.0,0.1437,0.8835,0.0345,2.0,0,0.024402676717419768
02a7f65ffc32e986891257c41d101e80951e9520527b1cc16af89a6276df7612,13.0,0.1652,0.9668,0.0149,2.0,0,0.025117078047136775
02a80564cf884b71f5e60a76e7c31f2164ad300024a926ef4d00b16258ac71f7,13.0,0.2364,0.6505,0.1249,2.0,0,0.3744806709346387
02a8164c3cb855c325b3deabb4183cf8d05735129c7740d4cd765bab0def85e8,13.0,0.3603,1.1206,0.1512,4.0,0,0.635787205615572
02a8213d1c4c50562d6ab83a0eaa61062ddb9d5030f89fb7c40e8a0d955ca157,9.0,0.0,1.0,0.0088,0.0,1,0.0668791263085046
02a8271ed82effe8187825a155566533c9c33a31708d93318b731a9d1e87bb16,13.0,0.3036,2.3159,0.6246,8.0,1,0.7220594314379807
02a82b9098e80a4e99e53589a54b09a72ffe28f9db5753bfb978ac2af0232d58,13.0,0.0999,0.4003,0.0476,3.0,0,0.01952307664165745
02a874e9cfa79e39d90959c8305d87c1db61c51cf3c1476adb94acf53fee58de,13.0,0.1968,0.743,1.1367,4.0,0,0.6350181509126759
02a87efc0e970cb6fadd30bc28e596230b0ad2f6d1680457e70bcd7515566600,13.0,0.1058,0.0,0.219,7.0,0,0.16402681982590633
02a87fe55abe6c80e26e23dbce50d442c9a68c6ec85115e8f9f041e44b144f6d,8.0,0.1684,0.9801,0.2051,3.0,0,0.3495728614435827
02a8b6a21a9814cf612721e0cf907c1226cdf8b1f64fdbf175edb07c97d40a57,13.0,0.1706,0.9243,0.9212,13.0,0,0.5113758803786435
02a8e4f0fda5b29a01b4536460ba44425e74b3dafcf62c55ab9b74a6f560ada5,13.0,0.1457,1.1975,0.0153,1.0,0,0.02491644936079429
02a9413cc51f6c89da877663e7826f13f7c722cef650d6eae38b870fea0999a4,13.0,0.1807,0.8048,0.7207,3.0,0,0.4345730010671349
02a96afcba8a84c342c67d33dc65efa3faf759e7da39e3800d9c9ad2e9c5d67d,13.0,0.0728,0.0,0.0063,0.0,0,0.016261992626198908
02a99d00955b31cc792b48e4e45b69322bfd55b38e9419b333f38678e525dfbb,13.0,0.222,1.4768,0.0181,1.0,0,0.05072284290703341
02a9b1f034047bfc8c7a146557ad4b8577711fba414af934e27de8a663f76b3d,13.0,0.0,1.0,0.0079,0.0,0,0.03633201737750049
02a9e09b7e04206f03a8ff8932ff29ee1c7c5082d30ce0f4efaf43d625221d14,13.0,0.7442,0.1504,0.5362,9.0,1,0.6828650963520962
02aa3bf9db3272f2cdf5e9df2c6174eb36a87c3c0643864dec0a2c63a2b58739,13.0,0.2454,1.4142,0.9964,8.0,0,0.6085328531991409
02aa425fe11c73b9710846d146dd70124cd6b6fdd86088eb50b13c6d6a7e745d,13.0,0.2196,1.6195,0.0357,8.0,0,0.05061536690808916
02aa4c0afca149c2fcb4a42ea4af63138fdc790f7200f8a5beddcf5f6b276bb3,13.0,0.0,1.0,0.005,0.0,0,0.019980332496187008
02ab08a246c7a7ff0c14e026193390d03222d3026ad2113e3d28ffb824b82d65,13.0,0.0,1.0,0.0069,0.0,0,0.022280945636023855
02ab0f63e05c350fd23a155a876a0a7e3c955b31a887d5279bc378ea82243d54,13.0,0.082,1.0065,0.0609,11.0,0,0.049909732593542755
02ab4bcfa243110467368b1e84aab9ea9d73fe70fe0627e16967a3e9a88922a6,13.0,0.3033,0.5687,0.2657,4.0,1,0.6171081285588338
02ab758bdc706ea652eb8692a77fe75957e3e01595078c1071f7a6732ac61ae3,13.0,0.0,1.0,0.0084,0.0,1,0.05971407759621131
02ab98bfc74c9f1d9893a888a7bb67cd3e41ebbc18331e315273761c82487cbb,13.0,0.0,1.0,0.0063,0.0,0,0.020263886945132575
02abc11b732439b025b1512d5cc9f92ab48c24ad7cd07d168cc922589deae874,13.0,0.4504,0.462,0.2797,7.0,1,0.6839690556653579
02abd133a3bc8cd9fe28d18c8546cb5dba905fcd94eeed8c532e48d28f13fd91,13.0,0.056,0.0,0.0045,0.0,0,0.0158453878420306
02abd4a9c543a0dca2ab1268f49966d7c189fcac9374aed30626657d933b93cf,13.0,0.0999,1.5193,0.02,1.0,0,0.02799499129270401
02ac07882240ecfe7ec9be34cbf952e185792475a89a8fe4b5dec47367d0f898,13.0,0.0,1.0,0.0052,0.0,0,0.01978947117409603
02ac4257145f69f028de39340027a1bd19caac12b8b604f54b85b12a5c65400d,13.0,0.1389,0.923,0.0285,6.0,0,0.017623063334708356
02ac71a799bf7103d53d77ad78e9c0eda3f223ba3b838b2fc7dda963327f6d27,10.0,0.214,1.0407,0.8779,8.0,1,0.5953997178749555
02acbc65b562d848b5397f02649fa4c9ce834379f563e27580b2a95012a095a6,2.0,0.1406,0.9057,0.0739,1.0,0,0.07123217857167898
02acefd0e55b3a73eb7f384e1e29343f0eb3dbef43924afe064614cb7f2629f7,13.0,0.2191,1.0445,0.2808,3.0,0,0.5767335683027583
02ad024322565664ee749219c3c672ae2358f8c100c5085a1425d588ef453c32,13.0,0.0,1.0,0.0062,0.0,0,0.020263886945132575
02ad150683941425be0521762d624ec748da7d17fa757ffc0e9cede6bf943e1d,13.0,0.3904,0.9996,0.0325,5.0,0,0.07390385099211148
02ad1659371f50166983df763a9f438a555e054a3c20fbe425c2e97f72614114,13.0,0.0805,1.4483,0.0122,1.0,0,0.027869801324247562
02ad3cfb6ac037c371e0e1d57b1b542ce7d441858dff02e4adcc289e531bc561,13.0,0.1528,0.9945,0.029,4.0,0,0.02103376195370175
02ad7b521b708bb75295bf1e4121d90b126338b528f613055220feaa836cd9b2,13.0,0.2332,0.618,0.8646,4.0,1,0.6285782141367906
02ad835c705b1b07705639e6c25c6ddae14c96577dfc835db4811bdbe5d9feba,13.0,0.085,0.9531,0.0534,4.0,0,0.03243321098059288
02ad961d50e7d2f46c07cc53439213364897201cebb84d9b6198dc82586ccfdf,13.0,0.0716,0.8895,0.0296,3.0,0,0.018438601290062393
02adabcbe2f174c915e7a71b7334f59878a5264f342c29713e7d3b6bd94c75a2,13.0,0.0566,0.8671,0.0578,3.0,0,0.05178778652031582
02adac6d987d0c0280abafa51a1a39ff5e62c3bff42f26e59262254ae790fb6b,13.0,0.3463,0.9874,0.1625,5.0,1,0.6341544712736146
02adc6a49e41d51c4af173c63b85216ce063f29cc13badfc27bbdadd0b1eedc2,13.0,0.177,0.9252,0.0198,0.0,0,0.06890125026870045
02ae48488b528b37b21bc9e8c9983c9306551375549475d8bb7a2f45b9fdecbb,13.0,0.1803,1.424,0.0343,2.0,0,0.03680426549815174
02ae50a855b2811cfbb240c84383c8bd52f95fade73e68ebbc574eee844e1683,13.0,0.0132,0.0,0.0062,1.0,0,0.018793834525996356
02ae7e4f6a4f02ba9c74fc0ae0b69dfee42432a7f805075d496f704d43892773,13.0,0.1734,0.7227,0.0565,2.0,0,0.08560449227863756
02ae83747c3325bf97530578a590f15fd96ba4600a5c02294e65235361a952ca,13.0,0.0423,0.6055,0.0439,3.0,0,0.02016356460810525
02ae9996de3f1b6d3e6dc9c72d0d95726e4284d241bc296215b924b0ab6f8d43,13.0,0.2643,1.3141,0.9134,2.0,0,0.5873948669059955
02aea213adc6575d9385245682f17b754cb5648c2804431fecba2639249b5558,7.0,0.3099,0.9646,0.2752,6.0,1,0.6520420238597642
02aeb08449e0cd50ee74fa09e5e87f4e9ca764d063200a5f8fa408d64ed0d89b,13.0,0.1443,1.2498,0.2108,3.0,0,0.39030731190027246
02aecb4879058c9f27eed5415d2f8988e3f198f179f42f2f706acc250e2876fb,13.0,0.1759,1.0226,0.2695,5.0,0,0.41319366124348705
02aed16896a3c602d57ec65ce34336f4e79a85a4ac0bf3733a7116a8d688f882,5.0,0.1912,1.053,0.2252,4.0,1,0.5197896296381569
02af00f8c367e2c1032f83003d7ffd54e438c7af1ada8b34103cd1afd738c27e,13.0,0.1019,1.0837,0.2858,2.0,0,0.21880768700277875
02af14ac28b6d36842b58c2cf936154e75162b7bfb1cd843059ac7642bfccdb8,13.0,0.1419,0.9872,0.5587,10.0,1,0.4318716256075335
02af7883eec0272b55799677995c2c0fa1b1847881095e6b0fdc05b5d1f82fcd,13.0,0.3606,1.1609,0.0174,0.0,0,0.0685658825029502
02af9217ddeb85e44eb8b3b02a430cd674e3b635b3dc61d963936a514c4ac907,12.0,0.2569,1.147,0.1806,4.0,1,0.5977425798630643
02afbc1f944523347421e96901fde8268c2cf9d455626ec46d8e029c7f003223,13.0,0.1246,1.0191,2.1119,4.0,1,0.6696622013860537
02afbedad2858e97d1d4f8f58322a3eb6e5d628c2439cce2ad70563b73ae652f,13.0,0.0,1.0,0.01,0.0,0,0.07447578192254842
02b0171512353f36a5e938d2583884996cbfff11638878721d65a1deb897d268,9.0,0.4005,0.5106,0.2808,6.0,1,0.6705691197117349
02b03af7504a1398d074eacb63602ad81c13196a0e1ed2f5f9e643b20023e437,13.0,0.0707,1.4669,0.0362,5.0,0,0.019481067298485553
02b03dd3b47d6ce14e8816c62649de150d698561cfc0a15f99c380e083efc5f1,13.0,0.1817,0.8218,0.4288,13.0,0,0.41423471224386416
02b0429197512a69a56a83d7e7559e872a73bc5e15a47c7c1a6554727632c05a,13.0,0.144,0.9445,0.3182,13.0,0,0.3953596779876288
02b05728b57056b8b5f6f5a36826d0b21ea66dd54dd01c530b664013c89f427f,13.0,0.1384,1.1464,0.0315,4.0,0,0.018488382523297934
02b05cd6019a3a9ef174e087e485b064322186be988711055c0f6320fd027551,13.0,0.1615,0.8476,0.0231,1.0,0,0.02253360847037504
02b0bc77e55ca53b4b43d2a7f797633d197328e8b04691cd7a8bcaf1e85c5d08,13.0,0.1485,0.9655,0.0149,3.0,0,0.025513966202219428
02b0cfa4bfc6d09d771faf1757dcb44f206e60a9492ef97f0c151806c0786231,13.0,0.0914,5.8885,0.076,0.0,1,0.54602939919983
02b0da6934e9b44f53ca61494091c7b2e902ff99defe123289bbbc27aaaea072,13.0,0.0114,2.6791,0.0503,5.0,0,0.06125910365831659
02b0f01f10510408cd3221571e8ea8834dd6259f52f2702a94c9d791027a8967,13.0,0.2492,0.5745,0.4484,11.0,0,0.5947081726974411
02b13b23d9f77b21c78744010305f8977429f6808410f9f3e1d8fdb2c61f04f8,8.0,0.1725,0.983,0.0535,4.0,1,0.11248741700754307
02b15d79b6d09c0ef538e96e9b60198f72a1d0c9536c65e441b90dec70d36245,13.0,0.0,1.0,0.0064,0.0,0,0.020263886945132575
02b182175da4da1ec6903ff4346ea8d97f24cd0faf8e95217ac8afda2a25f04a,13.0,0.0668,0.0,0.0066,0.0,0,0.01880134585397269
02b197d53cce2816f4314f3679062de79f9d639b27982b2ca6e2c554821e8b03,13.0,0.171,1.0662,0.053,4.0,0,0.03131337742511871
02b1c98c05e9094b1f968b5551779ea89c11882f538f02f1d756f1c4d5dbb528,13.0,0.3726,0.9198,0.1375,2.0,1,0.5887152352891011
02b20aedc6e47c01e7d966d1fe3f4874dc60d344a1d40a910a0ed44ab72a2635,13.0,0.0964,0.9895,0.0121,1.0,0,0.0250017448594936
02b24ec883d8b9952498c740879b4933041e30afd82d31d1e67d9863f3b16b3e,13.0,0.9278,1.1109,0.1363,6.0,0,0.6829044254934423
02b27467388160d7f34eedc0319345959f5f42685f968446c3a64e5df76ebbe9,13.0,0.2863,0.9071,0.0382,5.0,0,0.08665671583872904
02b28b3e584e21ed77983fc1360181bb9dc012c18997bcaffb21dcfa68c1b11e,13.0,0.1401,0.985,1.0172,6.0,0,0.5030212280857992
02b298c715ed7356084f9f83d26fa3fa38710edb85e503bc05c0c3c5bb93dfa2,13.0,0.1619,0.7591,0.044,5.0,0,0.02485931926213012
02b2ed4c7563efa12ce20e775cff40d3531fda9d688a2824c764ec2c78d210c3,11.0,0.4825,1.4735,0.4379,2.0,0,0.7545801091508949
02b2f95443b52efd3908ca9c501dffec70c5a16ddfa7acccf9d803431b4f3ca3,13.0,0.0,1.0,0.008,0.0,0,0.03828730443968284
02b31bc1d7bdc010c692d8ac7752f9368207561a001f3934858d4f7c7827b70d,4.0,0.4367,1.3146,0.2999,1.0,1,0.6949502329691524
02b31e7ffc788e7a7eac7e51aa86831ae7c0c17310c1b5a3507b3461c826fda6,13.0,0.1224,1.0801,0.5195,9.0,0,0.2856120204013315
02b33410eb5e1c70a3d88fd75a38b1073415812ae1cc192d02cf136f5a868627,4.0,0.1438,0.9128,0.0462,1.0,0,0.029515731370293116
02b33a86b7eddfdd832b796f328034eadb01c5e8c8ee1b4c704365e7209613ae,13.0,0.0135,13.0,0.4367,11.0,0,0.30535421254879935
02b33e18c07bf78ceabbfa29c4e4af70e82a419b0b970c788698b2c33233b267,13.0,0.0,1.0,0.0069,0.0,0,0.022280945636023855
02b36154a64867c26f9708f1cb144e82a9ba8df2336432899aa4b2455eb697f6,13.0,0.1089,1.1715,0.4085,4.0,0,0.295946081211732
02b38c8ff97bdefabda11e6b38da87ec019a11e12f7c565860d191f724f20cb8,13.0,0.1934,1.1941,0.1506,2.0,1,0.43835032214013764
02b3ba5b4ad96d47de4d20c21a7990ee83b996a8bf1557005473097b1183e91a,13.0,0.195,0.9327,0.0571,1.0,1,0.17905831647074172
02b3bf45c9199fe001bfe15068e3dea536fcb8bfbbda6fffe6ef61af99dd00b0,13.0,0.0,1.0,0.0078,0.0,0,0.03633201737750049
02b3d3b9a6107fdf420edb423643e28c2b0a2bb449af8094aa0c6dae564f2cab,7.0,0.1655,1.0627,0.2943,1.0,1,0.373938837320552
02b42ec51a08b553e1404152e575d0462bf77adcd06c2505e2dbdb40fb4db65f,4.0,0.3411,1.3758,0.3775,4.0,1,0.7206539088260012
02b43dbecc45bef3fcd95a706056b06b43dce0697f9c461de9da5d0f08c25c8f,13.0,0.0,1.0,0.0048,0.0,0,0.019980332496187008
02b44de3ed034d61783b7a98485249b3c64d8fc90b81f7fe3888a32ec8fed0c9,13.0,0.1175,1.4763,0.2245,4.0,0,0.3139941988010899
02b47302d5832a5529967941af10cb656a2776e0726188e4f654cb6f23a91293,13.0,0.1559,0.9245,0.1412,12.0,0,0.27892160171339175
02b4df269ef72461425d0bdb702633cf4871129ea71d3da821c835d66aff8832,13.0,0.4118,1.389,0.4354,1.0,1,0.7044540347363798
02b570d693ca78341b83f5d4194be53aab725fe7d2d62b9b7b959834d39f3fd3,13.0,0.1076,0.7094,0.029,3.0,0,0.017985503337314065
02b5b298ec616d0fa5fb7c16c353905379e3f1cb7a467e76e975cefcd7337cff,13.0,0.1747,1.7229,2.8996,3.0,1,0.7739707295843882
02b6507d385517c27034547271b4107549b74b928fbe6dcfeab14d2f5e796df6,13.0,0.3963,0.5559,1.0348,6.0,1,0.7383852945499416
02b6c39b285188a1c8b3eb9a51c5c4c0cc1e9d48bd3400614df23a1a3dc202cf,13.0,0.0,1.0,0.0061,0.0,0,0.020263886945132575
02b6caef9906e9295a3ba051f31b62934cb41569bd4317fd0f382fb2688f5dfa,13.0,0.0,1.0,0.0061,0.0,0,0.020263886945132575
02b6db7e831a6ebb9526142d2c65f5a8902f154578c35800bcbc3282735a0a30,13.0,-0.1598,1.0,0.0244,5.0,0,0.029208031999612746
02b6dbe1e4e0be092a587fa176dd4b034e71c37522d5d73228b44746cd1a6283,13.0,0.054,0.7383,0.0457,4.0,0,0.019223546305818736
02b6fca3af2c67e393e37651a7632cfaf7b94c838da439962c9fc9b666e05d57,13.0,0.1592,0.9645,0.0764,4.0,0,0.14761977331048784
02b75c91ee2690bdfba2c725a5ec86dfd6704eeff7037bf4fb4f785ed56c1ca8,13.0,0.0908,1.512,0.0393,10.0,0,0.022750145525161455
02b78ffb5d5e77117947527e7d1a14a3a1acf9701fa63033742890e0fba0e707,13.0,0.1427,0.8396,0.0823,3.0,0,0.09685244530097194
02b7bfdb5a7198001014a314790fb0686eab6164f2238045f3912b52601ddf0c,12.0,0.4627,0.3834,0.5222,3.0,0,0.6584230266055963
02b86e60654b5e92601bce52730e23987554d3b300e1e82994255b1ee14ac342,13.0,0.1316,0.8508,0.038,13.0,0,0.028390607286827105
02b8a22f60e6cbd5869ae1176c38f39acc2662c2ac2bb16e32e0c5a89eafcab8,9.0,0.2532,0.5489,0.1355,1.0,1,0.4738512321950662
02b941b0df688ad8d499e5df3f61dbf046eaa5eeed51d1aeed27c900bc55d588,13.0,0.4128,0.4574,0.2248,1.0,0,0.43005442659806414
02b9b18a84cda38d97b3a1883f658cdc2bd2ecb9156806be7070f1f47ffc39b0,13.0,0.2084,0.7893,0.0006,0.0,0,0.07188531313773922
02b9d684fdada877d071ff9d57dbd265deae4bf4bac7aad0839bb1a0695f7121,13.0,0.0827,1.0988,0.5866,7.0,1,0.3159298676283529
02b9fb82ba9fc1e794e95d012f4a5583f1eb31ccd1bd5b6963cb17592bda5c2c,13.0,0.1365,1.0881,0.0166,1.0,0,0.02570489668760274
02ba1495fe7e4e1c089d7d7d9c6d68be6aea5b40d5936693098c0f09cdc49bac,13.0,0.1258,0.8598,0.0538,6.0,0,0.032615400399768596
02baa1c1822e326c2d471a55fea4bf0da74378094790aa704895d65669c60a98,3.0,0.1945,1.1802,0.3138,2.0,0,0.48624308192471183
02baa398ad0c005431828b8da61a5e8741c928572246154d1f8286e4d87bf37d,13.0,0.3652,0.669,0.0376,4.0,0,0.08222410444408186
02bacc39af87791f484f06155a4ac2af01ba137d5ac3afe454fc00dede0bcbdd,13.0,0.0889,1.0733,0.0386,9.0,0,0.02203400151453351
02bb4351e466d28224d146c4b0c8f8b4991bb95993bec75d993e1fd89e42b57d,13.0,0.4322,0.9225,0.0477,7.0,0,0.2150605473560406
02bb625049404b8197a599d2e2a975f882bc018e6b1e52c481db207028b6a012,13.0,0.2903,1.4982,0.9948,2.0,0,0.6430516201867483
02bb74d2a97b3cd036fdc95b25535e62027fc6f78444313bdf3230a94fad7282,13.0,0.2021,0.9942,0.0145,2.0,0,0.02639924311564272
02bb7a99c2886a848eae53801d3d6513fd7e5f9ea8a96b8ad8bdbf578efa3e00,13.0,0.0756,2.2156,0.0047,2.0,0,0.027748855939375466
02bb92deeb3a511441b7c27f2ba99228ed6e17294086a974deb400a365e67e8a,13.0,0.0493,0.2332,0.0237,1.0,0,0.02458759887401123
02bb9b08ba0e8f68a3b1fdbc7c009b302cb32fdaec5b26f1ac24ffabc31833ca,13.0,0.1612,1.1044,1.3711,11.0,1,0.6791907603494417
02bbf6fdbf19b316af837c1ee17b35c14a0a35c12c19235b6e503fbbeac60da7,13.0,0.1712,0.8014,0.8919,3.0,0,0.4374225830249021
02bbf732c8e04c0de2d4426797241cd345d128e83d43e9fbe9e0170c027ffc29,12.0,0.2935,1.016,1.0855,5.0,1,0.6682788502282492
02bc020bfe041fd80f1972aaaa1725cfeb278a5272e147ab8e9543f2b0a4f3d1,13.0,0.0,1.0,0.0054,0.0,0,0.01978947117409603
02bc0bf91fa3bf230ad8f79f557f1851ecc732302a704276cd974feca4cc266b,13.0,0.119,0.7823,0.0367,6.0,0,0.01817873050336551
02bc0fbc3cfb64aad96d4124f3a325efee0d2d49eb3efc468a2cebc081d76872,13.0,0.2543,0.6876,1.5225,6.0,1,0.7786588253633563
02bc63c7ad67f748734cc961fa07ec32168c5b8ab33be2a3b568a91260c056a1,13.0,0.5987,1.3652,0.166,1.0,0,0.6429485454782438
02bc71169f847c7ecfe3d795c7c974384b2d612c2ebfb596c4195b2ab919c74d,13.0,0.4385,0.8387,0.7961,4.0,1,0.7366648545097892
02bc98e75e7a26ef32772d8948f44d8c39a7c7f9c5ba0d27b515e06bafe8b951,13.0,0.1718,0.8997,2.1082,5.0,0,0.6199081275639288
02bc9a312f253bdb79a959a3f4dbb2a905219ae9650f397cb4a2648b86fb4b77,12.0,0.1619,1.0328,0.0554,4.0,1,0.055255318754856175
02bcbf8f6f40bfa3de8fd1385cfde43b1be391dfd999c306514db9b72ff7b55f,13.0,0.1285,1.0567,0.0484,10.0,0,0.02222872802007431
02bcddf8dbf2205b19b3d4c283c0e065758b51000d76bc1dd4adcb906eb652c4,3.0,0.1769,0.9712,0.0116,0.0,1,0.0736147617687659
02bce0781c1dbf915f5f3e44f69d873db3f6a6c71bfb27ef9a2bb24d3acff4fe,13.0,0.584,0.9878,0.2159,11.0,1,0.6753429075649419
02bcf0e02200dd400c4229fdea2e004593bbac068ce5a90db028a60e3acc9c53,8.0,0.1807,0.9822,0.0366,1.0,0,0.03441902103262637
02bd0a05164088dbd376abc0936ce8095dd41f9b6c47be94ae818a0e36aaedd6,13.0,0.112,0.891,0.031,7.0,0,0.019760088709520524
02bd0e1fabe6d33677381a2539ff08709984ce2c7bfc9a95bcad1079b948c475,13.0,0.0,1.0,0.0042,0.0,0,0.019980332496187008
02bd4168bf6bef5d5a170303f2ab400cbfd188532975fce03cc98a6234031108,13.0,0.2813,0.5969,0.2064,7.0,1,0.5729160369250978
02bd6a404804194f71b44639ddae9d9a33313373f80d346e7c760187f1ec8094,13.0,0.0,1.0,0.0082,0.0,0,0.037720949013385574
02bd8c2a59c18de99b83f54282056180348d55a81d6b01ccb5530311aece13f1,13.0,0.1261,0.0,3.337,11.0,0,0.6884702727611983
02bdd156bc194a9b6b0db4c246314ba7aa7269f7c23042e6e8e0a027f2bdfefb,13.0,0.0,1.0,0.0056,0.0,0,0.01978947117409603
02bddf7bdf628d57479c0c049589a4fcba89b240af92d57041853f3706324835,13.0,0.0848,0.8634,0.039,3.0,0,0.0238044253506858
02bdf2513b7e10eaa2c6a406f698c9006838ab99c40f62607717f591ab0fc0fe,13.0,0.1608,0.7775,0.07,3.0,0,0.08465213307997953
02be1278b37f9a337b1303dff06fc72b1ae80e276e1b3b5358f9fd06ff214106,13.0,0.0,1.0,0.0065,0.0,0,0.020263886945132575
02be254a4646fab08485617ce002da711509d80249dc3be7257472bfeab149e5,13.0,0.1497,0.9386,0.0336,1.0,0,0.025810436986827178
02be443e7f2287bd4957e146bbbaaef6393697052430e9f59f08516fb76e5092,13.0,0.4604,1.1199,0.0204,1.0,0,0.05375185286229115
02be52649816f175bccec4f864f01c5e61fc205f4c22dc38fa8131e0c62c2539,13.0,0.4592,0.3892,0.0259,2.0,0,0.05896491234632905
02be535be8bebd98928535ead609fde57eb6d1e109395b77dbf28cbc08bab783,13.0,0.1694,1.0637,0.4347,5.0,1,0.43634235514069125
02be55c52775908a3b6396e19c572bfe24f1722b584aa766b3566f58f1236673,13.0,0.1224,0.4631,0.0114,1.0,0,0.022560070800484357
02be5bfadeb07e7f64d8bca9c6d6060713c41625e840484c86e1ab37c136c630,13.0,0.0413,2.1336,0.0427,13.0,0,0.030817333766690286
02be6b90f505758559a975302fca8784089aa0a5d6852e7e1eecec1569d28c6e,9.0,0.1778,1.3204,0.4915,3.0,1,0.4702713895422333
02be791654f73c5d32fea98c04d016f35a4b32efb911f9ff72ff4b6874574980,13.0,0.0244,0.0,0.011,0.0,0,0.045672029423106754
02bf0fcec6f8d172fd32d4f3fef2dd25dcfc8769960f31cacbb8cdb7747a912e,13.0,0.2497,0.6159,0.0311,4.0,0,0.057079995591235486
02bf1d1498e1f42e6917f3206ddf032314b7bd53a2122244703a43f38c52f567,4.0,0.3582,1.3251,0.1164,0.0,1,0.5696683841454897
02bf2f788b74249ee5b8701404b5e85c0e2e934eed0c6f53b71bbcdf58f6d493,13.0,0.6631,0.9661,0.0356,1.0,0,0.09283558978090084
02bf34539b5c7942a247d5b5c5d52dee6680184761ce3b93df2c51c202add21f,13.0,0.1436,1.1547,0.0281,4.0,0,0.020910888794867927
02bf3b343d8c6975aaaf8169a132ee59edd0cdf4ab60d9285b4270b7f473a6a3,13.0,0.1171,1.2361,0.0679,1.0,0,0.04986956916899529
02bf3ceedd0c1ff77976c3d8ac247d1d6ce56774e1cd00d907c84060082823cb,9.0,0.0593,3.0399,0.0664,0.0,1,0.45915527636130776
02bf4c5c75d8486571eb373dfd7c58f688f7ac5b54cfc627e0f2cd5322a6fdb3,3.0,0.2365,0.6747,0.0216,0.0,0,0.07228930743412644
02bf4e483c4aef361a38351cb9aad68af9b959193d283e00afa1c69ae16fe457,13.0,0.0,1.0,0.0109,0.0,0,0.07688026147883344
02bff1452cea14735066cdbd74dd5e086045b8e87e99d9d479fd6c911ed36a1a,13.0,0.0,1.0,0.0058,0.0,0,0.01978947117409603
02bff2e163e3300ff2b16dcf1bc7b68cb9683679b9cadd31fdeec00dec3e1b16,13.0,0.1469,0.0,1.5506,8.0,1,0.6497397591147602
02c0891761460253dbb71167db1814b6ec82b515cbd36d507d5dfc0096a0e6d1,11.0,0.2069,0.7902,0.4089,1.0,0,0.5022071267540341
02c08d8849b53b0408ce82edcd45b300fdddac02e5c2e94c98e833e56e465046,13.0,0.2837,0.8347,0.3385,4.0,1,0.6405605897918949
02c0a620752ad66f76851a1f063aa47d9c37ef3680062f4437d52595ee80c9f0,13.0,0.1731,0.8268,0.0297,2.0,0,0.024612068738808432
02c1521934c89dbde04daf66fe159bd825ba5d78f0a4210317711cfe4bff7a4b,13.0,0.0994,0.786,0.1145,7.0,1,0.11626497425814264
02c153f445359c89679352cd71b38625afa16026385a2fb3c904fa4cfac149fb,13.0,0.2689,0.6401,0.3695,7.0,1,0.5844998162742576
02c15c0ea019ee49475f6c58aa5447020ec431bae8540f77f9320ef4539c7082,8.0,0.3081,1.2263,0.384,5.0,1,0.6916436058482648
02c16cbc80ad81d82a1d1bd4094700a35dde61bf600b75a8af210f4c20a9e5a1,13.0,0.2048,0.735,0.0232,0.0,0,0.06693126895701601
02c195719b4ca1e710e61cab06b6a851db38e9cb7b8bd31fb3ae84b17588b85b,13.0,0.3024,0.8315,0.8955,11.0,1,0.6706092843649006
02c1a225d4c2c4f77170214206a72ce4aca985a885a09d3671d0bae02043342a,13.0,0.1123,1.1121,0.0679,3.0,0,0.05228001217074958
02c1c501201e39c31a3733fdfce808bac07a21c9c162ed2a38cf203ee4cad58b,7.0,0.2211,1.5182,0.0605,0.0,0,0.23346586569058592
02c1cd198de24f42242c48a14ae45f8639ed8895151ab6a2ad29d0028aceb40c,13.0,0.2161,0.8963,2.7218,4.0,1,0.8486612836060662
02c1ff5ea1c2a0687ccbe2facaa18178392b9d6cdf8453cb7c86f2b88fd2adc7,13.0,0.2021,0.9484,0.5049,5.0,0,0.5483702031831846
02c2c945aeee269d4712676a432c0d6240e367b86e2a16290c75a124e75cd6e6,13.0,0.0516,1.0264,0.0497,2.0,0,0.027478949959406453
02c302e232834cd78a6f4eb8487490662520dbf10b3ad3bccfa1fadbc8afdfe2,13.0,0.1165,1.3148,0.0381,3.0,0,0.019856496077219163
02c3ba3422fe88cb615d6f2e0db561dbb97c906d0b4251742e6b0d2f4d6e7111,12.0,0.2083,0.7757,0.2256,5.0,1,0.5684525118197429
02c3d16eb715a8c8eec4f8e95cf59a8ed5f4a077c1730125130b0bac69c4edf0,13.0,0.705,0.7641,0.3071,3.0,1,0.722444859045843
02c3e40b09db207603b279725dcb9f974ce836ad5d39de5e29752ab0c5e867a3,13.0,0.3978,0.4975,0.189,7.0,0,0.5937082111452076
02c3ed089a5a41f0b806c18b7ccc545414bdc73ced513164ac3837d61cccc29f,13.0,0.1225,0.9986,0.0377,8.0,0,0.01966496884589929
02c4036264a799da0c439128b85f6aaa831c22b8c6a197c099e3bf219c4e3346,13.0,0.0,1.0,0.0052,0.0,0,0.01978947117409603
02c4062194b9d686e1203af3e649044cd0ac649e6388ed8d65c281c854608d1c,13.0,0.3443,1.0793,0.0337,5.0,0,0.0895194629048115
02c420c4456f42792414dd8d4de23f7b61ec58f457bc14d7d9da0829eb8e7b61,7.0,0.0,1.0,0.0795,7.0,1,0.16026478167744368
02c4629a4e539ee90d0c0f5511683225a55e1149ec0efdc9c149b2402a9e0c0f,13.0,0.0927,2.1521,0.2501,9.0,0,0.36017671868466117
02c4652050b33f2fd3aeafcc774c13f99a7db3aad168aec551a93b12a3038822,13.0,0.7224,0.3942,0.0817,5.0,1,0.45338271352964604
02c4a8f540c2753de4b7fbd628523bd1dd50cb483a043f69e27ebca4d4fa442c,5.0,0.1868,0.8422,0.1504,4.0,1,0.4457877781565026
02c4e0deb8a2545c7db287ff3e07da77e149c9c2ca8555c30374536dfd5fece9,13.0,0.1513,1.0959,0.0152,1.0,0,0.02485516676972458
02c54562178246e8ef5f0daaaad5189cc214d2fc17cba124fbc88a7c58dbad5c,13.0,0.3961,1.2544,1.0377,1.0,0,0.622349237130738
02c54e623360d5be4e1e68e9e8ec3a828503453bce332d2890d0faf693dbb59f,13.0,0.4028,0.4399,0.1373,4.0,1,0.5782935407219911
02c561e85555073e7b7e7143ddef0c35639e36d9f06758ba1e4b212476a31dd6,13.0,0.0657,2.118,0.0641,4.0,0,0.12158546985601049
02c578f2d461035c716e3cb422f06bb12a5b4efa4051ae6b13c2f84b08ef2727,13.0,0.4081,1.0896,1.1051,5.0,0,0.7204032747527959
02c586dfe590a0b7cef5f219f340286ffbccba718fa526b8f784b34461424abb,10.0,0.1804,0.8824,0.1842,4.0,0,0.3884264952507984
02c592fe4c2c11430696a9fddffd9543e0099ac025a7144c17617d710b3e62f8,13.0,0.1582,0.0,0.0151,1.0,0,0.02444033179899541
02c5d1e07b35596e595891d02dda3ffc2454dbf9063c8463c6559730d9f548d5,13.0,0.1643,0.5325,0.0339,9.0,0,0.020786330406403767
02c5d659a79a7c3b6aa99bb4422090b8fad95de86cbc2366f13b40d2ffcbe043,13.0,0.3051,1.1091,0.2683,4.0,0,0.6563244983799621
02c61a4c8a8bab04e5bec07c479d05765af9bdf1951c6ca983df4502aceec407,13.0,0.1571,0.8794,0.0453,4.0,0,0.024932707300466355
02c657d2c3f48b7bd6ccf8c7254394356be76402ebce38964023d864a6d0fec1,13.0,0.2113,0.823,0.0196,1.0,0,0.035237162910535906
02c6672782449dcd5b575f69f1ddd23f8824a1a5589c13b3ab2ab14d00a34147,13.0,0.2079,0.7701,2.1394,3.0,1,0.8208311878466611
02c68217ac58b65b6834cedd5d3841495996564cee188178f85186bd661f77fd,13.0,0.363,1.0461,5.1363,2.0,0,0.7850809216997859
02c6aef458d6e75ffe51b077c72a5e3bbf7dcaeafc0ae52a6b1cd3b88af28536,13.0,0.1332,2.3188,0.1753,9.0,0,0.3421565875954255
02c6ed9eb308f0f9a0f80f9185d25af23db56b20d60358d7374500a98afa7fef,3.0,0.1918,1.1248,0.0618,2.0,1,0.17968055008377806
02c6f471fdc71df19a4f8e96db28e5592f7ff6ec694a1e14d5fdead7d6e9a9e5,8.0,1.3278,1.0303,2.2399,2.0,1,0.8704281121526037
02c707e9a7100489231cdf95a3243067a06eb5b55bef5673444169cc93db84ec,13.0,0.1651,0.9736,0.0284,2.0,0,0.025420503469376708
02c71191e5aa665b0bbf40791f2b546ace52a5dd67bb2a51f9582878d14336f9,13.0,0.0255,0.0,0.0045,0.0,0,0.01569832901850119
02c720506941c9ac7093d583347b70dbb45bc7a63d695441319e20f879bdca22,13.0,0.1899,1.0487,0.0155,1.0,0,0.038211954490240174
02c72ddb4a61dfe55592c2a1b62c5e3af0c5fd7d3bf29c29d32468cc0f660f22,13.0,0.1041,1.6764,0.0204,2.0,0,0.02649254336761204
02c7322257c1acf65f222d9cef88b5af644f7fe5d4de081dd6c8d10423544fc5,13.0,0.1264,1.2567,0.0158,0.0,0,0.05322384863290825
02c76858ab8c7dada4af1efd7cedc8bf6cdd808010b2cae7b74c4c5c7efad3ec,13.0,0.0588,0.0,0.0084,0.0,0,0.03608034560833661
02c78444feb8e26d5552af7742164915d84317e386f365a06ead82703cdb253a,13.0,0.111,0.0,0.86,10.0,0,0.2634519641510544
02c7adc3fd17693c8ecfe2a83ae320163d934d872dfaffc74eb8e6500ce89349,5.0,0.1671,0.9886,0.5756,0.0,1,0.39988111673252724
02c7b0274a937be7f6bce4ed7fd5692dbaea9c369d741edda81eda8b50f385c2,13.0,0.0,1.0,0.0077,0.0,0,0.022280945636023855
02c7ecd1f8e138e69cbe8b4c654c13fe56209815f17cf27f40f9ddc7a003d111,13.0,0.1695,1.005,0.045,2.0,0,0.03770513641047458
02c820558ab2bddc4c20ce17ae3ad594d4e1a02750e06cd1577a4f338ae7a9cb,13.0,0.1822,0.9127,0.0144,4.0,0,0.03444643537679208
02c84569eb5b83d453e732dac82155f598388adf6e9d10d44768ca2082488b4b,13.0,0.0,1.0,-0.0147,0.0,0,0.045736691314860856
02c8566793235e4f37b53a6bc5e0415173bafe33d8620d8fc763bdaaa65490ef,13.0,0.1084,0.6958,0.0641,7.0,0,0.04695837227032307
02c873a22feabbd584f48743f581c013bcce0045ac53f81882779a0229a5aaa9,13.0,0.427,0.7666,0.0253,2.0,1,0.04884560267081551
02c8e48e006f87b6da145b597ee57d83f4f15546f36203b36dbe6d2891125f5e,13.0,0.0,1.0,0.0055,0.0,0,0.01978947117409603
02c92ecc5509d3ae03727aab9f36be856ef975ff21c8d97112b5d016a2802514,13.0,0.0538,-0.2472,0.04,5.0,0,0.019665735725669573
02c95477fed45549b7755633881f5ee4f68263cbcadc7a509ba591f11c8e178b,13.0,0.1453,1.0674,0.143,13.0,1,0.3170189496150398
02c95ec2717e56a9fd4cb593dead7c5bfccd91c7feca05db308e03989ed2ae33,13.0,0.0274,0.0,0.0074,0.0,0,0.01720718258340019
02c979531becbaf8a6d76d5bea12f8db319629d556d302f371256db78f7227b7,13.0,0.0,1.0,0.0079,0.0,0,0.03633201737750049
02c995f49d2814999f4a051be2ad14b86a45deadf1cb9aa0b92ac3f02301eaf6,13.0,0.1573,1.049,0.0262,4.0,0,0.0219993455997614
02c9a49e8c2e380309aeef52f0b6e8190a6831fdcb2c4eb0dc1b8e436ffd99e2,13.0,0.21,1.4813,0.2117,3.0,0,0.5669022022079035
02c9ad8d2ee1052bc315d1fb480fa3151dec711c96f3ee9940761314f147cdcf,13.0,0.144,0.999,0.1044,13.0,0,0.23216498497281074
02c9eebe1d580bc0d747d741ab415b9c32875f384b50ba5b6cdd60010385144c,13.0,0.2424,0.6906,0.0517,2.0,0,0.08563048753857533
02c9ffbe84311edda873474d9202e3e63fe2d82693b0f02f1a9e9e3fd84eb927,13.0,0.2033,0.6916,0.4063,4.0,1,0.5358918829057288
02ca0649e700583e95a43ee8b08a5a3dbff460578d0ae7f94ef04d09553bd9b2,13.0,0.1914,1.3214,2.935,7.0,1,0.8151903315691276
02ca0e909cb575bdf2641580966023ccc9b4f1fb334362ed90ba71bf348879e3,13.0,0.1354,1.1525,0.0253,2.0,0,0.022045799134321444
02ca51913552d62026590b603e5bd13f64d9a8778d45babdf51ba66ed17368e7,4.0,0.1512,1.0041,0.2228,1.0,0,0.3216383313061136
02ca520819c3d7a9197dbc3dba826f51e1b6db0f0881414efe2a7e0d8c20e928,4.0,0.1898,1.1902,0.1008,2.0,0,0.2587237530091379
02ca5b6a5203621aeb6198d666f8214a98d3080af6d6ff8219b764170affa510,13.0,0.1721,1.0561,0.0961,4.0,0,0.22362702883114516
02ca6452365ee1f7e75f5b409686596bd268cab46b7567007717b0a675cced56,13.0,0.7873,0.5756,0.0798,8.0,1,0.43135053266046564
02cb172039c2a93fbddbe216b9dd4b8ee4dead8f2dca9af9879a9be6b5b58ef8,13.0,0.1148,0.894,0.0221,1.0,0,0.02259309805816518
02cb5f992bccc620d1da9ca5ec714ed7981739146437dc8162045fd4d194966a,8.0,0.1355,0.0,0.0249,0.0,0,0.049387861101771
02cb67a91ecf8f3ad628d84966ebd9b68611b4c0eafaba3322fe79f60da045b6,13.0,0.0,1.0,0.0075,0.0,0,0.022280945636023855
02cb77ab2dae147558a7d1ab6aa63e3f4c599f9fa4236b8e93a2bdad33fbc2a8,13.0,0.158,1.1045,0.0078,0.0,0,0.035917205783244525
02cbb7a1b80d657fdce0f6fe6250983d590eb8f9df888abf422e0d8c437a8f97,13.0,0.2631,1.9706,0.8576,2.0,1,0.630853306526593
02cbc9e0140d334d38f415c97ae479a4b0926deec06a9a6c5b66e858aeddf973,12.0,0.4231,1.2926,0.3224,2.0,1,0.7055245463773584
02cc3beaaa6ad382adf571799a2a92837703ba2de2fec8ac65d3d8018185e522,13.0,0.046,0.0,0.0154,2.0,0,0.022127181543338058
02cc9ad017d61f1d4b63fb6c947ebe20e2c2962d2816a2e5ecee0cdb28d50aa1,13.0,0.4102,0.5829,0.1253,6.0,0,0.5046318629255057
02ccff72a071f02937516e64cea36747de959db2634ca9a9d778891d895fe7ce,13.0,0.0,1.0,0.0055,0.0,0,0.01978947117409603
02cd183159d7b2345d97b45383daf3aad2ca373a836829bb136378ce7a0159a4,13.0,0.0,1.0,0.0066,2.0,0,0.025934011569596294
02cd21507bd4b293161e83bf1266608ccb88b797ee2a11fe14339fca4a146e9f,13.0,0.1723,0.5919,0.0652,2.0,0,0.08498568051964189
02cd4fa9d533450a0ba3d5e30c04d2d24ef12572bb5932bcf59a27c0027280fa,13.0,0.0616,2.0749,0.0439,3.0,0,0.029512116431343837
02cd63df2ac9e6192f3dde4fdf6a9356ef472bebcb3616455ea3533e9dd8ec42,13.0,0.2274,0.6777,0.0551,4.0,0,0.06968818206910277
02cd785e3f7a04360ffa501c4ed676ceca8fc29538a1c08cae961796e5cc1f82,5.0,0.3313,1.3358,0.1423,5.0,0,0.6547989207077984
02cdd7500c03bd2fb73eb0fc44bd0126ef58316f2c7021c17e83a84863672de5,13.0,0.2887,0.8631,0.3742,5.0,0,0.6468983944386482
02cde14927e62232e0fa6388b31796fa17fd057da8a0b66fe8e7ea12c58886e9,13.0,0.3492,0.76,0.4074,10.0,0,0.6666501779437967
02ce0eb533f00c061e1fda9f5720e3ea97681c7fde716ebb2d5a28ab06229c66,13.0,0.0448,0.0,1.2079,12.0,0,0.5841032839092983
02ce1f612c586a0d8ace48582bdd6e20120ab530566fe84c02d61fa1be0bd3e8,12.0,0.1447,0.8292,0.0177,2.0,0,0.021964122261158438
02ce54e59ac85031a2720970a6f69797252d654efe5c36caf685de4106d4d1e6,13.0,0.2938,1.0205,0.0213,3.0,0,0.06966972166819964
02ce9977ec92f13c00908dfd7207fb971892340602dc5a0a49acfe4ef83a5d8b,13.0,0.1267,0.9757,0.043,4.0,0,0.019566365573216685
02ce9b1c0ce1f71eca347e2b3e25d8c6ae5986468da27501d9ed09525aab01fc,13.0,0.0307,0.0,0.0126,0.0,0,0.047363421484661196
02ced4d91d8aed2bc8b8695a7a347d813e5921ce763c9e1538149db131fd2438,3.0,0.1622,0.9679,0.0982,2.0,0,0.1538654975111168
02cee5a4bbf0f45f2c67b6d03d39a5e3258b09558edaa9f79a2aa3ec578a93c4,13.0,0.0741,0.9563,0.0121,3.0,0,0.019758097108624372
02cefdf9d92e087bb096734b77f7f37a1718f423e74cfe3bb1b3832edd56d160,13.0,0.0938,-1.818,0.0267,1.0,0,0.02203238344823151
02cf2847a3d32db0b9c6c490b7911db6287f12ac0195da4a0af70691c8c86a84,13.0,0.2562,1.8814,0.4033,6.0,0,0.6414148963034877
02cf33f3d54a2b3f3cb561b5db33aeadbe1f611b1730b13adc75dcc2cd8d2478,13.0,0.184,0.9019,1.0559,6.0,1,0.6273841917235357
02cf3ad023eb4fc73b9c92705b82ed7579eea71d5351786c53a3703d8757d353,13.0,0.0653,0.7034,0.0658,5.0,0,0.042398959280432254
02cf8ed730dc2b592dfceb66421142f6fd6ce06dc20e683f88e7f8de1156702a,13.0,0.3011,1.0557,0.0672,13.0,0,0.27501216612242274
02cfe019fa9f41c28011d11964469a9e3dea9d468f5919e48cf87d26b23bdb20,13.0,0.0,1.0,0.0083,1.0,0,0.03410149531536111
02cfef60fed7a53660b9c50b97f030fedf815725e7127d21d1a1714a1e1d3c81,13.0,0.4577,1.6405,0.2237,1.0,0,0.6099255082217865
02d03cb4988d240e61e197f8cfc8f647ec8ec9c5713a5f7bd1d131b134574a5a,13.0,0.1509,1.1548,0.0517,2.0,0,0.032508695374283914
02d0628f039cae84e89d314f2b9bf41b7300ceed082bc6452d6ed7dc34d2bef7,13.0,0.2771,1.3694,0.9438,2.0,1,0.6097391807873221
02d06c7b6e5502f565eeedae61d312118cb0281dfe7f92239e054218303e0cae,11.0,0.1078,0.7832,0.0055,1.0,0,0.014147925123473319
02d07a5e733bf24237e41d460e24431a943cee2cc7513af5150ba7b0b58b477f,13.0,0.1526,1.0757,1.1969,3.0,0,0.5713280837493697
02d09b36128999814b18ac87cbb617752027fffe47ecd6ad65664ff04551bcfd,13.0,0.1402,1.4856,0.0266,3.0,0,0.02119059280538194
02d09bcd9aa1a410ec2497ad6ec4e0ba55ee5860b214f5e47df52b978bad96e1,13.0,0.1752,0.9361,0.7957,4.0,1,0.44269041541871784
02d09be879ce15bf0e48030ab37f5d9927fd33e847dd4957b55bf5981d95f3f3,13.0,0.137,1.046,1.1546,6.0,1,0.5755293969989755
02d0de2106287be46251e6411c1f0be7a3e08376b3ceee016157dc7305cb1130,13.0,0.3964,0.7823,1.1023,4.0,1,0.738038901377518
02d0edbe56f77e279e7f559e01b1a09582f3ad8bffad5690be420189e69c185c,13.0,0.1213,1.1541,0.0247,1.0,0,0.024520875967342034
02d108ac5fff21851fd24cdaf9d7dda88affee1e66a88811a0718e480860ba88,13.0,0.0,1.0,0.0076,0.0,0,0.022280945636023855
02d11f20b78d5e21a7b82f83d72db9c2822d97b69c0968120b97f51e4c70215c,13.0,0.1049,1.5541,0.0054,0.0,0,0.027578577071119565
02d11f44d96bdc6653e4d1a9e79ddc6804d471a6d468ed22f7d05011fb4c381c,11.0,0.1575,0.9509,0.0659,3.0,0,0.08391340819739337
02d12024653cedeef406943f6d44ccea5c4c0d430776f20f6e19d8186471af40,13.0,0.157,0.9666,0.1772,8.0,1,0.3528885549545266
02d127cfd083a071cb92c122b0cda5ee5a67e966fb61111df8d65eae76964f7a,13.0,0.1555,0.7825,0.0174,1.0,0,0.022373140634056817
02d13eaedbf10c6e994e369fe4dd42448334ac188a34433a6b9768838a314c80,13.0,0.1473,1.0037,0.0574,3.0,0,0.0836163936087921
02d14d1e00e89c9e24b1ca24533f969b0f9ec60f47d46bc1e29c4bf742590dbe,13.0,0.1112,0.7151,0.0247,1.0,0,0.02175150669048484
02d17334660abd904b6a6a45544a8f1174d7dcd7f46e7857a8d1d9fe3eb47904,13.0,0.1583,0.0,0.0067,1.0,0,0.02132630137390722
02d1819919804ee678e0cda8af4598f4ab74a7f7438af3b0aab3a3147ff4e3e5,13.0,0.1529,0.9838,0.0401,6.0,0,0.02370718781985702
02d184f003a7544e02cc01ed2a68c623c59eb466570a67b04127e57711417540,5.0,0.1848,1.2666,0.2834,1.0,1,0.44415812943810834
02d192f21255d39765bbe98f81694af74a8d431f7bf09a717974bf94e3af377a,13.0,0.3838,0.4388,0.1928,5.0,1,0.5833735634539408
02d19499124c588a60879ed79bb3deb245cf23c339899ec3da573d1618a1b610,13.0,0.1448,0.0,1.5728,9.0,1,0.6679818122591495
02d1a79ad81483bb7aadd4b78badd3b990ea971901edc0b09b728e7296c129f9,13.0,0.1031,1.2501,0.1004,6.0,0,0.1129304749640303
02d1c69c9f7e965c4923b8b2957086c4946e48e1e0badfec7d13251260aa1e24,11.0,0.7808,1.3511,1.4126,2.0,1,0.8283546823162751
02d1ebdc05b609453243a1f759f5c6fb5f8030fc9c6f3e3caba0416753958ab4,13.0,0.3853,0.7631,0.3043,13.0,0,0.6849969508083692
02d1fe10b5df2870ee13fd7a1c8aa0779aa4b4331435c754941e1afb39f33a7f,5.0,0.3658,1.151,0.1923,4.0,0,0.6488656329609377
02d2159556e5a8f0dd81079b35734a41098e33fce6350f5077feff8f2c2bc153,6.0,0.1433,1.3941,0.1725,2.0,0,0.3278696414650599
02d215ce071e4dc674f83918185d1dec367d8b9ae3a95438f5a625866ee27972,13.0,0.0,1.0,0.0129,0.0,0,0.07704350507592042
02d217f061da1719077eaf443167af8b971b4534ecc320b8f27c63dc2555b888,13.0,0.0527,1.7351,0.0278,0.0,0,0.06677353369758939
02d2215a8b7918d964a5c6323ef7120129b2a208618e1961dc0abc46b42781a6,13.0,0.1556,1.0226,0.8107,1.0,1,0.4522701771841284
02d23030c8aeb6697d4a63632d4d1b01984d063cce6b9980c0f61769fcb6c5a6,13.0,0.1395,1.1045,0.0208,2.0,0,0.02177599921646661
02d23549cbce1b275d69bf82dbc3cd966cdef24e1b73b8f7fb11f9c9b5d4e234,2.0,0.1726,0.9823,0.0312,1.0,0,0.029375994804306
02d27733c0fcbd5c72b3894d4cb9ca61d3cf3192304f264c7e8f4e241e00c1b5,13.0,0.1485,1.0515,0.0324,7.0,0,0.02463994339650732
02d2b29ab83206f581687cfc84febef2a464bb0825e168e256aa5f8a240095da,13.0,0.3338,1.554,0.0917,5.0,0,0.3942598909923128
02d2db4c55874661ddedace1fcc8ff5b18e971c208e18da99343e44c5073a5a9,13.0,0.1286,0.0,0.0052,0.0,0,0.016366500698900773
02d2e4eec5ba89affaad3fe144a4c80e22cd9a203a969ac0010ca979037cf9ca,12.0,0.0,1.0,0.0066,1.0,0,0.027828252184556777
02d3007a941611c224aa055e145692a9d6fc36f1701a914442e9945bbc8e56cb,13.0,0.167,0.9877,0.0402,3.0,0,0.03150950046680373
02d350067244bb016263efd66ef506da782db43e1f737650dba24f12c06ab5a0,13.0,0.3702,0.5845,0.6893,4.0,1,0.6639285375632876
02d3516e6c16d5dee1b0fcf98a22ed02b0fc70d9505a941911963ebb2f7b38c6,13.0,0.2585,0.8542,0.2019,3.0,0,0.581846203252008
02d37619ec7750bc8c9a10186c510725d90faaad44602969935b19b4eaadf425,13.0,0.0388,4.3943,0.0126,1.0,0,0.06139166628548466
02d3a0151e503012349c794f2116cccbcf39142c0587199f87ea1c6baedd1a41,13.0,0.1568,0.9529,0.2474,4.0,0,0.3797297047588036
02d3c5cbdc8b6d4ccbd043bf501a6fd56cc61b419b0e9eac86961db778807fa9,13.0,0.1274,0.8985,0.0193,1.0,0,0.02259309805816518
02d3f2b38d2a2e1649bd0ed6e00807c4a5bd6fdb67ffc0c0b2e59611d87b33e6,13.0,0.0723,2.1694,0.0068,0.0,0,0.03747361625288736
02d42a10a8932dec4a9f266704e6753c2e46fecc5b7b6f3b8a7039e634b8bc2e,13.0,0.0822,1.7012,0.2466,13.0,1,0.3674570871289393
02d4492321a142e3b584c3b89298ef90adf41a0a59d1a4ff6fdbfe54634ef35a,6.0,0.2266,0.993,0.6914,5.0,0,0.619344763709011
02d467254772fcb8969f534416797aa89f84cde6b0976bb842d77a3d0f3091f6,13.0,0.1461,0.9103,0.0864,4.0,0,0.13056999958563742
02d472404f3a166e6c4acf426a72d3422607354fb4c39c613d8daa15a30bdc9e,13.0,0.3309,1.3237,0.0937,2.0,1,0.42560563835186727
02d49d2b91f108da75ce36f82760300d87e8e0e5ffa8f412a669d3fd42ef8870,13.0,0.1365,0.819,0.6652,3.0,0,0.3239306806630443
02d4a6a4de8d110623c8e6432321795632e713340944b50419908214a7638041,13.0,0.0,1.0,0.0057,0.0,0,0.01978947117409603
02d4d5866122dbb65f67d36dad5bcd1c6951756a19cf1ed64783d42425eb8a27,13.0,0.8839,0.8273,1.3845,3.0,0,0.7439189672890463
02d4de20f46838a9f73b8b6466a950977e02a83a3ea6764979fa4a07e9cc2a0e,13.0,0.0,1.0,0.0173,0.0,0,0.08224435074188237
02d514351a06d09a62c6c9a0e585427be841513d97566add53b3687bef6995d9,13.0,0.1424,1.0493,1.1659,5.0,1,0.5860536240579441
02d519d60ac5c4b84f7836ca4d64e7d257de2a3ff8448b7f67f78d5c96f6535c,13.0,0.2388,2.0817,0.1133,11.0,0,0.4125454129506492
02d5450f5506e7e207683ca1456cf1a0a3475a449d72ec0c60ee39a1dde4e3ab,13.0,0.0,1.0,0.0066,0.0,0,0.023516553475718346
02d583b68763efe8f3bb4153b1e44f2b5bbbb87aae524a9578ed986e32008f5e,10.0,0.3541,1.1043,0.3314,1.0,1,0.5863583566227449
02d5a153fd3b8d8df06d896e29b0703491e1a9363f1b405456898bb72e26e8a4,2.0,0.2086,1.1988,0.1066,1.0,0,0.2921894301126313
02d5d306d8dd0c08d7f28c7195c53b7f9158f5a4e0f0b47e219fb2db65dbb5af,13.0,0.1482,1.7589,0.2994,2.0,1,0.5101439717361601
02d5d36104838d1d73a9ed7c5157fab3246ba3fe077685e6f2716360e41dcbd1,13.0,0.1922,0.7783,0.0274,3.0,0,0.028344686761118548
02d5fc40fe30af12ac5a612f02f53dcc262c20d33d73598d3f5d5b4d05793173,13.0,0.1199,0.0,0.0176,2.0,0,0.019588108675564233
02d60334606ec017a5e662dcb7643088b304208078c8de9247b1693e035aa596,13.0,0.1847,0.9296,0.0727,5.0,0,0.1493078679982769
02d60fed59489e192716b17275d73eb5edf09dfa595182f55ed8bdcad34ed462,13.0,0.2359,0.7223,0.4073,12.0,0,0.5954498585419495
02d65302167a01048ec9911826006d32e745513c0405775bb9c0c361fcdd96f8,13.0,0.2328,1.268,0.0072,0.0,0,0.05390337856276504
02d669341e559af25aa5806bb0ca0c0d1c28d1ac8436a2a323fc305c31c3cbb4,13.0,0.1433,1.1026,0.1045,5.0,0,0.24918376432671777
02d679a6ec124a8e2ccfa5c2728843382cb30a2e51c358d69995e8268cb35d47,13.0,0.23,1.558,2.553,13.0,1,0.8047801447223526
02d67c25e87b842320f3d23281b7dc0f2a902ebdf2efed9873f1e44405cb6971,13.0,0.0,1.0,0.0055,0.0,0,0.01978947117409603
02d777a383e5e9af71f409eb2246e5965133674240e7f3690855c71833846f6c,13.0,0.0,1.0,0.0064,0.0,0,0.020263886945132575
02d77ce3404fa05bd6611f787b1a0ca0037fd20dbad6b23780db53d1f4aeab16,13.0,0.1531,1.0277,0.1569,6.0,0,0.29257979210384527
02d7b84b0e4338e16e6e91960c3d567b0860c8a7f788921f9c2210d8be6d09a1,13.0,0.0,1.0,0.0073,0.0,0,0.022280945636023855
02d7dc79548b9d2066847a2737e5ef550be4048a3697bccbdf9df6b693ec6697,13.0,0.137,1.1575,0.0202,1.0,0,0.024471992474264393
02d7e0a8c3532b4b5333058b29d80d4d22b0c7350ce45ff35ca752fdd03a1da7,13.0,0.1676,1.0223,0.0233,7.0,0,0.024492419041470398
02d7e2b5aff3d1039423b7728626ae0d18f160b2aa73d1c72a24e5416e379892,4.0,0.1432,0.8198,0.1183,1.0,1,0.20828076573016222
02d87280ffa6e18125ca0fd23b0e2e2de8ef1c1981ecb387ca1f9a1ac588ff78,11.0,0.0,1.0,0.0093,0.0,0,0.07006471872599379
02d87aed9b29bb4a8c3fd14644e268753937ec28fca2e26737cc3eb1f13b3c1e,6.0,0.0,1.0,0.0055,0.0,0,0.01978947117409603
02d87e7e10160a6120b0bc003ade7061b33953eacdf8285eaa333134feee96f7,13.0,0.0,1.0,0.0048,0.0,0,0.019980332496187008
02d88e2389165868ad099ba161a6970513df3e4b41311bcac75b21dcbff878c6,13.0,0.1976,2.0335,0.0298,5.0,0,0.04430513615844223
02d89a134c0194810eee6c1623021202104ef10cd8304a34afaee624f3d4e7e0,13.0,0.2329,1.1238,0.1198,2.0,0,0.35644988950142464
02d8f811e5480ed8393f4fc5e98a4fd1034cbf4d9eeb466b7c62105d840e1f98,13.0,0.3636,0.6368,0.4849,4.0,0,0.6439089457006391
02d8fda9c3ab0adc00a5104fc944da4229fcd51143b04ff7d0e9856599e657be,8.0,0.2932,1.8371,0.1619,2.0,1,0.6515055365621453
02d907d679fd58a5790ed95d85d5dc87c66083c5eb11247a2241d255ea9b51e4,13.0,0.088,1.4375,0.0228,2.0,0,0.02331200833425358
02d92a87ad2f4cfcafaf30c3945e7a6567b5f5350dc8cfb3e5e89323356d25ab,13.0,0.8284,0.9619,0.1292,2.0,1,0.6418817989451376
02d9b6f028b7403c6989babf652b7af2ccc62922513e19ed0bcb43dfeaac5ced,13.0,0.2571,1.6766,0.0494,5.0,0,0.10991095972411745
02da00e8492de79e5a38d8d14fa884bccf49c047bcfee8c95f53b910fe324179,13.0,0.1827,0.9201,0.012,1.0,0,0.02932595707103742
02da0e17b14d26fe64e8b03292a78e0b8cb3f23b87e8fd1b72d16856133bed7f,13.0,0.2115,1.094,2.2289,4.0,1,0.8161497287660147
02da2120304fecff8de79d1a0ba8e1c92d35b4dcae651f180d12497f9a69afc3,13.0,0.172,1.0846,0.7281,3.0,0,0.4691424293086004
02da792106208e1a3c0aa295eec4783257735a8a13d664ecdb973cdc440a57ca,12.0,0.1338,1.0983,0.0924,1.0,0,0.07382936503209106
02dabf09534afc2a755cfcfe46dfe78cd8beee2a5437ef6a829ea03ad094db00,13.0,0.2541,1.0705,0.1572,2.0,0,0.5457821453697114
02daffbc7bc6fadd6b6c179dfa7ca00ba0cf28813121cbaeddca849964d8bcbb,13.0,0.1284,0.7787,0.0354,3.0,0,0.01872166606524331
02db1b8ae9b099af9cbf18da8461ed4d88037989e29d311563ab2f689617b54c,13.0,0.0,1.0,0.0063,0.0,0,0.020263886945132575
02db32926b5a30483438a13268d0df8ca726095212b43f3b624d7bbf20299c0e,13.0,0.0903,0.7794,0.0835,4.0,0,0.05888373227955107
02db9be75f1be2edeacdeb1ca448abec73a4817253da92256aa4a932282c436e,13.0,0.1397,1.1741,0.0359,3.0,0,0.020077945685217164
02dbad702fa6b8077038585c08e7046ee7e296ae7e473975b57e7ba5311c2f55,13.0,0.1443,0.9722,0.6451,10.0,0,0.4204608601388321
02dbdf3e69923cff17125e002c9f7805bdce4f0f8d03ff411dc061fce592e24c,13.0,0.0848,0.9525,0.0285,8.0,0,0.021629305483753972
02dc283c1ef218bacc39f45a0dcd412f8133e78545538e6748dfad8b0fa2a216,13.0,0.0759,1.553,0.0716,4.0,0,0.0752238605776674
02dc595d963c572eb009d3e0c41d0d03b7bf18a645f0c808070a72b39bb12be8,13.0,0.2281,1.1567,0.4048,3.0,0,0.6080559949241303
02dc728b8904ad41363c2820c16560fa89d69eb55d66c3436d2b12230583b6f3,9.0,0.7564,0.2164,0.8249,3.0,1,0.696461937952292
02dc9966ab8b3456ee537bcf1698d9843a490a99e39d3d6f2362c0cdd13e60b2,13.0,0.1415,0.0,0.5191,2.0,0,0.3156787820565164
02dca28867567ce2f6b8278612b56cd329bafe2d21735c2ed7c45f562cde2140,13.0,0.0,1.0,0.0056,0.0,0,0.01978947117409603
02dccd13d904bcda8d2f82b60c001e447c3054a324ef54d84a75333709458bee,13.0,0.0,1.0,0.0065,0.0,0,0.020263886945132575
02dd041fd6dea04879ea6d71e0b5a52a67586534e5a4864a854cf9c1941a7d0a,13.0,0.1584,0.0,0.0074,1.0,0,0.02132630137390722
02dd41097cd64007136fe7eaea265c4e718657999f5becb79ab87f27cda6dc0e,13.0,0.1623,0.8727,0.0159,1.0,0,0.02253360847037504
02dd5884f93e9e646ac7fa7b6f3f17b2793492876528eeff43e576a85af1b9d6,13.0,0.1643,0.9464,0.0786,3.0,0,0.1357924171357972
02dd6452ed5654a98396f4e93d5b35bfeeec61c748103f579ed93de32d0414ac,13.0,0.9905,0.875,0.1159,5.0,0,0.5114662086285946
02dd936e7705191ac709d6043a517d6c9fb9a82736389d256265629621e7a37e,13.0,0.0333,0.0,0.0058,0.0,0,0.01558099710817492
02dd93a1e45a7d908fb7b8d9aceca364e4dcf0dc6183d252fde5a42363345eab,13.0,0.0947,0.9846,0.0165,2.0,0,0.021812808349286148
02ddb4f3bbda928adf6e0f3efab74ce09ed93d01ad8b12b4477e9455d9faec2c,13.0,0.1365,-0.0322,0.0328,4.0,0,0.018502809457404335
02dded7ea677ef4c1ca736ba91735d3c3a87e3b4271fe9b0221bd4e526c7cd7f,13.0,0.2824,0.6046,0.4508,5.0,0,0.6066502593271901
02de36432f94f1e13b49def4498e10e94aa3cdee17b05af1962adfe729bc0e66,13.0,0.2508,1.3813,0.0104,1.0,0,0.0634132017833337
02de3eb8feb440a7bfbe14803f2de993f0c03fd7a4218cb8c2e8d0a999586911,9.0,0.1826,1.3884,0.1697,1.0,1,0.3673068079235122
02de4aa16838897174d1b4c6cee2c95a4252ff05b5842483608b885589d83d01,13.0,0.1181,1.2503,0.0419,3.0,0,0.020687886695612757
02de8a35ec36668d3a25bf872632238b923af860d7884411006f052aba2ce3ee,13.0,0.1701,0.9035,0.5983,12.0,1,0.43800579083670177
02de9bae2f9e78991409ed6f55a908da9942d227aae21f900fadc6429d3acf57,13.0,0.1308,0.9341,0.0524,3.0,0,0.024323142450524905
02df16bef988ccfbdcddc7881d776f9ff5a2d5abc79e73c61cd33ee631a10635,13.0,0.1237,1.2325,0.0062,1.0,0,0.016425278137723986
02df66bbe7cc16ac7895272d11664f36665ca608425a007faa38a78364ad1259,13.0,0.2043,0.7882,0.2954,4.0,1,0.5474534161539908
02df6ffc0863d4e99c471189ace16f1e7e3d1bea94a9477a7e31c8ceebdab83c,13.0,0.0964,0.9896,0.0293,2.0,0,0.0219168060220655
02df8105b91d4f1185e10b0d97b7f4921d40cecbb2473bc82cf3be3bf7aaca04,13.0,0.1785,0.0,0.0161,1.0,0,0.0380269725663662
02dfb1518facbcfe4f34c212daaf5ccaeaa057aa5237b5d7ad6dd3a008a57705,13.0,0.1997,0.8417,0.0104,1.0,0,0.03404428701412571
02dfbcac41d1d56e3c9154c726332a1b68fa5eb6e9bab53f880909a34fe69f93,13.0,0.2559,0.5549,0.073,3.0,0,0.17739055289012595
02dff01f838ce3558986d4c844b4bd4fe8251c4abd9d1ff62520bf77b43e8175,13.0,0.0791,1.4187,0.0252,2.0,0,0.024131577409258448
02e009e580037ab819e60df269e8e1c9a40494533f6122c6a54da07abe4c9d0a,13.0,0.1529,0.0,0.3625,4.0,0,0.3558004323851199
02e01d9867aaed10a4ffbf03b470065bb773006c6f5e90759ab38e1a69fc031e,13.0,0.2008,1.4974,0.1624,9.0,1,0.544171480754034
02e023494fa7c46ea6fbb6ac99ae16a6c77f014131560f45f14848ff691341f7,13.0,0.1483,1.0213,0.033,3.0,0,0.0247791284795967
02e04f13b927a19ce305dc92eae853cc021b558b3ea7d646e9579434371db610,13.0,0.0,1.0,0.0083,0.0,0,0.037720949013385574
02e06e2a00332a2a53068d8cd0c3ef2a5a3aacf2caffe35ebce596337ed83b76,13.0,0.2874,0.493,0.6222,2.0,1,0.5588448423771077
02e0a9de5e48c9c219c8217ee9f556ceaac4684a3aecc7973ea54b1c74204c05,13.0,0.2312,1.419,0.4595,4.0,1,0.6209195747257423
02e0e9d597c90bccea7b26bec8d7b09fe1ff772d458c70c990020a81645cc83c,13.0,0.0,1.0,0.0045,0.0,0,0.019980332496187008
02e105b9a2f11cda651712d2cd15e7cd16071a48a2f71f933d65677544251e72,13.0,0.1095,0.6318,0.0414,6.0,0,0.017557576323456323
02e1117ed0eae08c3aafa8360286610c7e1f5d44396e35ff9d88ed421d97b9b7,13.0,0.0461,0.7051,1.9662,4.0,1,0.7266878233161519
02e112a5be07abcab129a2dae5aa27f5e1bcd22f2ef396197d590a1df49e5406,13.0,0.1082,1.1345,1.0984,3.0,1,0.5396986737661533
02e11445c2e7a65d3bdf6c9a273c211a96ce0362294819a2a750410f5efea368,1.0,0.2098,1.0,0.1869,0.0,1,0.4438670294408288
02e1894c8d7fcd960d6a9bee0e96ce8fde34eb37ab96eb286fcf9b811ab65ebf,13.0,0.1992,0.7204,0.0145,2.0,0,0.02830699611986317
02e18b0d13d6f5a7133ce0d381fe0c0f5d060d462393afc1d47e0d596ecb935a,13.0,0.3142,1.9339,0.0234,2.0,0,0.19912119391817384
02e19b2c8380d76b954bce6873094be6e5434d6eae2f010a4adb5f96d8d4f11a,12.0,0.507,1.397,0.9301,5.0,1,0.8002353728450035
02e1b21a3554ea3bfcd594e312b173facb402ad4999912befdcb91c0b876087b,13.0,0.1313,0.9636,0.0356,5.0,0,0.020869505987924676
02e1b96076281ccf4b33b2a582d89766e0be8fb3e2b747043eb22c15e56a6315,13.0,0.0587,0.9308,0.0243,6.0,0,0.01904625386730768
02e20c06fdc8fb255431a9b64e808737a01e00339738ac5b6953e1ceb08ad61e,6.0,0.0,1.0,0.2273,4.0,0,0.2451650638154571
02e22a9a2f2087b244f0b56a64eb3c0fb8dc0ec25bf96c2911f4c75651d83c87,13.0,0.0,1.0,0.0045,0.0,0,0.019980332496187008
02e22f4ba64aa40e1f5649356a07988f6acc0522a2f348736caf2ce24b9edf2d,13.0,0.0136,0.0,0.009,0.0,0,0.04525090283926482
02e235c6759ebd2124fb95b2272e9dc1a1a12184f652da0b490895aa996da275,9.0,0.1656,0.9518,0.0926,7.0,0,0.19597216898062875
02e23d2bceb8d6576e0cc58e46f1de70d278cd24ccbf1afc907a5e8c7de6999c,13.0,0.0922,1.7876,0.0072,1.0,0,0.021853792737428934
02e27fd4416b32c56bfe26f8bd61afbf3a16eee40e652e3715a47640f8131515,11.0,0.0,1.0,0.0298,3.0,0,0.03263835332138737
02e2b4f40a7efa3bfd9c5011bacc3a88ad66c0fe720c5cc6ea5a0d8fe59deaf2,13.0,0.2209,1.2637,0.0258,1.0,0,0.05267226714174567
02e2bba8b7b33f3f4c362315ef02d90dad57dfc5272f5238ff01326b56115b46,13.0,0.1252,1.1441,0.0448,6.0,0,0.019540508312618186
02e2c9f1798bab92c8bcc553de933ddd0c11640164fac08b7742824df7d0da68,13.0,0.2075,0.0,2.4133,8.0,0,0.7455040852980886
02e359de8b7d3b2f98bcadf6c64f8b0274616f50af12694152a8b8d4c5f3b648,13.0,0.0,1.0,0.0076,0.0,0,0.022280945636023855
02e36129cabd03d7fcfa691d2e83b87160b6c46d4e3623cded554dba4cc1d389,13.0,0.0582,1.1087,0.0172,1.0,0,0.027392280253876425
02e369e2e622a4b21912d89a44fa9b726253cb13b101f31f041b220867dd5314,13.0,0.1755,0.9674,0.0358,8.0,0,0.03401705942531898
02e3763ee8e62b20d5ab48879bfe6057fc3135e941031a5705da52e0634394d8,4.0,0.2676,0.5792,0.1652,1.0,0,0.44280524550957795
02e3a53acdcd8d887452073ca22d52afb681c48a0dc6ecb8e44dea7541c4a58e,13.0,0.0369,0.0,2.0671,13.0,1,0.7637442242936145
02e3d1c6f601420dc35fca6ca58b787d2326624eb951d8f17262c0d55ef376d9,13.0,0.1593,1.0128,0.0776,9.0,0,0.1620815209595187
02e3e9cc90d4d7207b2810be0922021d614c66f163ccb7b9fe07c7104df6394c,13.0,0.2895,0.4787,0.0179,1.0,0,0.05263519941795896
02e3ffa7e5ada40d0a21412f5b0248612ebf7ba9ae593f0e8bf627c4583d933e,13.0,0.0726,0.5165,0.0546,2.0,0,0.03274619806923828
02e3fff9b2706ee6cb715f81e8eeaf98f90e2ebc817755d5baa1b023fc4d3e85,13.0,0.1278,1.3657,0.1704,7.0,0,0.2439487901527097
02e4462897888666dd5945a128a1415510c5c0af56d2217ab023a37ee758f428,13.0,0.0776,1.0213,0.0447,2.0,0,0.02497499770666446
02e4623a11d49bbf114cdf7eb34300cc312fe92c92e2c79d8a8f281b50da9f9b,13.0,0.0,1.0,0.0076,0.0,0,0.022280945636023855
02e486d63f92f1c981b8a77fc120585a539afea7743401058ae35c69702bc3d8,2.0,0.238,0.9368,0.0097,0.0,0,0.06796951590750781
02e51076a7a4885471c36383a6cdb0c535021e3ab2e94d2cba905d44665adf2b,13.0,0.0,1.0,0.0056,0.0,0,0.01978947117409603
02e5239e72277b7e38820b6283ebe9f757bed9a4acb796b68876f69d84062df0,13.0,0.0618,2.6133,0.1837,10.0,0,0.3466673750536969
02e5474759f999ea48247cff56c3c3745add96c92b788c704bb1c9f1e60e9a8e,13.0,0.6272,0.7496,0.063,7.0,0,0.35670310507433983
02e5474a4c81c97f49f789f5193d4a3507d98b581fdabf351b06ad9e503d38e1,13.0,0.0546,0.0,0.0057,0.0,0,0.01572805593170433
02e5a7db6754d99198b3119d075d04e4d1dcb6191d6ccded91d00fddae867b58,13.0,0.1932,0.6796,0.013,1.0,0,0.03987362241346609
02e5d6241688f3c33b07519778cf4b139cfc58fa0888c60d415430c9c71bbf1f,13.0,0.1328,1.0722,0.1841,7.0,0,0.298211297566062
02e5dfa16f911cfaefd1f59c5ec297a164bd9357595cbc05e7fbcffe765c8e2f,13.0,0.1544,0.8388,0.389,4.0,1,0.3867200125428023
02e5ea6cd009599a38d973f57d227c96eded877ad108f3863a6887b927bff2e8,13.0,0.1129,1.2046,0.0309,7.0,0,0.020129203984189794
02e62192aa0c47fddb4ab85dab6131da5b4b1aca6afc01bfb6dda1c0d52a654a,13.0,0.1307,0.7887,0.024,3.0,0,0.020192518519896344
02e631dca9c8431f50c5c4cc1224c3ee442d5129d031e52bf82e805bc59a1792,13.0,0.0,1.0,0.0062,0.0,0,0.020263886945132575
02e6336d297b61192c9bf8fe833c8addca6b0473cb908fc15a6ef94a81d3897a,13.0,0.0,1.0,0.0044,0.0,0,0.019980332496187008
02e663bca4db65dac6ae2ae13eef2017647ac7117257172fe4b0f03447208859,13.0,0.1467,1.1201,0.1596,5.0,0,0.3004366804389766
02e6bdb95cb33dc44527cf6a967eea5936956dd1b3a14e4e6355ca07bd96e430,13.0,0.2543,0.9815,0.0277,3.0,0,0.04399045305060163
02e726b000567295da3849c0075c2e0efa4fbd72190027471af499466ee92aa8,3.0,0.348,1.0017,1.2487,3.0,1,0.7061519558963587
02e7347ed561f81f578e2feb618806f1042d467906ab017ed25db630fadb5670,13.0,0.5792,0.7974,0.5458,3.0,0,0.7129657607640832
02e741305625fbeb0fdcc5596f48a332257b5eb751866b2773bc7e015913527c,1.0,0.1525,1.0,2.7491,0.0,1,0.7155758277951902
02e75fa3e2a905c96a767543c8d473cca2e377d0b87a8d5334c8648f3cbc5040,13.0,0.189,1.0858,2.4615,4.0,1,0.7904739049861775
02e7658d62eb4751b91b3618199e66802f7a412933fbb177949f1e3556abc9c2,13.0,0.2115,1.2963,0.0762,4.0,1,0.1913551043122504
02e777925f2d70706cb15c9ba2f2830f131fe9dd47b0781a49662d87374bc04e,13.0,0.1198,0.7904,0.4157,3.0,0,0.2259314448953881
02e798763f8571ee4f8f0bc374448eeb4e4c29fb77377d7e948dfdaf777c4315,13.0,0.3304,0.4713,0.0087,1.0,1,0.10350824917549918
02e79c42f0cc9642bad0ce289b0850d5cfa504dcb645c18f39fde4e0d71e9222,13.0,0.1491,0.0,0.0217,0.0,0,0.056145175304512
02e7def9d79f5616eee38534228506aea5580d78f7279f8ce1de8746a2a858b7,13.0,0.1116,0.6046,0.0426,9.0,0,0.018923059464282507
02e7fb825b83d1df2ecc9de19680a3fb81b3cccccc323233e52c94e4170ac9c8,12.0,0.0,1.0,0.0063,0.0,0,0.020263886945132575
02e80169c154151914081dea83d80d0719260ecc0df3e2b1ce519a7dddc76d27,13.0,0.2043,0.6665,0.3702,13.0,0,0.5319576086083252
02e803e791e0cdf02e9627239c4db3ee7c64efcd91098e7e9d73da01ab1056bc,13.0,0.1976,1.2498,0.0091,1.0,0,0.037915014596703586
02e84d70e7ddecf34df2cd2125eab7330bba50148d82f8e1bc19b95f3021c956,13.0,0.0861,-0.1766,0.0204,4.0,0,0.017791893944565595
02e89471f6c06b8a8099730f10253d62baa7a377b541e548e22c6b133706a58d,13.0,0.1029,1.1308,0.0405,6.0,0,0.018220844452152007
02e8cdd042179d9e369c7bf75b68637eb01912b4212c36b125e8542380d7b651,13.0,0.0894,0.8011,0.0804,3.0,0,0.05525846992570067
02e8dd2f3bbb841beac79357a82aa76954dbd4214125be694206fe4f55c7628e,13.0,0.149,1.1108,0.1665,3.0,0,0.29161099731210566
02e8e7c84fef103f7049edec2b503c393a1f2d19deb08bc75baf2631316522fd,13.0,0.1385,1.8008,10.0463,9.0,1,0.7940191372720683
02e8e89467a7b91ecfccf72f397cde146d66aff8b7fb5ced87ea086aab4c280b,13.0,0.1098,0.0,0.0054,0.0,0,0.016366500698900773
02e968372da410df569ac8065273c402dc8e767defb95f6c520d0cdae0e5ffbe,13.0,0.3782,1.0477,0.05,2.0,0,0.171279279773368
02e96940d8a73db47cd3dc14d81f3ba86f55aa3e5f0d5961cfc533548346d8ed,13.0,0.3956,0.64,0.1808,3.0,1,0.6086578272901756
02e9704e6af9ff88de20e67cdf64f53d120fd31df58e2fc44bd5ca0f9a8b30f5,13.0,0.1854,0.7614,0.3624,5.0,0,0.459927088336053
02e97bb341b5b040ab3299cfda569da0aeeaf35068bb36ef0142053f55605689,13.0,0.0672,2.409,0.0144,1.0,0,0.0465220364083254
02e97df5c54dfe984e97aae12ea1b8cfdf47e313d6f1a7bba5c64a9514b59d50,13.0,0.336,1.16,0.3608,3.0,1,0.6648236071097928
02e9aceccbcd412b8cc2f1c900e5cd8b9a749b753f68368dcee23d80674a14fa,13.0,0.0,1.0,0.0059,0.0,0,0.021280478197017946
02e9c0737a15e0df21cdb814a6a1380da6c55e4a7f32b381ce52c87b17bfe11d,13.0,0.2784,1.6183,0.7144,1.0,0,0.616208063076617
02ea0f8dcd34e036d24b0d8cc83a347de773bd2a0f282e5a7be74dddc93c3e9a,13.0,0.2673,1.1683,0.5022,8.0,0,0.6008101969730684
02ea43d2a8226dde25e0ce9ba9b531d178d26311c4263fc35570187bba2ced8b,13.0,0.4994,1.0865,0.8508,3.0,1,0.7406476398758395
02ea444252665319b52381a993b2bed0fb01ae1761c4ce90f4f508cebe82a189,13.0,0.2498,2.1737,0.9589,7.0,0,0.6272659933314276
02ea5e5ddb3a7d81bc0e4bb8c56427ad8ab26c5a13f9de92c6eb27ee4645dbd0,13.0,0.142,1.0593,0.0118,2.0,0,0.025885160611516297
02ea8ff5997504bd9ee9aecfd090626f0c41c59d0eb9a6124168558fc3884db0,13.0,0.8386,0.8373,0.5463,7.0,1,0.7287781819978574
02ea952a17646d1ffc390e49887772496631d7353448072cfbb1b58bede3bb90,13.0,0.143,1.0295,0.035,3.0,0,0.024340245560075923
02eae426a2599cd231cae4f28f6551a3db069bf97f3b42f5666ae6710327f8ea,13.0,0.1259,0.8361,0.0269,13.0,0,0.023697015715359312
02eaef72570d348bc5b85c7a9d5b6d8bc18c8574d036a4ed44d331ffd198e554,13.0,0.1424,0.8307,0.0387,8.0,0,0.022713122999649428
02eb0b3e1b062647ed91f0372c7d01554d5fc989f42f86304bec20795d30df28,13.0,0.5776,0.2967,0.0445,0.0,0,0.2373670370703767
02eb11d80d7ff90b22819f22d015c1a134571b412c6b7daaa0a99e9772773a8b,13.0,0.211,0.6716,1.6247,10.0,1,0.7759536254259306
02eb2a1382eee2ddd1ee628edd90c233cff2dfa4b8e25c2c2aed6a9107ea1298,13.0,0.1916,1.146,0.023,9.0,0,0.03615692267626546
02eb3cf85c6f71d6fc22d70b769bbe882ca12e62b7c7301be5d80a121ea25ab8,13.0,0.0992,-0.2852,0.0511,3.0,0,0.02122452006691172
02eb6db97069fed1f0b2b2d8266a731de2dbca496f8cec4e2c2de14b72eb8052,13.0,0.0,1.0,0.0043,0.0,0,0.019980332496187008
02eb6fc773b9dba37e4312315946f959370744ee22af6fe1bd3febabc6f96190,13.0,0.1927,0.9857,0.2845,6.0,0,0.5128986366212773
02eb992b8c1a4a6418fee23768eabb08651cbc72a59cc2608447c4ec68e7a081,13.0,0.039,0.0,0.006,0.0,0,0.015903437195320887
02eba6cf2613ef983056cfa90e3998685e0faca0592b459d4e384216e7d47529,13.0,0.1244,1.0413,1.6829,5.0,0,0.554353482760821
02ec327bc3495e9cb200e760cbd0429041d2c503a1040401d3765721553734bf,13.0,0.0,1.0,0.0062,0.0,0,0.020263886945132575
02ec5da0f3609b3f4540246830d35189a983f662267c4f071e2e4f59154486f3,13.0,0.1426,0.9952,0.3164,3.0,0,0.37694765021279003
02ec966eee39e7301ab703fe3d0f10b6c9e2eed3eee1ef13748e0f3984a1a7f5,13.0,0.1116,1.5033,0.2809,2.0,1,0.4418842170907595
02eca292532c6c031bb4612e384546fa63a7282a744eac27e024c0c974032e16,13.0,0.8507,0.7751,0.0267,9.0,0,0.07369165895616257
02ecf4a885860f398cba595547b784bf3968c057935e21d1a513f91e762469fa,13.0,0.2693,0.0,2.0591,7.0,1,0.8204814943097269
02ed0eba01d97b63b05bb6ab23e426e7f0e6055c43a1c3b162301ed3296bdede,13.0,0.1959,0.0,1.7443,6.0,1,0.7464533899737497
02ed27648d1dce9fda0c0e25ea6f2fa790d11844465488be55e59da9885d219d,8.0,0.2652,0.3431,0.3409,1.0,0,0.4358060761442262
02ed48f5177bbc6135fa1a207ea5dc2b04cc8972c6413962bbcec611c294d95c,13.0,0.0608,1.0851,0.0244,2.0,0,0.024641238342821278
02ed55fd5853911d9407aa07a30d96d6fe5199c481b073f750dadb4a3fd1d573,10.0,0.4733,0.6178,0.2849,6.0,1,0.7099950101351505
02edc305ea9d09b2dfc380eb3b5d302a10e84817f49d7a5087953d82bcbbfcf0,13.0,0.1875,1.2538,0.7691,11.0,0,0.5364055108045541
02ede7948d43b1736601754d23e55578d2b3af0df5716bd580f3c307d1c1a1c6,13.0,0.0,1.0,1.5482,6.0,1,0.6417568591039646
02ee5c1ddcd514b77d5bc89642ecf5a6ce25864029d3954c7c3b21b195c52693,13.0,0.0862,0.7885,0.0531,6.0,0,0.02052716743435604
02ee69cdaacaac872c571108b0a336602e9e9221c73119db79f8fe89104e6c2b,13.0,0.0784,0.7856,0.0268,1.0,0,0.022996042440613415
02ee886d00d2c4b2fcb93289639178962649fac99f826948a94ac6c156091357,13.0,0.2167,0.0,0.553,11.0,1,0.5691722557021625
02ee9c7cbfc9e5235796d844de7a21f4dbde89417a3a1add17dede612888d201,13.0,0.5601,1.3612,0.3626,4.0,1,0.7844207668754468
02eebc8622c6bca003c2e419ce198f3abb66bafdd9cd91533236205adc04cda8,13.0,0.144,0.8569,0.6975,3.0,0,0.411509345151103
02eec4e4aecb666142caaa0c73223bc47a23516989b07521917c61ea7b50d3d8,13.0,0.1713,2.2372,0.1149,5.0,1,0.4745249825948236
02ef06638bda86701e33a9fb57015b56f7e9368fe698cea42021c12f40a498aa,13.0,0.2943,0.5226,0.5967,8.0,1,0.6574786106146946
02ef931a4c22ec8b3ebc7941139a4f6ec99ff1f3303ca8251e2014a966bcad8a,13.0,0.2823,0.6121,0.2192,3.0,1,0.5813177425935577
02efd370e322cc429aaabf2ecdd10705722d5492e2bda64c1ea3b8da8337f769,13.0,0.1468,1.0644,0.4025,8.0,0,0.4344028124406957
02efd5978f1db72d759dd391eec8833cadc416eb83c75b12dbfefbf21b223922,13.0,0.1669,0.883,0.0357,4.0,0,0.022012256563909878
02efdedd0759a78de38000d3bd4113062799a9718d51f99c428e1b4494bfaa1b,13.0,0.226,0.936,1.4539,3.0,0,0.7003435788580405
02f035b2d5f9d259f637817cd8f944da53c9160003f58a0c5566acce7fe429d2,13.0,0.0914,0.6949,1.2221,8.0,0,0.5237775240566863
02f045065ad6148cabe1111d3def71ecd6eb077d06456f91804aa557513443fd,13.0,0.0173,0.0,0.4917,11.0,0,0.2481685428279148
02f048b132a9686067b59e9ff777837aa7d63301c5583e702f84ea7978d1fb30,13.0,0.1841,0.8205,0.0783,0.0,0,0.2099657198251401
02f0874588ed7c09831a5d8f41e045733f2c0085dcc86595d5eb55651d87b291,13.0,0.168,1.023,0.4607,3.0,1,0.4282758217372978
02f08f8eecf4bfe61f498227c78b30ecc4d69502b1330e4fe3ee18ef1422cb98,9.0,0.1929,2.2889,0.1268,2.0,1,0.49603372218138403
02f0b76100c49bc3d0315e67eae6937777d1f1715091fef479c0f9e674533c66,13.0,0.1355,1.1084,0.0416,2.0,0,0.023041084795103986
02f0e521e620348475fdf92286be54ac5d159d34c5fc1fe1b3c778955d372b07,13.0,0.2523,0.5867,1.8383,6.0,1,0.8199175927878047
02f117397aa1fd66a8272fb640479e934b116df48a38e43c2f0842103ae2e3b0,6.0,0.1932,0.798,0.246,4.0,1,0.5006843704561892
02f12b0ce408ec9916487b21925afeb065bafd7e1cfad67a45c4c272263a14a3,6.0,0.0953,1.0567,0.0459,2.0,0,0.024638326272528224
02f12bc918151a6a0ef013fdf7d1898ea8c2c73eabfb58d0fd2d2fb976a034e3,13.0,0.0124,0.0,0.0063,0.0,0,0.015903437195320887
02f13ee460edd3344cdaaafa78fa20a4cdf920f65e5050ccb935f5caa10b71f3,13.0,0.1203,1.6621,0.0497,9.0,0,0.03772629916830832
02f14918817ca0ede9e241560d1b77d7ec3a000b0b50adf8b6ae323ea00765a8,13.0,0.1475,0.8592,0.0409,5.0,0,0.024494702984412822
02f1d21bacbd822e2105dbdd188ab38804b163aafad93b243058b1692a2eac85,13.0,0.136,1.1402,0.0324,4.0,0,0.018758182441152772
02f2109aeba28e226c7544a2fe606f55fbd069618c76f07ae4cb83885704c349,13.0,0.1448,1.6838,0.0197,2.0,0,0.038898663039863585
02f224f4b66fe38c5950a31eeef713be4feb21d7f8f51657642cfea77ca38337,9.0,0.1997,0.8833,0.057,3.0,0,0.10698006537560571
02f273720bd14de9dd999c32e5424a92ac0a56a95cbc16cad1c1ba81515130cc,13.0,0.0905,1.0582,0.5592,4.0,0,0.2847380762578597
02f2a8a1a772d1759aed953fca0a4d8a6632b0bde2b6c26fd6077ffd2075454d,13.0,0.3737,0.84,0.0237,1.0,0,0.04741752487614019
02f2b150882a759248d3d4ef70225182a76e4f08b9b326acd8b03442aeed2c6e,13.0,0.1809,0.9089,0.011,2.0,0,0.030526136625079546
02f2b5bf19958272037e6188586c5b924e19535151a7b61051fca1c8af1b410f,13.0,0.1586,1.085,0.0257,2.0,0,0.0252604695120678
02f31315569ecf9197544ddf3054dc2ea4e167343e7699460dff843fd1ad9d8a,13.0,0.2131,2.2619,0.0796,1.0,0,0.234795137792002
02f315ba064771881ebea066041f9cfc8df765d3be931162500ba397da46775d,13.0,0.0,1.0,0.0074,1.0,0,0.025174868857605906
02f322c8c2871019a405582f0f0571c9c59fd82052f837cd4d87d4c98092e4b2,13.0,0.1515,0.9734,0.038,5.0,1,0.029385408594864725
02f33ba3cfa5819101243f1777448d3c21a2d2324068b103fc65856aca926064,13.0,0.0586,0.0,0.5546,8.0,0,0.24324730593827545
02f3475ba6f94accaea292cd57d8a445688bc3a1d95b2e673f719328cd3990da,13.0,0.173,0.9902,0.008,1.0,0,0.027911024318847275
02f347c3959bf113028679a5aed836a350ef3c848a02b2cb2714c6f1858ab163,13.0,0.0873,1.5709,0.0116,4.0,0,0.019960853969645656
02f376a0f0e737c3f20103f1e2d400a3283be5ecec949c74e3f00b4209ab6345,7.0,0.1286,1.1111,0.2877,2.0,0,0.2516147864791077
02f3815ec51628e8f7f8e8a210971ef160bc00abf133bc07c0e3361990c5df21,13.0,0.209,0.8019,0.3484,5.0,1,0.5723746024024358
02f3884993a3eef5616bd06a17910ef74440d42ddaf281db8af6b4779d8aca22,13.0,0.2117,1.3194,0.0267,3.0,0,0.03250692222170648
02f3e1cee2041c2b9a03df7afbf330bcb7ec078c4a5f074ceb4319fec10a6fe8,13.0,0.3558,0.4382,3.819,5.0,1,0.8367756587479301
02f3f1dc3e98be31b12db82a00b8bc4047b796db09cfe336365686e42312233f,13.0,0.0,1.0,0.0058,0.0,0,0.01978947117409603
02f3f4a86f1da3adc243598ebe2f03e1585378c9bcc4a7eb48a2b9ce20be21ab,13.0,0.0794,1.6174,0.0606,4.0,0,0.05664508547870794
02f3ffdfe60a3b0f278d9bfccd3cc698ad17e9e50ef7a1b1fa0389010c227fa2,13.0,0.1832,0.9014,0.0636,5.0,0,0.12766278069709547
02f430d20ce8c1338ef5a09ea322b0b9cf280482c44047be9fa2851ded0d95bc,13.0,0.0377,3.0493,0.0191,7.0,0,0.059805102045385944
02f438e1e069ab4f39c68182d6acb4adde80fcc9e1d3126bb8db43b54d361351,13.0,0.155,0.0,0.0823,2.0,0,0.107753578356405
02f46e11c14ed19e6b0f9df88c9181c56fc46bfeb28aeeb7e0e4c3cc21a8bf06,13.0,0.0862,0.7631,0.0256,2.0,0,0.018818036873162476
02f47c027f2ae26a43b5971ba2c8cffc80df3bad2df439fa1aff291dc84339ce,13.0,1.0358,1.0211,0.0933,13.0,0,0.4947519237066922
02f4822529adffc5bbb8fbd6bbae4bbaa4a135d2f4d32b0bedf252e9a9d422e0,13.0,0.0,1.0,0.006,0.0,0,0.020263886945132575
02f4a43d8288b554514f4175991a365f275db090de017f67694e5947b7bc9f56,13.0,0.2085,1.1837,1.3904,8.0,1,0.6967864752328181
02f4f399e068552e264b7f5762956e37584a921113177d4912b87fdb0f73b4b0,13.0,0.2302,0.6668,0.425,5.0,1,0.5952148911549049
02f54349a0603ac12d0d23aefd1339e73af3959c5037b3fb4a453552ad396780,13.0,0.103,1.3362,0.0353,13.0,0,0.025088028457124607
02f567172427e527c7fabe5a8b51a0709dde9015a494220a6c93dcc6937d7696,13.0,0.5374,0.6305,0.5608,2.0,1,0.6883004280178671
02f56eba43c0340ee32843b1b326cab2bfb5745d107322f76fad476c48a3f5af,13.0,0.132,0.0,1.7278,11.0,0,0.6329097320186774
02f572e2117f8bdbae4eb5da9198a50dbb2e08cb032aa05b56e3003140a2c31c,13.0,0.1968,0.9524,0.0499,8.0,0,0.05743872710106498
02f57424c315f39d19f953eb76cce903723f030b7cd78bce93e6b99a2890301d,13.0,0.2485,1.5234,0.1902,2.0,0,0.5721679598153916
02f5a8406aae963cb6d462531ca386f8e0d8276ed8fb79abb84d7015d8ca91e9,13.0,0.3091,1.2554,0.0302,2.0,0,0.0841442720697713
02f62c3cc16002d9b53573ecda40e6ffef5d33a14afd4f24fd5230c967208aea,13.0,0.3692,1.1018,1.4251,6.0,1,0.7818390117998854
02f63a13e047d26129c5c8334153fe15d7dd406173c486238c1fc38ff3936426,13.0,0.1344,0.9635,0.5201,6.0,0,0.3264775286248635
02f643ce6e1d3d2838192bb7e127602df883004d0083da48b5eef8dd35b67b43,9.0,0.8487,0.9115,0.7979,4.0,1,0.752128642558767
02f65b7f1c2e2a8a1a377c25e081b41c1d723946ae9d8d38c34712f7b21109d2,13.0,0.0,1.0,0.0071,0.0,0,0.022280945636023855
02f66796e25a576955493e64cb5464f1b3d7027281e577a1c19980cb073d7b5c,13.0,0.5474,0.4874,0.7306,5.0,1,0.7169522879694241
02f6cf386e4b02766b841f98e0a07752f20a06e4ab1e6532cd1a67140e31450c,13.0,0.0786,2.1033,0.009,2.0,0,0.034650303708495936
02f6e694284ef2016559a6fdf18db556214aea31e32c8dd9f92102460202294e,13.0,0.1426,1.1409,0.0394,0.0,1,0.16769133944964515
02f6edecf16ff0f1d046337d7560a23e9bf8c9f8639211177b8d1a04fe2e0cc1,2.0,0.0,1.0,0.0101,0.0,0,0.07447578192254842
02f72d5586719501fa95a9d8280065b232c3594a1cd17bc8c676f57d815bd9af,13.0,0.1766,0.9143,0.1213,8.0,1,0.25966461261033963
02f7361345ca674bc8db94b21b7a6f2c7592fc634b26c73c377fdb7c21e6c309,13.0,0.1052,3.2222,0.0765,4.0,1,0.5475331130284932
02f756bfb409720058bbb5a0d360dfa39a4cd51e45bb382a39a850e2ef5baac4,13.0,0.2004,0.8768,1.3344,2.0,1,0.6796324646383397
02f780d5157b01f35406f8022751f73bad2b837117b943ac09951a7ad43d66c8,13.0,0.2657,0.5028,0.2265,5.0,1,0.5716781650586416
02f794f5f05c30b80f13a3b53340380348a260e347941bad411ab156c56a1225,13.0,0.165,2.317,0.1423,2.0,0,0.33155645796362604
02f79ad66c403278d71693830b332411ac76565defc99fc0faf4672d1980614b,13.0,0.1191,1.0536,0.9461,3.0,0,0.3711857588206444
02f7a201f288ced2744d1cdfe1754429343d06ae49378740183c69fb3edf8b8e,13.0,0.1791,1.4704,2.6904,5.0,1,0.7661001846860265
02f7aaaf88fb0d6b0c411efacc6e40ca57fe9dfa52e48c68aa16bb47d0697853,13.0,-0.0019,1.0,0.0325,6.0,0,0.02994172041673904
02f7fabc3c32ed9ef38d8e37d5451f98604f102a728b3daee8c1fd53f2ab62ff,13.0,0.1489,1.0098,0.6326,8.0,1,0.4684871503413977
02f7fe5cca33d6bd1b8716c389e9b276e5eb013811181f6928e22872dfc284a9,8.0,0.1643,0.9286,0.0788,0.0,1,0.18422942407304851
02f809601eb90852716641daa8c28d88bd90f66c0ccc1d3c21101293ecd54196,13.0,0.2796,3.6611,0.2268,3.0,0,0.6440674901555264
02f817c70b9191dac590229555ef0801caf8179c108d9718d85ccf13a6d81991,13.0,0.1793,1.1941,0.046,5.0,0,0.04569122256806421
02f828e99e3362e635d15d15d2f4c551c761d1fc2a272f2930f31aa3cee26f76,13.0,0.192,0.8387,3.8221,2.0,1,0.8115999658171321
02f82f917a5e418dae4df23813c59cba8cc6c45200f09a3a5a4ca17e23a29367,13.0,0.1716,1.0182,0.2192,1.0,0,0.3437797039855973
02f887ad5b0ed98d3b6affa34ef358bbe23ea46ad6c18420ee9acc71819e78de,13.0,0.1845,1.5649,0.0848,8.0,0,0.20801533477644635
02f887d9280480f14f8cfe1650661f91b034f087f056b886b0b38e4d92fe19b4,13.0,0.1397,0.643,0.3449,13.0,0,0.31162491088200167
02f94272f109f5c3568cb0a39c0c0552e5ed23e7efc792465cdfef504e2af991,13.0,0.1373,1.2489,2.1882,12.0,1,0.782570672643556
02f94463730de47a50239ca597b746976a8cdc7c1827d63a8355c5faee24196a,13.0,0.1537,1.0166,0.2781,13.0,0,0.42734095348740264
02f95e1ae757b9511d711ea132b5ce1428921cc1e267400f53dc0b62d70b6462,13.0,0.1491,1.7569,0.0483,2.0,0,0.05538098386218996
02f96403765837528b5737907133a6a522e4ec28d45c0bca2839dd8708222f44,13.0,0.443,0.9281,0.1855,6.0,1,0.659549346450159
02f9682cc2271ae2a1d217bb291b1827fc00b46ec198d0428c18aee5206468fb,13.0,0.0,1.0,0.0065,0.0,0,0.020263886945132575
02f9d125954ca9e2c33f1530428f41d33cd7287eec74fab3cb9162cc2bbe40e0,13.0,0.0807,2.2315,0.5371,6.0,1,0.42173102242201743
02fa3d28f21eb38caaf3abc434a2e4c6c7a758767e7732c7769e69f2eb1dd565,13.0,0.1831,0.0,2.6441,7.0,1,0.7951944277780278
02fa5d10581efadbb6365c094adbd4109b1b1b1ae49b13babaf74e093d47f661,10.0,0.1256,1.9293,0.2269,2.0,1,0.4305358117527687
02fa756007fbece85baefaa711feb657249d7ddbb69d73149a40d7bd61837d2b,13.0,0.1622,1.1934,0.812,3.0,0,0.5173825657667706
02fab4e51aa8626b60ebb0873a5302455c693b673fc271c9ee5ff8cd5ef90c3f,13.0,0.1271,0.0,2.1064,8.0,1,0.6192334608256133
02fb547f3ff00f0e95f68879b2a65c961e0e8e6f8e8b8e5b5350ce4711bed599,13.0,0.2435,1.1799,0.0353,1.0,0,0.07634830396370265
02fb5d96b60f9e8b5698c16e5a0aeb23a304c021f0cb473c29e192fd8cc97618,13.0,0.2673,1.7071,0.0223,4.0,0,0.08183568593916672
02fb7cdbbb593c1bac7d6e4028364436a40d45cab87b0a4f3722af421d55c042,13.0,0.1507,0.9667,0.0415,2.0,0,0.03123447552321906
02fb8e5640aa51f919fa494b12b475380c8eb8fb067bb039afd235f33cb2bf8e,13.0,0.2879,0.4883,1.1123,2.0,1,0.5919490154903244
02fb92168142994ecba8847f4634ef316256c5e74358c27f6882d044389d91c2,13.0,0.1069,1.0172,0.0284,1.0,0,0.026484978981225905
02fc3bcd41effc462e340b39a04a7f124e4fadd3766c0452b7914fa605f02dd9,13.0,0.1695,1.2199,1.5326,5.0,1,0.6372389787991445
02fc4750883dfacc830305383e64242eb04782a00f3469e0f3d310ece809f111,13.0,0.1638,2.3657,0.6804,4.0,1,0.5557851927328467
02fc6b990f9df0a55cda6ed8437c1ca4f984f0b18b795ef52cf9e4268f2ac9d8,5.0,0.2695,1.0527,0.0353,3.0,0,0.05459948901313066
02fc776d8be8582ad3035ea45b52816af2c2a13b98205cd736a0af783d6e4ed2,13.0,0.0,1.0,0.0056,0.0,0,0.01978947117409603
02fc969287f18617fd809c66a39cc26fd63ca41ccea85f7a3b43f0c0e0cecf60,13.0,0.5179,0.3232,0.477,7.0,0,0.6330793776084298
02fcb869e2eba47d13d4a86d39f812a22ade79fb99bcc8ba40b70698dcf10cb9,12.0,0.1969,1.4122,0.7882,9.0,0,0.5583639089911041
02fcf3d9cfbe18eccc312ad2d4093070f34f6610afcf98ae722cbc45dd65be0e,13.0,0.09,1.0404,0.0234,3.0,0,0.019894012857950533
02fd1d3e7e5fad99ec9ee081853c1763921ecd6284899511c1d912e4e1ca3443,13.0,0.2302,0.8658,0.2165,3.0,0,0.590775279147323
02fd36ce8cf6f45357880d3846d8b3cc857d70e84f5c868e97b782d225702e29,12.0,0.1785,1.9278,0.0749,8.0,0,0.2307462494277827
02fd706be7163e7c17799c7773108727347cd2f34fc42494a18c796ed4fc5aaf,13.0,0.1417,1.2705,0.0325,2.0,0,0.02431093645163672
02fda2889cfa57001e24220cdfe9b8cc4e72dbc0e8d752838ae1a15734948b9f,13.0,0.1619,0.9205,0.0661,6.0,0,0.0903778955586918
02fda538508a6c809a50cb056bbf535dd2a3591d35ca942470e7a819500c9a8e,13.0,0.1208,0.8867,0.0441,11.0,0,0.02400682517981735
02fdb59977a8186d4bae8c5a099d466cd7b967352ac87e5c9bae23f8b730abdf,13.0,0.3262,0.5714,0.2297,3.0,0,0.5983834592522086
02fdc64acce2579eb1cdd7a7c1b4c3183e7c9130b0d247b40d7f68d5b5667377,13.0,0.2672,0.4218,1.0718,6.0,1,0.676330835527815
02fdef39c524af89e22c737c397a321f3abe71a5a0d991d78febe7c4b2dd5b56,1.0,0.3104,1.0,0.1097,0.0,1,0.43248259617573703
02fdf60ef023dc06f37fbf5c796ed20ba6fa1b3ba1cd26a6ba834dc8530e784d,13.0,0.0,1.0,0.0079,0.0,0,0.03633201737750049
02fdfbd9610cab19544cf37f71980db33ce03fda4dde1a60b50692f95e4c3eb6,13.0,0.6579,0.451,0.0486,2.0,0,0.24029540777182545
02fe109292155e39962e1d02272abc761a51f72d5d76c34c74f8da8efe9740fc,13.0,0.0,1.0,0.0129,0.0,0,0.07704350507592042
02feafc7e1e915655881b079f7d12ec88fbda2cc56632c8f44597afa21689d37,9.0,0.1269,0.8781,0.0456,2.0,0,0.02154201683767971
02ff1c92f13deb3a41b330079bb5bad855f9b51ee91670b59ac6edd71563341b,13.0,0.0,1.0,0.0052,0.0,0,0.01978947117409603
02ff4b4fcc3016dd8c2424359340fd4322f285a3e31b6bee4e6860eb6a2b689f,13.0,0.306,0.9586,0.5605,2.0,1,0.5904975659171009
02ff58dae81bcd41200e593335e8bb7e63ae1cd9effd6afee53682c25d309df8,13.0,0.2352,0.6668,0.2387,5.0,0,0.5666608534833069
02ff6e486c77d4bab54bf338eb887d6446eb4be880d4ce69ede942c878bb2f9c,13.0,0.1115,0.9523,0.0196,3.0,0,0.019128120070908736
02ff724ddaa30b81751d5b0499b076d5c8700eec8f9a9338ed9458a13459a42f,13.0,0.1363,1.0783,0.0264,3.0,0,0.020809522973640554
02ff92e14d8866f39bb3d19ecf556c8dd7eb7ac32d9e532c9e4f464582326cea,6.0,0.6959,0.9082,0.042,4.0,1,0.2728928262433122
02fff2e635b412bc06db0962d7c8a667d20f0a395ebbce6f96eee66d2739cfa5,13.0,0.0179,0.0,0.0101,0.0,0,0.04600030236784692
0300a7295bf363d66f6478a48bc5b91405fff140d86b6f4857fd1dc49816144a,13.0,0.3697,1.6791,0.3557,4.0,1,0.7474399102115501
03012e2e57f66e2688c48b835e985fa6d74ed975670e9d4b4687ede68d137188,13.0,0.1418,1.1071,0.0365,4.0,0,0.02085345470877266
03013e41c5f610897cb3a7d451c9d259ada21618713b711d878bfb6b8c073455,13.0,0.9498,1.2439,0.25,5.0,1,0.7426924238804783
03016813aed0dd60c65f1db602efe5b86a4bff35649d9433a19426fa0905b309,13.0,0.2119,1.02,0.0122,0.0,0,0.06675422660606212
030182e282834c3186119f31f017307fdd3dba6217ce1e00958381360b601a4e,13.0,0.0,1.0,0.0072,0.0,0,0.022280945636023855
0301b43fe6e175029a53ab5e420bf200fb415de233b365eac5cee62c0700d042,13.0,0.1819,1.0842,0.0145,2.0,0,0.03262499281142449
0301dbd298f116c8915a52e87f664fa575aff5339ed02fbb64a485fedcdae9ad,13.0,0.142,1.1314,0.0545,10.0,0,0.03565348198149118
0301ec055568cf2112f3f044f2d27a0186163c146da09b89763be0f00dcb0bd2,6.0,0.3727,1.0439,2.5008,3.0,1,0.8475759426413869
03022f8366be5f67e55cf02fdf98833d2a95c916d2cfb483c3c481695385acc4,13.0,0.1915,0.9201,0.3065,7.0,1,0.5107639253592828
03027c9769457b48f44df38aa606fb176a54c720535a9e7c97a3a47bbc891eea,9.0,0.5,1.2906,0.09,3.0,0,0.4357656522946857
03028be509ee37cb992f1b717398eddf1ef087a0a1ee2daad24a18a240fbc18f,13.0,0.3594,1.1044,0.8719,3.0,1,0.6798158288537679
03029aff9638e7411941e56f2226b4984c34e28f640a9b76a7b05b740737bea6,2.0,0.5524,1.2329,0.1757,0.0,0,0.48312256947412796
03029d966df21f896a8cdbab18bc082fee6fa229f18440bbab6a909fd6b6cc6b,13.0,0.1542,1.3419,0.0274,3.0,0,0.02139944477224658
0302ad9ce355eaf985913bf307241e44fa50af85eb9238484921a83d1ceeeb32,13.0,0.0,1.0,0.0058,1.0,0,0.0232289663352012
0302ae703d0a599313115f2f709c5361846d596e0bf719a6a12a46ade54581b4,12.0,0.459,1.7252,0.5789,6.0,1,0.7936455367700672
0302b9395ca635b7e536c92bae72eab69c097a7f96e81f5a61f2835d2f6d9293,13.0,0.0,1.0,0.0077,0.0,0,0.022280945636023855
030327c3383f19ac45420edf88ac6c0cf31fc0e870a5b92844390b8dda741835,13.0,0.1501,2.4777,0.0719,2.0,0,0.25106793894859186
03034a228aa24e0e73dd2b680f3a21a6461b293215682442e9fec5ab5c5597e0,13.0,0.1474,0.0,0.2681,11.0,0,0.33506444575429073
030370b4a449594b4621e9987d377d94ec07cd392ef7801365919e48a6b72089,13.0,0.1283,1.8373,0.2739,5.0,0,0.4131633539070275
0303750504069617a4d85a4ff3e14501c845f807d97ad6fb4e50ce7a4cfdef82,13.0,0.2979,1.4499,0.0624,2.0,0,0.24627937269029546
03044655de7e743b245962111363617cb43ab711f888c2d13c5b18827e7eb448,13.0,0.1514,0.9635,1.2103,8.0,1,0.5919626636582825
030464863d900e113be0224696d3aff84c537f9b6fd8d7bd0962ace886f380f5,13.0,2.1127,0.8939,0.3362,3.0,1,0.716644398352518
0304a19a4728cfaebee3f349e8eb5d4d83d93ed63fbb8517d54929763a866193,13.0,1.0295,0.4641,0.9074,12.0,1,0.7538824781877124
0304e83fa580ceffabb377b3e2b6921b70e5995ad917d35bd1393e722946e27c,13.0,0.1145,0.8583,0.0442,2.0,0,0.031091946514191667
0304ed04cc2a6c5c3fcaf60526ecfcfe72fa991aaf94b2621e2a891b95a4e051,13.0,0.1874,0.713,0.7536,4.0,1,0.5321783939125316
0304f9f12ea57a4b9d262b2f9f9b521fbdaf789728b200d624c3ada429feee50,13.0,0.1543,1.8637,0.2579,7.0,0,0.4956018853139369
03052a1bc196058b2eea21efd23de813434c8296fe9355a9ceef297378abd386,13.0,0.1195,1.1219,0.0165,1.0,0,0.024556188070350024
03052a887126866a7e41be28c0795cd138d3c900c0f48d6a5477e8b9093539b9,13.0,0.0,1.0,0.006,0.0,0,0.020263886945132575
0305585b0a1bde83f440d7b697c917429a92580b383094050ccf4606ec74630e,13.0,0.1222,1.2128,0.0319,2.0,0,0.021735597378065
03055b986a7cc0e11776803d8c5ce111e8e9bedfb727105addd954299a00bbd3,13.0,0.1667,0.9768,0.1052,2.0,0,0.19153218721097123
03059bfb442e1216e26f029c88cdc82258d04f18025b6b847adfe40542bf4501,13.0,0.0813,1.0906,0.0976,5.0,0,0.08472614462082588
030601d1d183aefbda29ac6f98095abe987ca020d4b8a68fa571d946a94b677a,2.0,0.1675,0.9958,0.2522,1.0,0,0.35663071555462333
030658f9fc37c6cbcd378d4d143f324eff43537cfca03c4bef1625d85b682500,13.0,0.0,1.0,0.0061,0.0,0,0.020263886945132575
03066dbc5a8e7570626b0ca764f8245a7bdaad594023541543c1cadd5cab3007,13.0,0.5246,1.011,2.8124,2.0,1,0.9036136066855487
0306817f315682cc4838db7f50bcf08976244bf3a29bee2b3d5160f335ec8a9c,8.0,0.0757,1.591,0.0659,0.0,0,0.09779684084943355
03068fd67053b1bf4d8cf7cfabbfbffcd028efd7e1f8592e7e22f19ca09c7b89,13.0,0.1488,1.0055,0.3277,4.0,0,0.4039123278469417
030698bb71da8ae63314dd8cc58c781ddbc60ec7491ee5a1c889ba28e4525aae,13.0,0.1925,0.9793,0.0088,2.0,0,0.033200413555932215
0306a03185a1e741de0db291a3b82f6deff65ef132b098e57572201ee90cb78b,13.0,0.1955,0.9142,0.0377,2.0,0,0.03643839881280198
0306ac22b839a499a68e0ad64a2b88229158e76b3a615212b260b764c687a64c,13.0,0.28,1.0559,0.4335,4.0,0,0.6168958094239694
0306d34c357b1abcce9c9b842611b33bca8c6123df66f7606f40ae59becefe5c,13.0,0.182,0.9577,0.1899,3.0,0,0.3659122473969797
0306e39f568cb1208d9f29b26b8633566ee60699d0ddfb4c6358ef89c21be14d,13.0,0.3134,1.2452,0.0418,5.0,1,0.19327526768207293
0306f23a158e9787b5b126a3860576f1cfb41e113e3a178d3b8f7e2c0c8f9cdb,13.0,0.1417,1.1507,0.608,3.0,0,0.4995720754041877
0306fb034c5e6bfcb575ca55bcd2b53db1f1eeebe327099b10314507ca976541,13.0,0.1377,1.0159,0.0823,1.0,0,0.0749642990714535
0307579acb0811393355deafefcac0162d209df49a315e6cf2ca7eb1e83f4bc3,13.0,0.2416,0.9616,0.015,10.0,0,0.061442983694056874
030771070fb05f7d0d9f47e76bd8a45063653b031ca4198ee11909b6b4386ba7,13.0,0.3386,0.4005,0.0179,2.0,0,0.05130338912361822
0307a01b4d0ec3c8f3046bad1238a9ff9c8ac397a4a67e8201a44071a9b2d938,13.0,0.1536,0.5007,0.0191,1.0,0,0.022373140634056817
0307c213d268ab22a061ae2ac08ffd18d2761714029ef96629ea7e517b740f62,13.0,0.1806,0.9018,0.558,8.0,0,0.4240126033089684
0307e41f3748c98f83d3eee71c8919bc374722b496760ad6a7938c72896956fc,8.0,0.5416,0.298,0.6997,1.0,0,0.5118054388526888
0307fa8799c684cb6a94f27ed0cb9b495d386f7f8509ba5bfb8e62ec6df5bd4a,13.0,0.1308,1.0989,1.9542,6.0,0,0.7224000160386177
03082c21cc3719fac412b9e0595c8995404c2c4f3fc9b9e0bad2aafe8df85586,11.0,0.2039,0.8359,0.0193,2.0,0,0.026069424304550344
030844c81c7bb1fbddae69bbd974d699f7bdd75b18eeae033c2c83c207f27340,13.0,0.1478,0.6879,1.3115,1.0,0,0.5480131471035243
0308552054e18e0267e04d6a06683625b2294dd61ccef9bef1906e02c397a536,13.0,0.1347,1.2748,0.041,7.0,0,0.02152652736443176
03086448f7abc46817a12bd7b5565465b8fa7b9305a5275baefbfa410374152c,13.0,0.2291,1.7252,0.1977,4.0,1,0.6268437429631405
030899f2544b9ff305135218fd4946416bba7e7865375ca1d9aa839ad8d9987e,13.0,0.0,1.0,0.0051,0.0,0,0.019980332496187008
0308a11b9023ea275e2487598c6dd417f972d937ec41d9763525a886f3ec3d93,13.0,0.1209,0.8297,0.0332,5.0,0,0.017025084178334496
0308c29e3a8c4bf5588796bf3444e3d4b4602967d0cc8f0c5baaa7ffe6b8797c,13.0,0.1436,1.1962,0.8736,10.0,1,0.567950074444642
0308d5f531b573c55ff4ef3a145600bd81c65159ff5a1906f116b644ef75dd02,13.0,0.224,1.1151,1.6961,2.0,0,0.710844313411402
0308ed2a58104925edc3308b6de8126b75a17427e650c1d30569442597f6d1c2,13.0,0.4614,0.5552,0.0912,6.0,0,0.40919793681320643
030a106851f6cc85e472a8306cb37b029c5a4d3012c5989693caac396f166740,13.0,0.4286,1.1492,0.2172,10.0,0,0.657596312106849
030a296db4cb409d9c55812857343ce4c9c8fb7ad549aacaacf08edc2c0db573,13.0,0.1569,0.0,0.0201,0.0,0,0.05620740034335271
030a3a2f3b630d0f787c0ebeeb16c959ba12cfae98db1d92c470130073fda5f8,13.0,0.1503,0.8445,0.0254,3.0,0,0.023633448404616356
030a492a0a8a71d9e5e8317f5914cc8f9ff1913bdbbf5e1e13a28fad84f9241d,13.0,0.2188,1.2679,0.0119,1.0,0,0.04486743468241637
030aaad252163c95782db6ede77f474f51916066d172854ee5223bafc8b343b3,13.0,0.085,0.9681,0.0477,2.0,0,0.023908884156920104
030ac087761428f436658a14072b56e4bc2d35d04db438147d1be3bc97f05774,13.0,0.1671,1.238,0.012,1.0,0,0.029924757781056
030ac29ffd6064402396bd15220c5e8ca5eb83c82a37926ad2ac76d5552171b6,13.0,0.8467,0.9378,0.1515,1.0,1,0.6370350406157165
030ae3ebbb2a2ae732e50d679e5823e3c18dfde73e2e0826a7b866914a13a6d5,13.0,0.2619,0.8951,2.3002,8.0,0,0.8055929569588238
030af194ab1200eec6f589c2b509cf14a982a649f1433ae6b2325c0dabdc4400,13.0,0.092,1.3849,0.3253,7.0,0,0.29990350776100777
030af9f32c690050a1718248bc4705566326c39a29742ef0a34bec11bc8e15e1,13.0,0.1621,1.0626,0.0563,5.0,0,0.06908026437318547
030b2fbb2a3ccd5decd588fdc6e23630fbe0c3123bee49cc4aed6a584b3f3a2f,13.0,0.4984,1.5414,0.8857,8.0,1,0.7858096455004613
030b33108bb9b44c301f365bdedba43406211ae635779b1de7c4ead585595f8e,13.0,0.0781,2.0794,0.0217,3.0,0,0.026129959006889792
030b574ad0ef3c9b14fe91cbb9df753c05e208167e113c42c4fc2fbdcbc6d1f2,13.0,0.1467,2.7343,0.5528,6.0,0,0.5241097509806312
030b582a34481d1b00033949e25edf3e2c8bdeeb91c89997a39226f6f4be794b,13.0,0.0,1.0,0.0065,0.0,0,0.020263886945132575
030b6b7d5b6777500ca1282a38fb8a3ae2e9db5740a795caeef11bc5a3a5521c,5.0,0.5231,0.7831,0.2118,1.0,1,0.5659537704651743
030b7613bb03365670cd7464818096af9230c28932af3bd043aa484023f5ead3,13.0,0.173,0.8727,0.0187,0.0,0,0.057408419426766215
030b90880033737f40ed373b9c2b2ddabb070b2fd3e30a47943080b4aa79e27e,2.0,0.2087,1.0038,0.0301,0.0,0,0.09312453824506316
030b913c7873c73c4313a8a130028f8389b0c8cf759ae4023815f789bdde039e,6.0,0.1201,1.469,0.6731,2.0,0,0.3508029553601505
030b9edf31cb1a1058adca00e485a5734871e87c30f9f017cc62710a4095d6f5,13.0,0.1886,1.3942,1.3485,7.0,0,0.609523342396709
030ba120bee14e76226496e240b1ac62e3ddab48fd76b532fdaff2ed54484c0b,13.0,0.0,1.0,0.0041,0.0,0,0.019980332496187008
030ba7efb6da3384424bed623cdd142d45e1ff6eff15566d4cf2be1039c51b14,13.0,0.0884,0.7158,0.0397,3.0,0,0.018146275912048565
030bbf87d9e5e35f0a515c3f6eca57288b1bed8e30295f3017b5d9746debb6a5,13.0,0.1432,0.9877,1.417,3.0,1,0.6298215322658814
030c2e0c6485f35ea4dbb8bf24e7243d689b574f3cea602837c5d77137168f66,13.0,0.0,1.0,0.0053,0.0,0,0.01978947117409603
030c42dc20f3cb7d2efff4a7745dd9254c9a9492b4e5f5467c62f0a4fc7aefae,8.0,1.0345,1.3178,0.0621,4.0,1,0.46315413768796987
030c46fbb474c205c348641ec99b070526ce5f90cf1fb0d4f624820e850c7dfc,13.0,0.1303,1.015,0.0175,4.0,0,0.019997836988823514
030c9c701aa2f2c4222e2b7822443ccb31ab622dea8ce3d2381bd980fd961fe4,13.0,0.0835,1.6904,0.0393,5.0,0,0.019956597586601604
030cd0e53c41aefb65dd744312cf979f04cde744a294905cd0cf6ed791382125,13.0,0.086,1.0924,0.7271,13.0,1,0.40938358901125405
030d1a1e6375ffba563ca965012420fd93324690ed86990dc22a3df79dd3a6fd,13.0,0.1322,1.0565,0.0229,6.0,0,0.019005605138726483
030d6ef70d7c1217118d90c40adf26efadf9878d34cabbb5753d049243a66d51,13.0,0.2308,2.2517,0.0081,0.0,0,0.11830814221697553
030d886e64467643561026b579eada9e81cd56764d9bff1db5fe05e6da2c855f,13.0,0.0,1.0,0.0067,0.0,0,0.02219398911428473
030d8d8b338fb12a85a2377a3e386bb9041f63318850ea730fba3baa3ea03b8f,13.0,0.0,1.0,0.0066,0.0,0,0.023516553475718346
030dccff9b7acdb0c07481bfe8080141b0a648bcf61e520bf5f0937c9fa7d20b,9.0,0.0,1.0,0.017,0.0,1,0.08224435074188237
030de3053065006a434248472b6a6f005166e34728bd75c566488d63d2d2541c,13.0,0.3935,0.6829,0.636,13.0,1,0.7091086820256289
030de9549ce78d16e6234b47f9af4116d50892a3a30e9701f7e7d1e10ec3c3b6,13.0,0.2063,0.8833,0.215,9.0,0,0.5293189541653757
030e0e347862aa3f354854adc83e108644409d6af0011c610740e5c6106d5833,13.0,0.1148,1.016,0.0297,3.0,0,0.020089336817559752
030e18187fa00df705911d35bf3f239094b50d745d77b50e6b5042bf19de9c31,13.0,0.2175,1.1419,0.2172,9.0,0,0.5517883561667654
030e2a452b0f3ecfd3e54103a839b0527eecded2c547446078d482f36a529f79,11.0,0.2971,0.7413,0.4676,3.0,0,0.6458223404061401
030e3328ac542ed8d38ab90d09d3ee907ccf98f265e2440a6e23150bd40b607c,13.0,0.1182,1.6745,0.0078,0.0,0,0.04015928392422943
030e53a22d2f16394e507a18dcb0661ab3939627817441570918e7f13a76d74c,13.0,0.1011,0.5686,0.405,5.0,0,0.19659191005058982
030e788598dc224feb1d925d6775d83e63e935352e0b31228d3c4c6a2949bed7,13.0,0.1002,1.0268,0.0104,1.0,0,0.027052046076417636
030e80a84246c9930ccff81b3c3802a260fd7db4eb3046ec41c69953a50b2c1f,13.0,0.0478,4.8052,0.4567,11.0,0,0.3555989777339221
030e95d4d46205b768fbc5e595dce0219d459b1b9807b22a2659da2609a0458f,13.0,0.035,2.8327,0.0532,3.0,0,0.05725127149929737
030eb8b29db7323e94589ad96aca48437aa9955fb7482022e2e83c1035a27f84,12.0,0.3135,1.5449,0.0065,0.0,0,0.0919746352075154
030ebe6c515ddeb888999021ff73c381c22e4df3d940ab16699cebdbe3682eba,13.0,0.165,0.9093,0.0101,2.0,0,0.02445973647500786
030ed1e25365deba1d051d6c07b730eab0efdcc9892480580c71bf6f92cbe7fb,13.0,0.2037,0.8741,0.9492,3.0,1,0.6168299003390069
030ed276b641d8a825173fefc5a4081dcc83b5b3d825ca886c9105fd195e601e,13.0,0.108,1.5633,0.0149,1.0,0,0.02913668159332794
030eeab61effd2bf8812ebb59ff41b8bcd5a2a15d0c9500cccf6a55e3608d12a,13.0,0.1443,1.0246,0.1299,8.0,0,0.2716676910164152
030ef98a8011aa1a463da02980e6d8f5f3803ae8e5cb0b0012b16f9cf18e2798,13.0,0.1498,0.9545,0.0479,13.0,0,0.0345654669246753
030f3e0834e8bd355f566a2c0108ca497bfb5252c264ac9e1839f401aa1dafa8,13.0,0.1141,0.9823,0.0129,1.0,0,0.024824865774526278
030f903b63155b072d35e1fdb6f18574dbdfd672e685418796e95fcef29b95a1,13.0,0.0,1.0,0.007,0.0,0,0.022280945636023855
030faa8bbb95d868919f66fb93f91bff6b8bdfc75740927c624e69226791000a,13.0,0.096,1.0337,0.0164,2.0,0,0.023192044798239105
030fe507002a91b6d9e76666e9ccb7529e2a7247ffdacdb5e930916a9e333e47,13.0,0.1195,0.775,0.0319,2.0,0,0.01916485866423099
030ffdcfe5abf08ad5e5029159229790c3281174bfc0b6d291296896dc2640ad,13.0,0.1361,1.0263,0.0569,1.0,0,0.06111384055186219
0310116e6fa1f686644a04b3792682194473965a6e5861b42efd9082460537c9,13.0,0.0,1.0,0.0041,0.0,0,0.019980332496187008
031014a00f40df3986894b1add50c5d39c7f0cb87bb46ff4876b49399c70bfc8,13.0,0.1716,0.9423,0.126,1.0,0,0.18113958791240822
03103b0268ae76720911f999b204cc44a637eff2abcb9ac4b12fde4057009221,13.0,0.1556,1.1263,1.2822,6.0,0,0.6133668596458187
0310a1d955f1a0d287fc9faf502ef4cd26d23f7f11ad03dbdcc58e3bae32913a,13.0,0.0815,1.0456,0.0419,3.0,0,0.021462599605128994
0310cd356ea178a9776fdbcb310bc8860ac863374a041d0ed355035616d2e8a4,13.0,0.1225,1.3581,0.1132,1.0,1,0.17668459730623262
0311224d279fde8758ff4c71ea1d3dde5197579813fb731ac375eee3d598cf93,13.0,0.159,0.9113,0.1944,11.0,0,0.3639267670382621
031129ec9568c5299ddb058fd739013ed799deab359a652f57b686fe81a4a81d,13.0,0.2119,0.7424,0.1913,5.0,0,0.55869118890368
03116ea95116095b553164198c193776909622f26eca0cd7de995311ba5e13b1,13.0,0.2786,1.3496,0.1327,1.0,1,0.5577306431211485
03117631ddc7619105ca9bf0f0206aeea143abe10c57f212618d9e2d2af6ea43,13.0,0.225,1.5081,0.43,5.0,0,0.6291111711032271
03118bbc490e5c177d3e6a18ba6a20c27de91b86b2f226fd886b07bfb2b65c0a,13.0,0.0,1.0,0.0055,0.0,0,0.01978947117409603
03118d8d1c9365ee9492374688c98914e7037adbe06841777806da842a9b3a6d,13.0,0.379,1.0863,0.5823,1.0,1,0.59498606904574
031199cec1cc7a933dc191474087f98d5db5d1323fc833e5380d1e93542e3316,13.0,0.1394,1.2093,0.1492,2.0,0,0.19464266630252944
03119fc26232db29cce54080bdda1f853dfd3c083e1a7dd98d3f34441bb2219a,13.0,0.099,0.0,2.1022,11.0,1,0.7096997013317693
0311a77a9d06a8eb99e34be72ae60ff1eed31b99d10140d63b3ea78297d1660a,13.0,0.0,1.0,0.008,0.0,0,0.03828730443968284
0311ad439f21a3c74039c037ddee88f72cb2d5fe26051341d9c8e54aa90f05f8,13.0,0.3097,0.8974,0.091,2.0,1,0.4227697856640388
0311dbeb74ca69a1d57894cda77944415a836144060dd03a9bf0a19cb20660b0,13.0,0.1731,0.7756,0.1738,2.0,0,0.29468716262220485
0311dfe9a3c0ef75213dd3eaf8ce822287c29b257ebccd108d7a63069c6ae702,13.0,0.1779,2.3621,0.9297,7.0,1,0.5985347637225924
03120f7a04ac9d0ee67d2ddbe738f4cc7102b3411762322c756cdb76f50f6b3f,13.0,0.0,1.0,0.0058,0.0,0,0.01978947117409603
03121fadfc4675eb5047384348470f8bd8968a66a7efc580c2479bde66dbd343,13.0,0.2411,0.9094,4.254,6.0,1,0.8597566398001326
031226b5c86da970da8fe28896e56826cd1b59d4341c6e666afd65c6745d7b7c,13.0,0.4707,0.7662,0.5721,3.0,0,0.7030684589768376
03122989e6b5b7713581293dad07c15a9f91c116b70413bc2aab14095754f8de,12.0,0.1605,1.1124,0.2352,12.0,1,0.4310795543914139
031273787d087da778d99123b4d6a520766b1966200aee96eb61a29591270908,13.0,0.5255,1.747,0.5687,4.0,1,0.792016116483892
0312833aed7a6223d11a75149fc319a0e747d3909aaa92ba302cd41aa8d7846f,8.0,0.389,1.0633,0.3189,3.0,1,0.6941568794047019
0312f2aef6ae2d1820bf06da7564f09ad7055547d5578452d8260a99c231f505,13.0,0.2283,0.9106,3.0991,6.0,1,0.8456682058832353
0313035337b320dc4cd9599022259ba002ce48ff7fb80e4e5496b88783657a53,13.0,0.1031,0.9461,0.0407,7.0,0,0.022446231217197334
03130e1e20aa5821d072b576cad6c799a51943451c911d3cf87576966f250142,13.0,0.0,1.0,1.4668,11.0,1,0.6939342499611135
0313201ccd3fff5f5487d7c0eda3446eea85ab699fdc93130d3edc865e388d8f,13.0,0.0,1.0,0.0065,0.0,0,0.020263886945132575
031323425f2c7530cfdf0ae13665a6af6e5f2d504adf1d9ef3c475790edaf08e,10.0,0.2241,0.7533,0.301,6.0,1,0.608375856271717
031327967a3a520cb1cda617a77706e2368d488bdd8d00f54759c67a254bd97c,13.0,0.1529,1.2018,0.0105,1.0,0,0.024646978792521576
031366bf446892ebec53a6213da3c2e4b6f1cc5d69872c6ac466657d7b144616,13.0,0.1985,0.9807,0.0657,5.0,0,0.14034685149143852
03138b6eceee8a0dd112905309fee8dcfcb27426391585d3807f31d2d871148e,10.0,0.0857,1.6011,0.4545,3.0,1,0.4221166842404472
031395e4f557a6560c0a2cd1514478c6ee70f79bca61111783dd559934b032c1,13.0,0.2524,1.199,1.9113,5.0,1,0.8552025172872838
0313cb22681567bc258c0b2cfebb1a0e5e11a6f3f9663eaf552a1fcf14135339,13.0,0.1507,1.0411,0.0265,0.0,0,0.06235309225691368
0313ed8a9a5a2879e465c21e1391516e81012117259193f57155b8f809699330,13.0,0.17,1.2614,0.1527,3.0,0,0.278657038733727
031415208f8bd3a77e70ede9f8c45866e420e11fda59d4722848a433782d6c57,13.0,0.1463,0.8807,1.0349,3.0,0,0.48964317670330637
031418456428079a9ca359dd79c1902d3b54844820352244e239fafe2d06f4a0,13.0,0.1937,0.894,0.1503,3.0,0,0.4633695571763137
03141a60adc54a3711210d9b873b0d34eeda6c0a9a565ac5a896f7271384d2cc,9.0,0.1464,1.1744,0.551,4.0,0,0.496299888493872
03145b5f899fba15f3a21e05265191f2b343467a8ecb37c3a4df9f145a711a15,13.0,0.0591,0.071,0.0313,7.0,0,0.021943343676494566
03146ed872df5e0b9a78b07f65c82817820b9b022bdc0c2af2b6c7fef0a57d22,13.0,0.0213,6.3712,0.077,1.0,0,0.34013807757643166
031481c4f0814435d71637d91276b0b52bbd7696c01f2d9859ca55c7d2dac0a7,13.0,0.2801,1.8274,0.0767,9.0,1,0.2518661132481539
0314b06964e4c74a825bcc1abcce6851e443689294cf04b4aceb7a764f83be0e,13.0,0.1501,0.0,0.0085,0.0,0,0.048775458698065384
0314b6024a78f8adf2fed52f8a6b216b22d0a97c863c68ef7c47447523debba0,13.0,0.2905,0.0,0.011,0.0,0,0.0719077860388492
0314c2ffee93096c417770e8801fc08ede60b6b6879f21ef5335ebedde527ed6,13.0,0.1681,0.9375,0.5193,1.0,0,0.38292574048455014
0314ccb5b39008193dd1377595292be7ac19bdcda720406662463ad37608e1a1,13.0,0.0,1.0,0.0077,0.0,0,0.022280945636023855
0314e00d5655eefd763a578a3a1b066d52bc6ff6d42f644daef8e25676954db8,13.0,0.0936,1.1382,0.063,3.0,0,0.04556601675357344
03152333d830f3dbae655c166bdd5762e665cd38a1b2331dde9daffc6ce3475a,13.0,1.3899,0.3686,0.2307,4.0,0,0.5892506909267968
03152c20fb0da4b69d111df3411b33f70a78f9a9d46a441d1b19f6cde731d273,7.0,0.1649,0.951,0.0894,3.0,0,0.1404238567066038
0315457913be03c036f6771ccb8f8c8d7d0a162fcddedbea11c874764492a282,13.0,0.16,0.6911,0.0143,1.0,0,0.022373140634056817
03158be298900f8bb14dd641bb526d9e0018042b7f542abb9aa6fe8c8f044d3d,2.0,0.0786,2.0,0.0317,0.0,0,0.07913077704243233
03159955aa305f89e5c36c5896b9d8518a433f00a975f00f33192e46c2e5358b,13.0,0.3599,1.2935,0.0248,1.0,0,0.07613951028658499
0315c19042ff4f226f6cdadfc82ad7e76e2c2090a0582a3cd535fecfe9ba7197,10.0,0.2277,0.7875,0.1286,5.0,1,0.5549104500566542
031617c45ff9d109deafae2ff323dd763a0c6dac6e1df19a9bab3643f64627b2,4.0,0.0,1.0,0.0132,0.0,0,0.07704350507592042
031667967835e69cb142237b3f3214b5afdaec556a6fb9c4f7f24b175440ca67,13.0,0.0,1.0,0.0054,0.0,0,0.01978947117409603
03166b7a0993ee6004c603c027249e77e0848795ca9d09733c8de8b4abb2e449,13.0,0.3372,0.8508,0.0537,13.0,0,0.1948720463677554
0316b4441232d4a7fd38f33805fc92a4c5f9a2a6cfee65b64fa665d8a83ecce2,7.0,0.3349,0.4431,0.2225,4.0,1,0.5974395928670271
0316e1ca24cb5ce2a35d7d262466c3515b18ba176841d2ebc6e9c5ee05ee6c6c,13.0,0.1422,1.0499,1.0201,4.0,1,0.5608623456894367
0317472e48d752d8223b6507b906f29c6e48a0af797a447d2ef55b46dc1718b1,4.0,0.2916,1.0879,0.061,1.0,0,0.26048676391970393
03175d021f6fe22ded272c8e149d24e456ea24a4ba4bcc0834b628a121f7460c,13.0,0.3072,0.5007,0.5533,13.0,1,0.6512752801477665
03178936d57b7babd2d432e1333c227842f203f9f312a803fbd3a5a51b36a59d,13.0,0.2184,0.6716,0.0666,2.0,0,0.13345713257894504
03178f7f57ebf1b16b3b4cb4bdc7424f2c221b08d5bf8f93d7854536d1268fa3,13.0,0.1308,1.0322,0.0446,2.0,0,0.026268879398342375
0317a4d09d430eba4d49d4fdce5cdd1f0fdec3527a265da62e72760e419f9e27,13.0,0.084,0.0,0.0091,1.0,0,0.02356895712024344
0317a6b08205a6f32f6c650b466d877c7998231890be79d68a501a0cd9ea0f78,13.0,0.2945,1.1881,0.3537,3.0,1,0.6708846521177853
0317c1f9b735cd2733bb38a85f984cfbfc7de5b273cf772639e50d6de63f09bb,13.0,0.2194,0.6672,0.1377,4.0,0,0.5363739063761944
0317c54dcac253225a7ba4c88360d4d1dbfba9677bcddbae9ae0457d0419e482,13.0,0.0,1.0,0.0077,0.0,0,0.022280945636023855
0317cb65848bb0d92e3b065bc6a6d634571c59aceaf15a7332eb3e767eb7264b,10.0,0.1239,0.8015,0.1146,5.0,0,0.11525569328302296
0317d63737187b01e05d059b38d712754f65ea425168135bf01c8662029f82f6,13.0,0.3266,1.2737,0.6759,4.0,1,0.6993745204570608
0317e04a70e27ed52d1157ff9def59095a637e01bee7113a07931afe4cddd683,13.0,0.1333,1.2189,0.0139,2.0,0,0.022045799134321444
03180a7c683bff5c3279fca42b0f90d87f62d270bb29f5f24c0fc114bcd6e478,13.0,0.1077,0.0,0.0066,1.0,0,0.017696736800941144
031855ebc4c572c9423cfd950f692e1f57c6d14fb144ba7cc8b673c7bdab2c4d,13.0,0.0776,0.8092,0.0398,7.0,0,0.021349453157849706
03185b177aa297e668568fc031a4e600f92761b1d68d1f409b78c4e8e04c56d5,13.0,0.1281,0.926,0.9072,4.0,0,0.36375561605819584
03185d296f983e9fce73f9a454d825252e256b348852e3403663be5521de1708,13.0,0.3259,2.0874,0.5412,5.0,0,0.7194821622243955
0318be1bb62e81632966512f6ed18cf0e7eb57921ee063208ff7738e8b4a86ce,3.0,0.7315,1.431,0.28,2.0,1,0.7680196118451182
03195786d09fd3fe8add3987750c524eb8c9220cc29743efe57be5cbeb7d9ea1,13.0,0.1318,2.3273,1.1705,6.0,0,0.6292461160788994
03197e9ac7f38ed99bb39b2dbc9c8974fa70951f14b0df0ab9e2072c4d770fdc,13.0,0.3685,1.1616,0.9265,5.0,1,0.7048057201736111
0319a1e16b0f0fb6d0749ef6fdd719e35a58f21b54ac47d756b7d504dfd400d7,8.0,0.3584,1.2932,0.0363,2.0,0,0.08716718669142409
0319acf4df5addf3806cda1295d9a2055d3a4df0f3a3dd2fc820cc61a718ad45,13.0,0.1826,0.886,0.0343,1.0,0,0.032265710588694055
0319e934a6650425647f0233bb50081acd95850a2b4169da60239593fa5ee9a0,13.0,0.474,0.5544,0.0134,1.0,0,0.05501458838884804
0319f4e3a547fd4cbe73b427d8cd2ba2c54a49831c0bfd1bafe432be3935bd8e,13.0,0.0,1.0,0.0201,0.0,0,0.08224435074188237
031a319be73bac6bac4c039d8ae7934b882c0d0aabb2401d0d75115c31cf763b,13.0,0.3279,1.2484,0.3349,4.0,1,0.7007088157987345
031a374d10486802acc250da1fb189df0c7c2418a9468072e7a03152185517b6,13.0,0.283,0.5587,0.3241,10.0,1,0.6245664845353232
031a3e1d1bde8e47e93eb80b5115d7f2a0d10a53cafd8fc993b397b40b49d37a,13.0,0.0888,0.0,0.0149,0.0,0,0.04786393305443034
031a5b5b990d7b91064fc7782755a95eb5176743552310ec7d7c48c3eb9a33fb,13.0,0.1553,0.8737,0.0193,6.0,0,0.019055551253526665
031a66454f054a7758e0e78e4bbc5809a069bdeac10d7386d74e8421ba87e76d,13.0,0.1457,0.9359,0.4448,4.0,0,0.39554020698719083
031a9f2a135d6e0edd80a141e585feba6d102eebdab7c3605e960a0fc05fb29a,13.0,0.2195,1.1793,0.2415,1.0,0,0.5247175480913784
031af40a69e571b2acdaca810941fb9eb8b55b20333134ccfcac2085f9cbc43c,13.0,2.1061,0.8935,0.0439,2.0,0,0.2691915856404245
031af720b8b7f50a867429d9e978a49bb0b51fdc4040b0ade74e8009fd662b60,13.0,0.0801,0.3885,0.0196,1.0,0,0.022892044767834064
031b0c9041700c82c2ba2d43c5636725bea909310c484f9d63f9f06153114a1b,13.0,0.1069,1.2102,0.0238,6.0,0,0.01740899325997023
031b1ee99806a464f6e4e46a6ab6fafd75a9d5a0a8a0f5c13648644c446be695,13.0,0.0,1.0,0.0051,0.0,0,0.019980332496187008
031b3ee208e59455ea06821a1ebe21614e59bfb99ff4660a7cb5970505fc3d60,13.0,0.1381,1.0295,0.0127,2.0,0,0.022966282220194135
031b4badbc3882384de418648e90b87d8ecae85a4f548e7e8f3b763dc3dc47dd,13.0,0.4987,0.3615,0.1433,1.0,1,0.5049946925563998
031b8cffcac786f641da80df7ec08bc22830a7ce4502f651d4422981699793c3,10.0,0.1833,0.9292,0.0165,1.0,0,0.029721018436779906
031c2839031386c65c8cb74f9ff89f581f4cd73a20e7ae19420d212980e34d3c,13.0,0.1067,0.9425,0.0458,3.0,0,0.020449666628439642
031c572ccad1ea2f81541011351893cd4e92582efb0305186677f24266822b5d,13.0,0.0897,0.2507,0.0547,4.0,0,0.030069844030372078
031cb4fe3d17f5001caee018269593c32073c09b37fbbbed108ea4bac0e389cd,13.0,0.134,0.9237,0.0389,3.0,0,0.0251927364081704
031cbfd1b1687009562df4bc1bc73514a3816b0f29791dfdcecedfeaf39d1a7a,13.0,0.4353,0.9883,0.1393,3.0,0,0.6302958738861549
031cc6dff0d79f12096750192ecd4c92cf226a35fca8090f636b4f7a1f7cf985,13.0,0.0742,0.4193,0.0607,8.0,0,0.04625665015434615
031d1339a5ef17c48d55cb7b977dee0f6943cc00be4baf0eb13cf97d7374dff4,13.0,0.0,1.0,0.0054,0.0,0,0.01978947117409603
031d340ce4f07efe6e4bf6d51960cafc61295f81502f0976dbfa5245916be1f3,13.0,0.3292,0.8968,1.1919,4.0,1,0.6727218069084513
031d396161be183dbc1ce72c782a677cc2fa7cf95582980ac08be0e8648f2979,13.0,0.814,0.484,0.8937,10.0,1,0.7432519267926578
031dc42cd73675527c62fbacdec006e14f459363bf411c35d8501711510229bf,13.0,0.1545,0.9341,0.0184,2.0,0,0.02247117264559793
031dcc8030eb6d2abd02737e4cf4a98122a491a27011d93ad17a956acd2c5697,10.0,0.2239,1.2439,3.5958,5.0,1,0.8512971800831677
031dd6d53ca7edb959ee53959e66c6ec94f5ff9900f0497721ce84756bb3d892,12.0,0.1755,0.8868,0.1077,7.0,0,0.25525212864469976
031ddbaf23b8d684669947813424a546f9b44b7574ad9e789e5e337791eca03c,13.0,0.3195,0.7991,0.3892,5.0,0,0.6511240141202623
031e173e3b29fa46e284b3023d7f6ad70ed3efe2e0a38cf88966c90c117a912a,13.0,0.0468,0.8184,0.1212,4.0,0,0.11736643523603738
031e3d9b81f55f339ef479f88de28851b889149cfb76677383f686de7ab1f159,13.0,0.5099,0.0,0.3706,7.0,0,0.6243409661754239
031e438642741a4881f65bd977db214c405fa41c482b54d0212adc5b53bdda70,13.0,0.0,1.0,0.0051,0.0,0,0.019980332496187008
031ea937cad7eaa90130f262a4c58b01d2fa6e22bf383b89f16c344aa87e513d,8.0,0.1585,1.0227,0.1857,5.0,1,0.39382103162351184
031ead3025e80bd25aa8fe15a0d5f0f24135498bfde9c151a77996546cf70fbc,13.0,0.2915,0.8869,3.1185,13.0,1,0.8631513015432616
031eb06ac0b6be2aef2ee43f8fdbe10852d48a2d8cfd3c7ed0304a775246e040,13.0,0.2029,0.9151,0.0076,1.0,0,0.03153770940750012
031ecc6b5e67ffe66518564b0f4c0f345cc592c8c1f6f802983dcaeb6dfc45d6,13.0,0.0,1.0,0.0081,0.0,0,0.037720949013385574
031efe975d2647d982f492efe9c3348902a152a5ebe22bdd0a4a4dbdb295bd95,13.0,0.2982,0.7069,0.4923,5.0,1,0.6527414316403534
031f33e986e14d8b4c99872797dbef534b96771638c53596e0917da1fba611d5,13.0,0.0,1.0,0.0052,0.0,0,0.01978947117409603
031f37cc5a630f3457ce1ac07046547baf9d94de462bd8f2ad348fc1d2bf8882,13.0,0.1121,0.7075,0.0795,5.0,0,0.0666809692088041
031f7a156e75e3b61b3e11b24d46451d902392b0c70877ad8491876af7aa3d83,13.0,0.0908,0.8703,0.0397,4.0,0,0.01688260112891753
031f7a9fb0a8d97b775cfad784dac286f79f282a3466156c22bac1a48654c5b5,13.0,0.2254,0.7579,0.2757,2.0,1,0.5553290019263722
0320477c1dcf24032c3889f634d1c0c28f599a2e7b13c1b1dd042e4b56f6754d,5.0,0.1649,0.9681,0.126,0.0,0,0.18597682601393384
03205ab7939579a05292e9b6822fecad1a1c5be0cf4700927e07a58e93cb7ac6,13.0,0.2369,0.4285,0.5475,2.0,0,0.4730616585277522
032085a6a7c1f43eb6420caf3c4950cddf400d1b69d5bc36c4d9cbb6cb2bec07,13.0,0.1049,1.0022,0.0364,3.0,0,0.020630774962130408
032093a0892a226c3ff2aac3ed87913aca574b475a22f5b5c159d9819f817706,13.0,0.1329,0.8766,0.0928,3.0,0,0.08406522721555837
0320d77cb78e48ae04e1bd3fde896753e50fd8011325bb0eb1a57388a0abb9ef,13.0,0.1895,0.0,4.3501,12.0,1,0.8439683885157788
0320d8de44772bce38f87a8ce0bdf65354815c203e15c1e914fa59f6251e1bac,2.0,0.4515,1.2584,1.0622,1.0,0,0.6413897072236694
03210306670e76e851712b42efabcb70ea98724d0fc4c4a5cd10c8b3a6022aba,13.0,0.2718,1.1196,0.06,3.0,0,0.19532794828689423
03210ea0db9386cbdf82da5f1646c292f748ff51253ad6025d7af8a2e4161641,13.0,0.1678,0.9675,0.4482,2.0,1,0.3887220967771946
03211555c198f0d744d5b8f5221ea86419df925d6ec58423f757234336481232,2.0,0.1957,0.9297,1.1172,1.0,1,0.5691878001800085
03213ebfb8761bca18aa6080ea6ff073749f236bf08c61058748ab2e0e9a0fa7,13.0,0.5121,0.6073,0.3016,1.0,1,0.6328528012353803
032141b26cfd691536ce2e69e0fa466a630ccc764e7c65106f52d4178aef3b84,13.0,0.349,0.4905,0.706,5.0,1,0.6547488589266794
03215d6860c31e5c93b893c8746c0a86487d9898d1b092c2dac5e8825ad0024f,13.0,0.1681,0.9855,0.0439,1.0,0,0.04263716501452315
03217e24839aebd42e00956e3f25b3262f513d5911a963c526fba05949ca8ed1,13.0,0.4388,1.5332,0.114,7.0,1,0.6584984645692608
0321a89c9ff5cb3af12f7d05f7cae708f5429d5ddf9b4cb07563612043512de0,13.0,0.146,1.0352,2.6189,2.0,0,0.6927413001325301
0321cd10f145e4b1d5394665e552efa478bd16b379a94c82adca960f403c50ed,13.0,0.0789,0.3561,0.0328,4.0,0,0.017548106844274013
032209b51f44cb08a6d9054e16a33b96514623320e5808c9ccdaaec90e1fdfd9,13.0,0.1297,1.1388,0.0265,3.0,0,0.02008655858859658
032215c87034f0f95e45137bd16bc30c822dfcbb622d58d44cbf7f0b8c507dad,13.0,0.1533,0.8651,0.0137,3.0,0,0.02272563831618249
032219ab66f5b176b76eb614046cba8387dda16f06be55283bd1baf5c430185f,13.0,0.1257,1.2899,0.3483,2.0,0,0.28547332077293763
03223be139cbf5df17d3cf0363a2ba3eb98e1d719c7191fbb34ec7e9427a1a16,13.0,0.0,1.0,0.0158,0.0,0,0.07704350507592042
03225e7b7bbd163bd3eacbbe80cd40871bf036df49e334ab82f43b8f11646a10,13.0,0.2748,0.0,0.9257,9.0,1,0.6411104989348172
03229b1fdf8e1569bce0b17ad1bbc28e471f6e4d4e88b2ceb733ebf118619084,11.0,0.3021,0.7866,1.0248,4.0,1,0.6962102918737
0322aa2769e65cce92b96d3301252fb8cb3d6402cf3bed169ea9e1a0f13a8964,13.0,0.2894,2.7515,0.0457,7.0,0,0.14870189942368905
032310dc01d607d7d12ef2a544bbd522509f9afd0552bb083b59ec2d26dfde23,1.0,0.0,1.0,0.0069,0.0,1,0.022280945636023855
03233d919dd88c067063e4d25f2576655e8953c993f525da9c41e684ec5368c3,13.0,0.1193,0.9467,0.0338,13.0,0,0.03870277948879089
0323a1c6f1d02c9cdef8150cb4209e48b4498ffcb675e87c20dc99369f7e34e8,1.0,0.0,1.0,0.0051,0.0,0,0.019980332496187008
0323ded945f59557a6401236b8c9b6c5c6929c89eb70f9bf21eb090e6772cc80,10.0,0.1599,0.8542,0.0701,3.0,0,0.0805708511051213
0323e3233103620d66e615458da801ca198dd36321e7ce5b40920fe6a5f6c911,13.0,0.3776,0.4311,0.0179,4.0,0,0.05933599045964464
0324136849e7e4f5bc9aba40e6c961885c3fce05d26a4b111879cf3292c2a2b9,13.0,0.4095,0.8813,0.0053,2.0,0,0.05432120866123635
03244bdf7013f1f7ca209210f63afb99dd9b69a2c688307ddc4a1d25f2542ff2,13.0,0.171,0.5982,0.0301,7.0,0,0.023967875157913595
03245ab032f721e340ebf95a306ec331b7bf94a1af072218f9fe25d410e4117a,13.0,0.1432,1.1435,0.0403,6.0,0,0.023044656841883927
0324b8a9a8206c7274c64b1d73349668e9ccf6b1cb6f63b3624a3eaa37353aa3,13.0,0.1978,1.3087,0.2519,11.0,0,0.5349863051722495
0324ed10951300f23746dffdf2e5494ff219d776d73905cdc3934e36c797dcdf,13.0,0.3066,1.1791,0.5301,9.0,0,0.6572339409363256
03250714250447bbf627f081effaa8f55a3b8a212edcee3dcef3a57e9c083b22,13.0,0.0435,2.5049,0.0379,9.0,0,0.050556208671454786
032517b72a8c1f63cfcc0090a423b7863452ecc487c0dc9bc86e29d85c692eec,13.0,0.0,1.0,0.0069,1.0,0,0.025174868857605906
03255cbdd747505c9c6e45670f16ceaa2cf5ff67ffdb4fb0f804e7879d7d02c9,13.0,0.1235,0.8266,0.1723,7.0,0,0.17500056547477733
03256fc9ff91d18ef66d448cf02517df94064ff1ec0ff61d55c881cd4924ba5b,13.0,0.1203,0.9892,0.0508,1.0,0,0.027467962210740535
0325713e3596ab0cd0aa61d9809acbed11a9f8c3e528404a1a5f83a03d189bc4,13.0,0.1402,0.9555,0.0461,4.0,0,0.02065827518808049
032592f98054f2181b08151701be014c68619ea5b86851c607a08b03c5b4626d,13.0,0.2073,0.8813,0.9907,5.0,0,0.6281005188257339
0325df363cf7ad7bf2dc0e5efeaba042a6030c50471e06ded5d0a1b2d22ba2fc,13.0,0.1281,1.0705,0.0666,3.0,0,0.05348659435162486
0325e1022ee23000c1421980a8c8c636a8ecc5ffabb69a394871ba0eb875314b,13.0,0.1505,1.2379,0.0353,3.0,0,0.02302249955507058
0325f4df3e238814ea9edb15ee6c62bddd5aa1995a918c57c85a0a169712b63e,13.0,0.1555,1.3614,0.0179,3.0,0,0.021974293198126334
032629a03d67b9928643be3e373cc40581c46b0a07c3540a44a70ae708704b1d,13.0,0.1824,0.8297,0.3869,6.0,0,0.4082588411282063
03267a148d4985ac6d899ea61845e3e7e744240555cad3b990323038255a2754,13.0,0.1855,1.8508,0.4114,5.0,0,0.559103193983256
0326843288008b9727d618a2b5529bd5c65461c1d802f2b05550a25981bbee61,13.0,0.0734,1.7016,0.0111,1.0,0,0.03079268799149371
0326861fd6831122866a4b41f8797d94435e549206bfebbe3641f8ba7932db49,13.0,0.1317,0.0,0.0304,0.0,1,0.10863772033473705
032692496d637f4e1752309968302f39e90d74af90131555118b51d192d366e5,2.0,0.0,1.0,0.0054,0.0,0,0.01978947117409603
0326b10bb0659925ba4e28d608c1848a86be4886a39be7efb01629a1cc643516,13.0,0.022,6.4682,0.035,1.0,0,0.17158845370389955
0326c06e4706bb50f08f4c0aff33b49ab0dba6f4b60968423a0ac42cb072010f,13.0,0.0148,0.0,0.0119,0.0,0,0.05098562639101274
0326caaefca91d8da89cf411ca0974e96fead2c4d7ec78851afea2f35e1e2e6a,13.0,0.0,1.0,0.0091,0.0,0,0.07006471872599379
0326eb79c9c32d86317606ceffbbdf35a2f9e9434df476aca4392d69e028f5be,3.0,0.3848,1.1481,0.4489,1.0,1,0.6061124819203818
0326f48ba5360a50571031ce46ae27ab29640f7b1a2dbc4b8f78ca0afa5fbf0d,13.0,0.0368,1.2051,0.0593,2.0,0,0.05262362319760146
0326fb24c2ff47b0a51dce38cbbca7ad59c313a5216afb1d1a5ccf5f39c7de23,13.0,0.305,0.4701,0.0155,1.0,0,0.0772535034731465
0327070b21d5222e69c06c336df2a6e06fea87fcf131bf0129504e95a381e6d1,13.0,0.0728,1.3858,0.0325,3.0,0,0.020185710924245027
03270e5b97b33240bb14c6fe45e25230a953ea5eeb954238729d823f3ccbc092,13.0,0.1195,1.1914,1.206,4.0,1,0.6053412682148248
032716233d665f3b2b5365d5a7f10105e9c7aea60c5d5a6510596da83daef307,13.0,0.3364,1.0953,0.446,11.0,0,0.6587908159059834
03272ca1fc8ccf0e5dde7566ca69b7c3fa0d6adcf4aa9768fb3cdcbea6e5575c,13.0,0.0,1.0,0.0078,0.0,0,0.03633201737750049
03272d584fb0ca4cc08f73591cd5afd10e1ed30c85b22fc4b3c29fbd5eb2471c,13.0,0.1319,0.9373,0.0163,1.0,0,0.02478582341677863
03272e193cda354df88b98076ce149915cc463b294aacb7edcd8b2576878dc22,13.0,0.1089,0.89,0.0427,12.0,0,0.023732708451278093
032736124d82cc667f868b617472ad16f08616c4f96fc41ef271e169423e3d20,13.0,0.147,1.2723,0.0089,1.0,0,0.026315997902718227
032754c26b99b29b238d123a6eb27d846c1ef86811a609c98022958c25265ec3,13.0,0.1481,0.9179,0.0448,10.0,0,0.029687728027150223
03276f390249aad55da120dc76afba0e74ef84e437deaf8c7d0a0a14bb526da2,13.0,0.0,1.0,0.1777,11.0,1,0.2532129008127799
0327f81b28ab32f291a6771f1a513b95550a60968b4c1c5d9dfbb70571261259,13.0,0.2182,0.5188,0.389,1.0,1,0.4643003395134108
03280ec50aca17dee89889c92c1f518c66d1a0edcfd1bca6a0ca301220f824c3,13.0,0.1437,1.7117,0.0045,3.0,0,0.036472076472246526
03282139c74bd9a599159daf225ccf67de9ee40819e9d794086109b3c33cdb67,12.0,0.1201,2.0802,1.7499,8.0,1,0.7209320745071686
03284eed2a4a8a6ba99edc59023e8b19f114ba7c7da5a0395c73ef2e6bae218a,5.0,0.1355,1.0545,1.235,2.0,0,0.48907085071239964
0328572fe50098f407c64cdae1c62f3e676aa368320928f4d015f3b7fdaccb82,13.0,0.1127,0.8225,0.1838,5.0,0,0.181315557852061
032908f57844e86c9a20a143cbbb4dd30a3796d9835d819fe0c61d89167626bf,2.0,0.145,0.9969,0.0662,1.0,0,0.07985220702315608
03293ef89d7621c39734f07428bd8c6ad3d2c2a16b82c41f8a9be2ac50fc0068,13.0,0.0466,0.6651,0.0462,3.0,0,0.02016356460810525
03299f19b022ed5a93a026e4151df96a8bcf6a46ff4e4d110251bab0e78dfecf,8.0,0.1717,0.756,0.3045,3.0,1,0.35367006212576113
0329ec4942d6e4e18f001cd114b750d6bac4c1ad4635d493197c8093fc1bc4de,13.0,0.162,0.9839,0.1237,6.0,0,0.23409376969665135
0329fca9351d2a1f3fd72dc8c2fc02d698864a05c95be54b596b23d98297027c,13.0,0.0237,0.9714,0.0149,1.0,0,0.030776188885500214
032a31109faca0b66e4e1b7b3cf9a82e42de551f0e067ebca09dc52378e9ae7b,4.0,0.2888,0.9611,0.0846,2.0,1,0.3570668889057721
032a7dc9ae1a0901a57702c8c36795daa482158baa9a88e01223f3bfac6bc16e,13.0,0.134,0.9893,0.3912,10.0,0,0.32995525450404545
032aede6c082196d9e9044d2db2faeac2d3a4a90b6299cebb6d76a23a563b70f,13.0,0.1091,2.2768,0.7635,8.0,0,0.43934050928408735
032afe1b636409b254d886490686e7e4c432180ffc6b193149c74a5630bb127b,13.0,0.1268,1.2341,0.3873,7.0,0,0.3380352181318724
032b4f634f57960f4d450344198cb99339061a083e359e2293bd2c41295cafdb,13.0,0.1081,0.9088,0.0223,1.0,0,0.023019601793144
032b83cb7431fe1712ec1bdc67b7e66d7cdc46c6d92670a77012ad49ce8ddfcc,13.0,0.1801,0.9635,0.4099,10.0,0,0.4235627684201509
032bac903c0f5c045083654d07e1f0774f8da5b973c0b0af9e29fdb82560b841,13.0,0.2416,0.6626,0.0589,5.0,0,0.14931099996857647
032bbefd809939961c5a7297dce56fd5c4f7584b8f33844b7efa083cd804fa92,13.0,0.247,1.0308,0.4471,3.0,1,0.597561981890482
032bc13fed77a61abf093e78897cccdcd7c0d881b8a416cc6aabd0170ee3e95c,13.0,0.1164,1.3886,0.007,0.0,0,0.025605484524201465
032c0d74b8ba4f33f0798dd194ffb114060cc64cc007964631433064bbecd991,13.0,0.1866,1.1932,0.0339,0.0,0,0.12123688473019406
032c195b67068faaacb7ba4c04f86e3e5b8d265c8886ceafc2a0e47ccbef6bd8,13.0,0.1464,0.8197,0.167,6.0,0,0.279377606655297
032c794d96c36b45aecf41a6b600a8e8543eb8a8ee6404ed041c987e8f0061ab,3.0,0.1481,0.9221,0.1564,2.0,0,0.2324179749114988
032d0cc181ff8c863d0f92991305da70b53570e2c2ecfc51e05e4e4b928c4a3d,13.0,0.1419,0.8844,0.1148,3.0,0,0.20539930305588835
032d359ec582fd9a84f10a8bb8e7e7e3c8d35ec9d095ca73b38db85f278d6bb0,13.0,0.1574,1.074,0.0839,4.0,0,0.13339609136013364
032d3de382b0014cc8d1d46ffc47df0d1cab756ec038fd8ca2448b9604f4221f,13.0,0.0712,0.9449,0.0519,3.0,0,0.02239250632411104
032d4a27bc42364039e2f2015cf9a3329c67eeb3e80c91ee767724d4a7d1f213,13.0,0.2278,1.3084,0.1324,6.0,0,0.5977209413862018
032d4ec19c0e21cbeb3e0618d3f41b51bee3536f5ab382ff753dc33ae6cc0750,13.0,0.1018,1.0314,0.0406,4.0,0,0.019575071549424256
032d69c52ed7634a5b84a51574713e86cdbc05cbaa9ba1e1d6bc537cda1db110,13.0,0.014,0.8481,0.0351,6.0,0,0.01990372027667639
032dab35b2ef0ef00c86c6e60055b2f8b6747057798783fa31a8fe523ce40fa0,8.0,0.0,1.0,0.0154,1.0,1,0.05165338435105394
032db69c6290cc870ea0c8052c7e460a6159734a49d125d5fd91266e6e31126a,13.0,0.0,1.0,0.0057,0.0,0,0.01978947117409603
032df2143febc825409074f633d77cfb631e92797075aa6373b963ccb364d48c,13.0,0.1484,0.0,0.6535,9.0,0,0.38502325713731267
032e2c513275c839077b99c79921e788918357bbd6a149ee8089700d83ee7964,13.0,0.1929,0.7345,0.3405,9.0,1,0.49872331686512267
032e30a39016d991a4056e7f5c56039ef303c8ec19d1de9a18811d07c9240781,5.0,0.254,1.2246,0.1738,4.0,1,0.5990401914896138
032e776df9c3a3733eef208f88139f8846a75fe85e6f6cdaf93b7769dcce15be,12.0,0.1342,1.2302,0.1343,4.0,1,0.2292779043587068
032e886cedaed332cea22411bde55aca6b30123f0c957e5c255265ce12e1d9f9,13.0,0.1188,0.9497,0.0115,1.0,0,0.02543400213506521
032ee9836fb049abd68ea58e948bcfb4cbdf10ef508de528ac3c2ad06f4bf32c,8.0,0.3579,1.559,0.129,3.0,1,0.6451585852051993
032f0391a0d757533c35cb4931a9fc1a9773358c8af950e4bd76bc2de5207199,13.0,0.1301,0.9638,0.0758,3.0,0,0.08346923794996682
032f1fbaa2505b5ac8f5b7e8dd965412646b5349f20b36950e93d264b864801e,13.0,0.318,0.8013,0.6723,2.0,1,0.5941495247339713
032f2ad7a55deba503c16050a7bab43ab30affbe4e6a9fc95f4e82356e7b54ce,13.0,0.6551,0.6969,1.5241,7.0,1,0.7912642168044828
032f34162cb2023afcb7596e4e469a458deb529810a368a6c2b048e94ec2e4c6,13.0,0.1134,1.5076,5.5135,9.0,0,0.7934962622275146
032f3eeb6c85ceacd0cfc479033b93275d97ea6fefadb8aae044cf8b6d5da738,13.0,0.0876,0.7088,0.2988,2.0,0,0.1891102990673713
032f7d48267041d85e1f63580c1a331bd0dc4176e7e3ff72ec669d15b860d173,10.0,0.2185,1.8795,0.458,3.0,0,0.5937755643845677
032f92b4e67b311b7bef834cb125fcf2364ed5f5df27fde1ff5da6207f1e2f20,13.0,0.0,1.0,0.0055,2.0,0,0.02274504897362967
032feb82799c9a37755ba6677ece306ead5e32692ed256424eff14679d88e4c9,1.0,0.0,1.0,31.677,1.0,1,0.8230332516963459
032ffa4c7a483cb83e1cd9a5c5d43e7195e3739937e6ff54f60bd3ff1f6845f2,13.0,0.0,1.0,0.004,0.0,0,0.019980332496187008
032ffa52dffc4ed32e0d1258f2db2fa784695f22b7562f4711c7dade07f7c45b,3.0,0.0628,1.4817,0.0276,3.0,0,0.02088625456183659
033026ddf48c1d7429298551563164e7c55484376a58045cc5225c6731e5fc6b,13.0,0.2658,0.6065,0.7093,1.0,1,0.5325091846838571
0330341574d886997f364f31147862c3febdec4fa2d2306ed998a01badc06dee,13.0,0.1234,0.7498,0.0262,2.0,0,0.018944488865596295
03303c0946bcead7130efcc66242a4272632b0e81dce41a00eb559456c3c24e7,13.0,0.3277,0.7097,0.5173,2.0,1,0.5806270246100046
033045764d5cfc579c177fc09b427e146cd80ac5eeca5820c1d5794358b02d10,4.0,0.415,1.3676,38.9176,2.0,1,0.8827678968848156
03306a7b638ef63027d68a7e0c5763c8aac6c413cc2c516e70bb5f1b045b1062,13.0,0.0538,2.9021,0.2923,3.0,1,0.48369496418513136
0330d13cd9e075cb494750358edd911bcd8a9a6c3d3cd357186d63abbf414913,13.0,0.1344,1.0544,0.9671,2.0,0,0.3918527599088692
0330d2144b1954a4892302635c1aaae53a9622069411e991a60985ab4945eed7,13.0,0.0352,2.0716,0.3822,3.0,0,0.4307119634917522
0330d3cccb0d1029a972f0e071477afa5e89fc1e39b55f7da77fa894cc80e606,13.0,0.2709,0.6411,0.0374,4.0,0,0.06779123874372708
0330f195e04c92f79fa9e455ae60bd06d700eae0e6b7ec6a3c5e46a0140e2bee,13.0,0.0995,0.9177,0.2464,3.0,0,0.2039405308282267
03313348641799be8f5d91f10be3a21a92fb19e489fef97310b2d9f4163db5bf,13.0,0.3158,1.2562,9.657,12.0,1,0.8699111793789756
03316eed8e728071c91e2b0330b6176e6c2cd5657848be69192da31db693281d,2.0,0.5648,1.0614,0.1379,1.0,1,0.5946608879221451
03318c9473649482afeade14ebe81053b392c4aebc9c954749c072518880e203,13.0,0.1048,1.3326,0.0653,4.0,0,0.04917615777593091
0331be252a8f4aa2ceb9280173440f146680a7d767b5767e949b84c2f4871c6c,13.0,0.0,1.0,0.0058,0.0,0,0.01978947117409603
03325e7fbc06049b8ff6ee33511689c19ae9ba25462da18c6386df7a23a7009c,11.0,0.165,0.9917,0.6731,5.0,1,0.45688641685298526
03326f672269fa1477670a202cafa4ff72010a369ab210c75eb52ba2c6c6e6fc,13.0,0.136,1.2304,0.47,5.0,0,0.37688261832436676
0332a711f6bf50937cefd93fa07d99a8c9cf00ca81a332a4ef51fa8e9d00c406,13.0,0.4108,0.732,0.0298,3.0,0,0.06583997214637453
0332c54c880ceb5eb644f20da93a463c844e21cfca4b7e8bd1fb17b9833f4caa,13.0,0.2272,1.3268,0.0311,1.0,0,0.06188883437974873
03330d3ef63bc7200c04aa723dba360b5161599cbd4ba404fac2b5370f3d99c7,13.0,0.2355,0.6918,0.1096,3.0,0,0.32144156753170916
0333110e8eb1076006f2f9888b980fd62a77b981c84385baed25667a54391f5c,10.0,0.31,1.1744,0.189,5.0,1,0.6467774828228763
033345dc137f24933020178a3f3614c56cccd5021a552411cfa9da446e14bca6,13.0,0.0889,0.0,0.0241,1.0,0,0.02225204225629669
033363cf9aea328aa5d67d9952da2e0f32ce270c4f64a471403e1e12568abdbf,13.0,0.2166,1.7189,0.7115,13.0,0,0.6043959065215403
033368c67e27a581b7d904b3e8f4e9daf59b5486553615f54d276f28fad5a164,13.0,0.0,1.0,0.0045,0.0,0,0.019980332496187008
03337c1df761e56b665d62a797658bca17499b489e05ed365e9afc6ae7240333,13.0,0.1131,1.1367,0.575,7.0,0,0.2953988046557249
0333bf78a5598b46af5eefb950997391472a97e09bc8a43c5a8625ba280172e7,13.0,0.1143,0.9682,0.0332,4.0,0,0.017928512310237933
0333c328de5c0535f3688d8674c429d2e211a97f91f726490ed874ba93aeaddb,13.0,0.6753,0.6055,0.1859,4.0,1,0.6306274616196976
033454ade3164cae07c58bb3d77a1005fa544b151652793e5096d5b097a5e2bb,13.0,0.1454,1.1154,1.5093,3.0,0,0.6429261721093318
03348e64c849251e8e6b4577faafce47f0df229e05e4c7fb4c45e9f27b072899,13.0,0.6226,1.5414,0.6399,5.0,1,0.7919803884928522
0334934bc4d5cfc3c16bdbb1be20def58c2f3c65b4b6d96cd8a93a318881df2c,13.0,0.2303,0.6978,0.3349,4.0,1,0.5979769272776443
0334935da09c4cdb5f947e5fb7a9fa33064a36bd82d8fa9fa5c4d4bccb04a0c4,7.0,0.6088,0.7757,0.9276,2.0,1,0.7265901145706778
0334a75717bab18e5bdb432fdcd27df0cf0466090600a0de683a39d42a7d4b8b,13.0,0.1255,1.399,0.1199,4.0,0,0.18173021005984252
0334a97b5fc9ad9e727c9e194b996caf5caeecdbfbe08a3f1a7079737bd47304,13.0,0.0638,0.5755,0.0358,4.0,0,0.017734448591895116
0334c4445aedfc87f8f2939af8597e1318892fa2bf8690ce30e898d762e4858b,13.0,0.2151,0.7203,0.7033,8.0,1,0.5820883905393816
0334c64b54fd66bf293d99cd6c52f35e9b2f4f13722c1f361caeecb1b6d87a8a,13.0,0.6516,0.7725,1.1121,6.0,1,0.7322055878996758
0334e13222bee68d2593c5d548f88c47ac6f1963bb7d85fa57b521f3ceff2b8e,12.0,0.2937,0.5529,0.8229,7.0,1,0.6678003894263762
033510439c751e3dec634b8887fcb95537d27a84ef58723485b67093157d9ce0,13.0,0.0682,1.0085,0.0461,6.0,0,0.021582637613783952
0335714f21984fa6a816cde1adffaec7409b407b41a6fdf1ad307f30cf6a9ef4,12.0,0.3675,0.7956,0.2103,4.0,1,0.6336537256952162
0335a057f00a212b0f5a16109fe8a589034aafda7f90e290afcbed29b81bbf04,13.0,0.265,1.0435,0.0196,2.0,0,0.038866511433947384
0336002017eb41d6564d65fcd09451d464bc4e6c08646c8449a0ccf91606306f,13.0,0.2076,0.886,0.0138,1.0,0,0.035805156147765874
03361767cf1358766cff69f27fdeedd0ec3f7925ac9d00d8225aa7c0f2821170,13.0,0.1059,0.9891,0.212,6.0,0,0.20512202896286083
0336262af17b45569f8e7180c138fd55a8471ea04806690f169b6d783caa166a,13.0,0.1324,0.4553,0.0281,1.0,0,0.021788826803078972
033663b1ae70801ca2d5389cef93f36f7c0030dbcc7f74ebf80b4e6b9810f017,13.0,0.1435,0.919,0.0261,3.0,0,0.021694973935259584
03368ad9e846f196b8b2e7bd680d71bd817fe1f0037f192d8b10398fc3097d7b,13.0,0.1289,1.0152,0.0369,4.0,0,0.020185923372327514
033706420bcbb661abc6d1f42bad451493af75bbec2f5a67e9874b58a49338c2,13.0,0.1134,1.5584,0.0052,0.0,0,0.02740169798615225
03370e1720b9897156d07ea7886fb03f3242caf5a3d10b7dbfe7fa2204bab209,13.0,0.133,1.235,0.0275,0.0,0,0.06501344137917135
03373612abf59e35b17166644f97266ffe66644175b350bf9abb39897a4cd323,6.0,0.0,1.0,0.0067,0.0,0,0.02219398911428473
03373c1be38a657858c0772a742791b91bb6d786c38a686956ddc95f038abfba,9.0,0.4428,0.7553,0.1892,3.0,0,0.6541078523390397
03374959197eb4a67028ef4e3cbf804903441cb1e82ffbf55c078d581ce2149b,13.0,0.3171,1.3322,1.0807,4.0,1,0.7113679765163511
03374ebb4101e3fa34fc24ce0461153d250900a06eb39101ee1b3f9ee967308b,13.0,0.3169,1.4079,0.1053,4.0,0,0.5249477592360473
0337695785286942f12daeca97846fdd79be14b22f67dbae3f8a011c72e1e54c,13.0,0.1119,1.0065,0.0359,3.0,0,0.02045389587716308
03378bb1c598ba321e6fdaf7660f88f402fe69c08aae2f3f92d8767f78902659,4.0,0.0,1.0,0.0113,0.0,1,0.07688026147883344
03378d90aa4cf7f481729ee8d9f0f9fbae56f11767592884b534c6f860232d50,13.0,0.2493,2.3148,1.8091,6.0,1,0.8206227039624104
03379670e03c891f0ca579469020f5312f8a1e6361bd8d322ad1234b83335f28,11.0,0.4951,0.8958,0.2284,5.0,1,0.678462203342653
0337b1e7001d4fb8406afd5b5983861537525926acc47ce0d91803f45985b43d,1.0,0.1723,1.0,0.0599,0.0,0,0.11840137389872828
0337f0c3b3221e0945c358dfdbfb4a36054a8b4a69a796e091e5a03fb665389a,13.0,0.0775,0.6338,0.0426,6.0,0,0.018637661834450307
03381b78fc0b2cbb0c8af24b4d77ab17270be2d0e262079886db9742852e254d,13.0,0.0128,0.0,0.0068,0.0,0,0.01760605223762118
03383221da39094fa0a1d67b925888079ac111c68e5d628d158c0f72449668da,13.0,0.0999,0.9784,0.0225,1.0,0,0.0250017448594936
03386adba54a8f9deb6d8a430deb66d0c07f053218c7bb546f91e3d233c92a60,13.0,0.2334,1.2015,1.15,7.0,0,0.6253830522969424
0338757a010b67bcb0a72ab6e646034d061249356f5fdda7b2850ed1ba1a7649,13.0,0.1811,0.9688,0.8966,6.0,0,0.4730387056205555
0338a6793d43322e0db07e72b1c049c9e85450a5fcada36b9da8fa40bed9c877,13.0,0.0,1.0,0.0053,0.0,0,0.01978947117409603
0338ace2c38597180628dc582f4e0f0993be63f3f3caa8273c6e6a73a266f2cd,10.0,0.4833,1.5488,0.2133,3.0,1,0.7273878000676155
0338e0325099eab2bd724bbe90528581c3fb28f84379c0de47ca965c030ba5b0,13.0,0.1299,1.0219,0.0344,9.0,0,0.021987749934728743
0338fc88292ca71578799199bb65e44517bf8cef6ba78acbe0442d9d18342ede,13.0,0.1292,0.991,0.009,2.0,0,0.022490776931962393
0339a151467b7a9d012c0b01d865565e65b945e82fc5613e5d48f773a55f42a3,13.0,0.0768,0.0,0.2352,10.0,0,0.17535634125534963
033a52d78150ca856de4e4fc1b013348008d487d64c11e85d633260aaf7800ae,13.0,0.1043,1.9126,0.0194,4.0,0,0.04833810447278844
033a674c723e080fa1bbd3ce3baa032cb896a8ce247fd99460544da908bdee48,12.0,0.3325,2.0149,0.0528,12.0,0,0.27228747108513507
033aa4fc904c9cea6139facdca5a44faeb316aabbe8f18bde503aae7819ecf61,13.0,0.1507,1.1768,0.1436,2.0,0,0.21539242013632934
033ae3d98ba38f5db99f4128056a351bdcc25a2f0f69bc90684f1f7b56cd575b,13.0,0.265,1.1296,0.0702,2.0,0,0.21731389885938523
033ae8672228036af5477cb9bdac5b4f89c78521c8a38447a15c4d7b16df3bda,13.0,0.0896,1.1709,0.0321,2.0,0,0.021609145385631176
033af5a307bcc5ed32956ee0081eb3c38a87194eea0bbee5b0a500798c0e5ebb,13.0,0.3104,0.9367,0.0682,5.0,0,0.23643076971256038
033b026fdc91094b320764b5c42fe140c0673e0a578371e84706986576aed6d0,13.0,0.1714,1.04,1.0255,10.0,0,0.5144028362620655
033b0bf5f480f9c849fecd893e11039306c88ec6f0b07c2d0b013b658222ab9d,13.0,0.1966,0.9205,0.0453,3.0,0,0.050581622591874466
033b326004c92942e2bdbdfc5e90972858b6417059cdefa5beac4c9cc96a810a,3.0,0.2055,0.9835,0.0907,3.0,0,0.23720656385235667
033b4ecdb6819436a90e46007141844fa83080be50b0fe30c72ec0e4948d7623,13.0,0.3701,0.4412,1.6914,13.0,1,0.7671592504351815
033bb5412ce65a0bdebbbceaf4a05e24121560cfbe85ff7a540029f211846f53,13.0,0.105,1.0142,0.0642,0.0,0,0.07551375450712289
033c322c271229959efcdbce9d926a9b6462fc896f355a33f34b39f9d35210ae,13.0,0.2238,2.5414,0.1956,10.0,1,0.6140721393975799
033c8e50207229756c62cc241bf88e2a25c59700db7535c0981e890fa4f171c6,9.0,0.2445,0.8606,0.1802,4.0,1,0.592884627541395
033cac4465cb10e4f447a6088ecce595c5d2f0692b4eafea01d6c0d3024beb6b,13.0,0.0502,1.334,0.062,8.0,0,0.0513933515333493
033d1625a549ad19f6c2a371429e356b5adc42278344b0446c77d50b9b148dd8,3.0,0.4346,1.2516,0.3637,2.0,1,0.7066835607106043
033d2b221b4434e85ff23deb053d845f85834bd7625c9b1ca2868965d9a75aab,13.0,0.1646,0.8655,0.0551,4.0,0,0.04439013404070487
033d578bc88e0c0b05dc2a9d68cbff9e81aa3f299276b30a0cc96ddf93a082e7,13.0,0.0479,2.0194,0.0347,3.0,0,0.026735708193423288
033d5e2db8b7d56ae8ad708f3cc29c2fc531999f188b22e4ac9eca0f6201eac9,13.0,0.1808,0.6636,0.047,2.0,0,0.04076065362511851
033d90c9415f4e98da8a0bedf63ab8d7b0eefc63966a695058d5235c5f0ed794,13.0,0.1904,0.0,0.0105,2.0,0,0.03586591504263685
033d970a0f8ab11ded0636f2b2d18a1b8084daa465239daa6096822b8c558b73,6.0,0.1424,0.986,0.1171,3.0,1,0.22907548176355802
033d9ba79c46998a796a03aea43509aca614b130a8fd26c2da3867f2629f8fc8,13.0,0.4079,0.5075,0.2335,7.0,1,0.6197835690075454
033dcfb76ea31076326b5e36d7e94c6d4566f087668092656cec40c4f6a2b03a,9.0,0.9417,1.3387,0.1547,9.0,1,0.7378404515319609
033df7f94d6eb260c4f5ebbb775ec54ee7ff8b8ecfd7aeb4ef0937550474499d,13.0,0.1433,1.0982,0.0468,2.0,0,0.030934281941025585
033dfda509004c6b8c6cb99048b54fbc1f6213cb5543a2b80a81a4185b23b652,13.0,0.246,2.5854,0.1634,4.0,0,0.6135793623474111
033e0b4519241baaf693b57f700108ca9fe85e12372ad87e8b1023b87dd9d858,13.0,0.2422,0.7143,0.5689,13.0,0,0.6127733180275352
033e2a693f52fb27580c6501d08cfbecc69cf7367f8953a89278c9456fd93218,13.0,0.059,1.8482,0.2054,4.0,0,0.3760590522550945
033e504b6bf79a6a814c4f7b95fe1d9e12e0e331b8a2208a9f3cecb17a8cfc53,13.0,0.0843,0.6906,0.0271,2.0,0,0.018818036873162476
033e50f7e29d01239a9107dbd158d16a3c979de16274e2444d9d492ff9f5aa39,13.0,0.1208,1.2767,0.0365,8.0,0,0.018895707551420015
033e67cb9c3c0cd2fe36d12891ccd989c167483a55259a0bcb7d87e223eb3259,13.0,0.0,1.0,0.0045,0.0,0,0.019980332496187008
033ec447a4b459b28d2f8dd25e0a8628e2c3dc1afc1cd3a05be07f146e33970f,13.0,0.0,1.0,0.0081,0.0,0,0.037720949013385574
033f0ae79b451510a9f9297ce7f869f62aa090d4aa84e2a29c477c4afa6e3f2f,7.0,0.1235,0.9809,0.0234,0.0,0,0.050693160134170426
033f0cf001040b2ac96182fd52b28d280f382e0b41e9e025e3c6fb83f1c2838b,13.0,0.0,1.0,0.0064,0.0,0,0.020263886945132575
033f2849f567943ddec51a89b9c49d40ca2fa38066709bea34f2bd784cd67461,13.0,0.0136,0.0,0.0051,0.0,0,0.01569832901850119
033f5c92cfd92c133102046b46a41da03063aa25d244265cad88798db005827c,13.0,0.0,1.0,0.0074,0.0,0,0.022280945636023855
033f678d407e7d944aa65f50259695f9fe044a64a8d1f7096b74fead07d6d14d,4.0,0.4702,0.7656,1.117,2.0,0,0.6815715465238228
033f809821ba13cc1c9759dc08cdcdd628a4cf20c561f28f644405846064270d,10.0,0.2884,0.5995,0.1254,3.0,1,0.5286292795680761
033f82a90689b2b83a0f54cc07ce3e587130a45f0eb0bfe8a5c58c5ec03f90f7,13.0,0.0973,1.1193,0.0268,3.0,0,0.019192359417411632
033fc85a245606a36d787063364f34bc2974a40b50aff60ae1705b4f8b77fcfc,13.0,0.1029,0.7767,0.0233,0.0,0,0.04786393305443034
034006d873bce231f7c3ed7bf206376d6e1ca7f85c0419adb76276f91915a5ba,9.0,0.1403,0.9239,0.0243,3.0,0,0.019356857483136213
03401d3449b1a920eac96dbf21c539c97cf0fd529220e11c3cdf446c31d9c74c,13.0,0.2476,1.7926,1.9056,6.0,1,0.8212298576926744
03402dbdf644923ebc4bb195074fa9dd97f712324fb8988e6e99e02db44c4d45,13.0,0.0,1.0,0.0061,0.0,0,0.020263886945132575
0340325bb1cfef4947b739464daa4a9aedd6e8a7e2cbcb8dbe9d2284559f7534,13.0,0.0911,0.947,0.0714,9.0,0,0.05512907336403192
034051112d779bb8f138883d87af70d322a2cb16c729e79510ca736e9624bbe9,13.0,0.1129,0.9651,0.0668,3.0,0,0.05166776255606418
0340b575bcd3ef686b9e5a44048b33776ca3a6d9b3c7a24eba1bd9e92b1e4acb,13.0,0.0921,1.2065,0.0275,2.0,0,0.022105759467290927
0340d2d354934b2fda3289baaa3228269aa391c4e169f6ce06025b9a9ec2721d,13.0,0.0986,0.0,0.0275,2.0,0,0.019868985433310903
0341200b9c0566b6a05816c2d3543738a66138fd279a6315033bf86dac491321,13.0,0.0,1.0,0.0043,0.0,0,0.019980332496187008
0341383343f76d617d54d560a85e656f8ec0772999be4c471418c290b1ee6ed0,13.0,0.124,0.9958,0.2046,4.0,0,0.2187545038674513
03415be8d46f59f431a264dacb692accf0969a482c84618ac98f4990fa760b1f,13.0,0.1373,0.0,0.3695,6.0,0,0.2645566910950944
03416141a5a9fcb9d7caa64b9daf12711366d4bbd0badea735aa91536bb9a52f,13.0,0.4215,0.9167,0.5067,10.0,0,0.6992728864956664
034168faadd84d6166e9c495d4ff8150f706a196e493d6f6c0140b11da001fce,13.0,0.1464,1.0085,0.0759,2.0,1,0.16608613138550346
034183af29d39c27e0e765cdd273944968dcb599386ce17a245ab2471828ff4e,13.0,0.1084,1.2139,0.0133,4.0,0,0.017607183928857423
0341aa5501784f82ed7ba924cb57a4ba0ade0a6be97034000dd40f4e0ff09b6f,13.0,0.1234,1.2903,0.5548,4.0,0,0.3094450537315513
0341ffa541d3287302a94090a9099f15d0c135db57077eecb5784d56bc21f832,12.0,0.6775,1.1392,0.5561,11.0,0,0.7169046471647637
0342273734ff9951afddc0fa92d24d71d689752baaebd432276cbe77e420b68a,13.0,0.1516,0.0,1.2503,10.0,0,0.6397629679571354
03422f5744b95036fe466916a6ed0f22601407235186547544a7e37c4c3a0cfd,13.0,0.2276,0.0,0.0246,2.0,0,0.03399832892654087
03423f92205c8b2b77d5fed214880a81069699b8876fbf746541591bee3d6efc,5.0,0.6613,1.2481,0.2196,3.0,1,0.727087668845757
03423fb183c683b75cdfea8da4270212c92591b7421d0d5fcc713e5fee8d718c,13.0,0.0,1.0,0.01,0.0,0,0.07447578192254842
03425b4175c5e744ad9748b6723621ef4cf8ca84c68f79bccf0af5e2d4b563f4,13.0,0.1971,0.823,0.0785,3.0,0,0.11873036589186031
03426ab74c01849ecdf1046f2017c5b736f666abaceebea3ff369c71d332fe99,13.0,0.1641,0.9014,0.0928,7.0,1,0.21002787597109063
0342831b20f62d218c73c070aa8352c555d1976952c5cd33321e782106756559,13.0,0.0426,1.8024,0.0241,2.0,0,0.030472368746149222
03428dcd3a925d3a9422169a4bd16c573674459df022c27bd79aaf311758339f,9.0,0.8594,0.7589,0.2399,5.0,1,0.6918436224932943
0342fdb427889b6d9310cf68b55f408f9dcd3b793421d9c64289bf4c1982ca79,13.0,0.1561,1.0003,0.4385,5.0,0,0.41689169135620396
034324612fbcf30579a752b92af3e1b030ce5d8fccdb0d0bf69288177e184ac5,13.0,0.1584,1.0156,0.0254,1.0,0,0.02614944744623146
03435436e1432e3ac572c04a7ef48cdfeee96347701682737a13b988c8896488,13.0,0.2158,0.7471,0.0525,4.0,0,0.05430875496428799
03435ca983e96f40bf72ed072ae9c3481701d239c2f4dc8001f39540d8d50ad9,13.0,0.1388,1.028,0.0661,1.0,0,0.05831522606581423
034386a6673272880d74ae7357178732b2a8ffdcfc0071884f5e9a8dd858e462,13.0,0.0,1.0,0.0082,0.0,0,0.037720949013385574
0343cb44d03b5495bce546aa61e4b9d22a104a75aa7de4be2aa85c848e15e93a,13.0,0.1434,1.0046,0.0963,7.0,1,0.2304550971913486
0343d41ce427b5f4ef17f2c65e9f0fd898e01cc4230b3eab31bd1456dca2b079,13.0,0.0383,4.4116,0.0066,0.0,0,0.0704008906744675
0343d5f8b2bab4c50d258e7b094bc9200b887596cb5bc0ded727220313838eae,13.0,0.0,1.0,0.0063,0.0,0,0.020263886945132575
0343f47fb09f6f9671f2bb45950de4b476c8a4f36b6b1afc143e9f191537d05a,13.0,0.1212,1.169,0.0247,7.0,0,0.019943905498402314
0343feef075fe9a58d4ecec27d4351d02dd54d2ef7d2f0ea0b91f472559a084e,13.0,0.3453,0.4961,0.0195,1.0,0,0.06197941538337934
03440d53dd0e25d31dd05566fa3366819e3b05146f624e666ca23141059d151c,12.0,0.6534,0.6235,0.0841,0.0,0,0.404834270198571
0344351f4cc891e7bc602d5d1351600293e98095aa1ff5694424b92577dc7006,13.0,0.117,1.2398,0.1303,11.0,0,0.1631205703268984
03446bfe979932e32429984aaf7a6fcad85ad8561c5af83f55bcbed2d4529475,13.0,0.125,0.9114,0.0841,7.0,0,0.07150799449491083
0344a6da5043f3840a713d34cf51216d1825371346e263ebf588d97df3246d94,13.0,0.3849,1.5076,0.1952,2.0,1,0.6420185851640903
0344b30352ca55f6361215eb64d9c470a8486482c3112e23ba1db21498f56ced,8.0,0.3519,1.8232,0.2515,1.0,0,0.6459351517913332
0344cb17cd9e2b07ce83b2ad784b0931a861ce960d06bbc91762f013a28cc665,13.0,0.1278,1.1484,0.3277,4.0,1,0.34848821521888423
03451c3a76686ad48239e6340b9719ea17d374011cc0eabb7310f5e8ddb7c117,13.0,0.0,1.0,0.0067,0.0,0,0.02219398911428473
03452680808a34ef2a6d543cfdc25416222702004a33f905d6ebaf247f53b17b,13.0,0.1568,1.1463,0.0614,2.0,0,0.07724013137612266
03453da78c081fdbe80eb72754645ca0ed4c95b0d5d5493f44c2ac60afd9a3d7,13.0,0.1354,0.8333,0.0375,8.0,0,0.021261763067800702
03454bf90699daf1cbf1ed7fec4e80a1d37c3a04e0584097b386d97f15bd60e2,8.0,0.488,1.5711,0.1096,3.0,1,0.6576328423205107
034581bab5b1998c08cc59445cb4eef1e940b8b64c6f1c8e24ca9b236b5b7e72,13.0,0.9317,2.4899,1.7619,13.0,1,0.8385095503716442
03458258d732e81bb9543d80d16871faf6b84d149eb3e1ff9fe25524d763404b,8.0,0.0,1.0,0.0056,1.0,0,0.0232289663352012
03458f558f948b6c777f71f3a8dcff915acffaa5ec04fb45c0a2de95833c0553,13.0,0.0,1.0,0.0087,0.0,0,0.0668791263085046
0345bed9939f8ef062d4d9d3459b631c79b0d83071d509581f60d81897a48b1b,13.0,0.302,1.274,2.3694,6.0,1,0.8474275213550816
0345de9f627a37700583b3427a6cea3bca21839ead77979316ea8e58874ab224,13.0,0.1689,0.0,0.0104,3.0,0,0.031840160537626366
0345e9651ebb28b9d9e93cb2bc63bd4d21303c1d927f303a95873af21aea018e,13.0,0.1329,1.0255,0.0304,5.0,0,0.019476958098832778
0345eb4af36d442b34c6c98ec820425377e1d3df3811fbb4b4e82dac6a1e3909,13.0,0.0,1.0,0.0069,0.0,0,0.022280945636023855
034638f9c819a8f5dd322ba3c850371063bdf7e731a192022852784cb6ba172e,13.0,0.1093,0.8618,0.0152,1.0,0,0.0227699771431325
0346a0dc95becf93c98ac6396f23df115d6dc596a72d68cab2aa5fc2fa3ef996,2.0,0.0,1.0,0.0074,0.0,0,0.022280945636023855
0346bdad98e9517f2fa9e9454de347be118c119be11b88a1cce245ac20d4f3c6,13.0,0.1207,1.2725,0.0342,3.0,0,0.019663142306247442
0346e90fad4009a69d9ea317b3d32d5eb885a38372038f36e89166785bc219fb,13.0,0.6183,0.4538,3.808,3.0,1,0.8651139892432377
0346f39ff12efa3e003bdbf48f14bbe8572502044f64a83e39e24c60fdf2aeea,10.0,0.3446,1.5855,0.223,2.0,1,0.6322890681191491
034735dc1f6beb0239223b6876455af2dd60df81276ee2d8246eedaefed7f5ec,13.0,0.4043,0.718,0.5262,4.0,1,0.6997171069085754
03473889e6166e0e24b07df38d171f865a5d44e917e35c40c1d3d548519553ad,13.0,0.0,1.0,0.0062,0.0,0,0.020263886945132575
034789fe8924434c647f11b0671d4b119a99a8423cfabb6ec59b7b8a981737ce,13.0,0.3004,0.6907,0.1587,7.0,1,0.6025181245362959
0347c4ba2f686c251d09df1ce48d75b393edf0a1dd5bb04e3ef92eae6651da4b,13.0,0.1977,0.8605,0.0844,3.0,0,0.14311930685419705
0347d62d1e1457b8ef3b29adbf5e90e78bce7b38aae85f779ec85132336a7e1a,13.0,0.0951,1.0174,0.0247,13.0,0,0.024339950034221448
0347e5196aa433c753a8d10369413a5586b6f917c6a0af4e9627a25b8a642fad,2.0,0.1592,0.9877,0.5817,0.0,0,0.39874870588433536
03480d10ed4daf277717f7a44cb0be8a1a8a6a2ec2c36ea2b48328614d7e127d,13.0,0.2657,0.6204,0.3217,5.0,0,0.594256111582649
0348193fcff095ad15e2cb926c9bfc0cd93b2407ac969c69e317b9cf084815ca,13.0,0.1493,0.6021,0.0295,2.0,0,0.0225064995313519
034854efc6cf06feb3889f8a8f849ece4cadfd091ada14a920fbd213fb8965e1,13.0,0.0696,1.6663,0.4712,4.0,0,0.38835719354881404
03486d97aca13d00a2ffc7e5f944d34cf87a71e9e838a620415af2f7fca683ae,3.0,0.1484,1.0052,0.2134,1.0,0,0.3051437950735299
03486f5375a83dea10817705f01dbcc764b8614f742c4725c9a119d0c37fe0d5,11.0,0.2021,0.7624,0.7071,2.0,1,0.5470695179054712
034880d8e7fa1e26865463286bff7ddecb371d56419f945f43d85760573e075f,13.0,0.0775,0.75,0.0174,1.0,0,0.022892044767834064
03489cf87a76b3d5fd32d421e3c7f6e0c879270847b87a68e7c26d4f1a11d45b,13.0,0.0113,0.0,0.0084,0.0,0,0.037455624189623116
0348b220d1ea5817a3bc83b49526070d25873206bf123522c04aa7d20ac2d2e4,10.0,0.3503,1.6134,0.2118,5.0,1,0.7076521921121652
0348cd4a58ed9ec804eb01dbdb17992bac7236fab7c036d713d3c703857e4816,13.0,0.1483,1.0221,0.024,1.0,0,0.027157689453104594
0348fde7699021c7e8523b37255ccb5f5c80b47fd6cd6e7a30d94ee326c114a9,13.0,0.2161,0.0,4.6085,10.0,1,0.8448586390688653
0349557e49e396af5386147f997b84e7d3cb56e6aae4d81f2b86bdee8ae7b532,12.0,0.6231,1.4615,0.0484,8.0,1,0.41727362528855344
03495c26c61c9d49c541c4613c37317a24024a1af532b0908aea9de4fe45536d,13.0,0.0818,0.9975,0.1716,2.0,0,0.1737032213691844
0349a32e77163495c05bddffd99019437a37d7613c921d6ef1164bd56d978a39,12.0,0.1899,0.9813,0.2406,12.0,1,0.5204521697733755
0349c2ab66012e57ba948dcd8579b464be5319744da2aed577e0a2ec71216456,12.0,0.3534,2.0261,0.4306,1.0,1,0.6981349039753206
0349db896b2766234fa0dc0517b7804df4ea61d03452f6f75a08edf78497897e,13.0,0.1589,1.4816,0.2382,4.0,1,0.4956209451413239
034a3b50227e9c507563b7d4a1536cefbcb34e64a8e18b183b3794a4e5d54526,13.0,0.1817,1.2216,0.026,2.0,0,0.0339484526315419
034a48f724af07d2f394cd44f01ce1609f5a293fc419fa7e2ed563926151bf66,1.0,0.0,1.0,0.0117,0.0,0,0.07704350507592042
034a59b16bfcd1f17cfe6881a47164013c44b5a9633ae769023ad545904358c5,13.0,0.0,1.0,0.0053,0.0,0,0.01978947117409603
034a9ab86fd5032c3674bb50b059af8f197162ff38ef8454d71b0b1c06c6c257,13.0,0.021,0.0,0.0069,0.0,0,0.01769300875936031
034ac096c1aca9150b42bad8865ffcbe251c2821eb6b4218b38f1e3b7dcb82b0,13.0,0.2012,0.5492,0.0063,0.0,0,0.0395151545147183
034ad08beae7b8b727cb92337a5c79bdf8fb4431abe8d46434af8f9e7a99215a,13.0,0.1809,0.8214,0.4726,8.0,0,0.4047582459870974
034af02b6aa73dbbc6763bbfbfe767175fa374785fc90ba10b70563f51370de5,13.0,0.3238,1.2771,0.4757,6.0,0,0.6944281493040849
034afae656d55b419e78fe827f195b9e4b1fb7594d6b0a426f04d856d7959ead,13.0,0.1466,1.5959,0.9325,8.0,1,0.6507100072380431
034affc9ac7b528806ac23f604e538ee3ba9103e7674da1591594fe27c9a2155,13.0,0.1414,1.0802,1.0088,6.0,1,0.5751151534670101
034b066577f00a23edceced2cbe31b811eb8d31f7192b40dd475badbb5afae5e,13.0,0.1546,0.9757,0.1422,5.0,0,0.24101114113557773
034b108981f407e983c23b99e75e456667f4a868dcb361978cac1a16254f2315,13.0,0.3385,1.324,0.4491,2.0,0,0.6419461400084533
034b4b5d03f3e09e0d0e039ce7e8748aa060d6df5b2b782496e822dae74f1275,13.0,0.0838,0.0,0.2445,1.0,0,0.1651850763068561
034b619bc38c13adaeaa0bbfbd18671470bbbf92155f69c06bd41f069f85c17f,13.0,0.4723,1.9074,0.1906,3.0,1,0.7253551818128902
034b9e81da98d2d9f4f9804cf5620512a121d0658b17a1faf3573b7d7e88d021,13.0,0.4088,0.8331,0.4212,3.0,0,0.6848741744012391
034bf70a3d1d9bb0babb529b3cdf8620625faa6c4d857d3029dd7d50edc921ec,13.0,0.164,0.9855,0.027,2.0,0,0.025516430787672448
034c06076d79fc3a67194d2520eaefe0eb40841d0a9e7b226620a47287bcecd5,13.0,0.2753,1.0937,0.3283,7.0,1,0.6159991527616818
034c0bd550eecba8e5309730f76d5b6a31e94d6b9f97ecce8db19b9759f1c60d,13.0,0.1705,0.9929,0.0639,3.0,0,0.0905977099870118
034c29f6a39e7b74f65512fab891ca0cdc6b088cc97e02d46a66dbc68d9d871c,13.0,0.0,1.0,0.007,0.0,0,0.022280945636023855
034c4b86dc01a50335e76b51295b56e5fb873f4440e86df244280b17a0a51da7,13.0,0.152,0.9508,0.9344,3.0,0,0.45482877981664593
034c712b1c103a7e7c14258ee2ac2b92e42b3b98f35f3b7b0ce54b193de09f9b,13.0,0.1023,2.617,0.0164,0.0,0,0.09625280158629317
034c823807167d7802599b7c08c76591fc3498ca566466039ecfb7cfaf0b1b7b,13.0,0.1365,1.1149,0.0354,6.0,0,0.018742473128879986
034c869dfeb735428d34d23cadd90a0216197b6f1879c4a4302217599f532af4,13.0,0.3126,0.7351,0.3682,0.0,0,0.3731008777014575
034cc5cfa6713c9466a256c9127f5ca87111a1f3c10f992eba18c62ab7aa6bf6,13.0,0.1882,1.1809,0.96,5.0,1,0.5890150056320503
034cf714a559feca8a7fae8d143451a875c0683f01337cd11af5aa4e0869658b,13.0,0.1755,0.9656,0.0559,4.0,0,0.053600622980181936
034d13f5d2eb502a6cf12539209483858dff2a29ac13c899363f37d50144e5c9,13.0,0.1546,0.9937,0.0226,4.0,0,0.020848463467914274
034d26e79b238320912df57a4bdc575dc58ef5fbdc5f27bb1e223ab3c5113203,4.0,0.0,1.0,0.0044,0.0,0,0.019980332496187008
034d334333fe3602741efa945c9c1ad04f05d3462057a27d7dbde4c7dcfc0b0a,12.0,0.2019,0.0,0.2603,8.0,0,0.5126038570765853
034d34f0d827fc8344a766936180af87095f4dfe3795ceb3adb0ecd710953ad9,13.0,0.2489,1.2726,0.1295,4.0,0,0.5365446424917601
034d640fb6550f609e078375ac8e8b62dc7779f2fb3b40b2ba22496f87d92e0e,4.0,0.4395,1.0623,0.9087,3.0,0,0.7263442528725638
034d6f55985c8958dc082bc51d912cf496f1d80c7d9c5d8ca686f14d1f099781,13.0,0.1397,0.8997,0.7015,3.0,0,0.3718086601681466
034dd001c6bab893da533d8dd94a9b22cb9d12eebbca0de5a3ae9b43da7fc336,13.0,0.0671,0.0,1.482,11.0,1,0.6917372569590822
034deef57fcf796be2109e923f3e124ee571a037b2663a15a83082052f94c286,13.0,0.3124,0.4738,0.0243,13.0,0,0.09263051080356977
034e3cd883a99fb0b3750518e1f3da49245b02209853634821c630bbb39e23e4,12.0,0.1289,1.1457,0.9651,2.0,0,0.38848923059565527
034e3e1250eb5910e02571a6213dc1624e6f41b15950e52b85ce4cf31d0c2d5c,13.0,0.0,1.0,0.0094,0.0,0,0.07006471872599379
034e3fa16bce9a035f2b72f8d2ceaf7c7422cc1c0750ac80165ee15ad3b3e3a4,13.0,0.1525,0.9794,0.0464,7.0,0,0.030604747498871848
034e523505f8125c123188c5080dbbff68b86ced704aa8d8a288d2b0e081301c,13.0,0.0112,-0.3114,0.0345,4.0,0,0.020215653236484412
034e5cb6e5e2c2fd39cd021b895956565072c7fc87101d4aab5addc2e1fcc346,13.0,0.1393,1.1947,0.0756,2.0,0,0.07320215977440517
034ea34484d793576fca22d156eca6d08614390f4be6d59620bd390c8bb512f0,13.0,0.1596,0.7514,0.0601,2.0,0,0.07072946944201164
034ebb725587c7ec086d2d18cae2013c376409d9eacb2279c3a91e4c1b7695f1,13.0,0.1655,0.7849,0.2099,1.0,0,0.3412623946132131
034eef278936daa7be5cc881e47fc22c1ad5ecdbf02a90b28f090a3b0cd56990,7.0,0.4524,1.1974,0.2248,1.0,1,0.5789459330010671
034f4b1d20245b9f30d9947ff00feab04977d910e9248e7f4c4d3780e03b00a3,13.0,0.0437,1.2622,0.0423,5.0,0,0.019670699626633023
034f53fe12b9c13351934d4c45fcd7788ec19df33d794ea681933ee368156c59,13.0,0.1489,1.2749,0.4757,7.0,0,0.4763026104292909
034f6bb72f8303a56c266e18117239a3dd68557e1f74729f40a5e05e5f2f9e57,13.0,0.1542,0.826,2.2386,5.0,1,0.7406614325498299
034fd7b2eb3bdfa07a29b84342fd5c0c3e66d1b817bf4e7fe1af6b2006b8229a,13.0,0.2245,0.7715,0.1691,1.0,0,0.5293517157668358
0350280d9bedb7a1181456bc50a919577d6f7f240fd436de5a2e65ee03506615,13.0,0.0895,2.1436,0.2869,4.0,0,0.3964672286664739
03502adea8871cc4373015e81e15254dbb266fde78ed9fbcfa7c6820b8246895,13.0,0.0861,1.2936,0.0306,7.0,0,0.020740577202902545
03504216d3559f3f9cbce2ef36ea89d68bdfa71b2b66d7a43b35cb9a3ef27dbd,13.0,0.2222,1.0942,0.6994,10.0,1,0.6080696217297138
0350548bc572eab7b6167d62513e457044ca676b85d6bddda657669ca330251f,13.0,0.1353,1.0952,0.0167,0.0,0,0.056342211262963675
03505886e6be9edf67c0d4ac0801f1a010eb87f636707311ad5467e1cef52ea7,13.0,0.1681,0.9977,0.1413,9.0,1,0.2643905870215882
03506c815e2df709b8ac5e32b061d8c1a491fb7241943015884d518257c6bbd4,13.0,0.0239,1.3536,0.0146,1.0,0,0.033581128549692925
0350ce01c2b8cce003311943083d99bbefd273d73ed256bf413b7cb7a0cdfaf6,13.0,0.3448,0.9402,0.8441,8.0,1,0.656629915340844
0350d9de1f8224a8052a83707cac3d016367c78aacba21c0f278fc87afb16817,13.0,0.2074,1.6128,0.1119,2.0,0,0.3630420202321634
035127d8bcb50254e173bc9ee62b59504dcb20dbce5fa7b481487d983e8ff301,1.0,0.0,1.0,0.0105,0.0,0,0.07688026147883344
03514847c1668d110cb118d3ac317a3bd3d890fda834629d0ba2140f075a35f7,13.0,1.4964,1.0065,0.0947,10.0,0,0.44792138819751015
0351a5080acf68bdb47d231f668d955a19a9cda956e6b46cfa011f21bac25db2,10.0,0.3425,1.2776,1.0424,7.0,0,0.6849499236946915
0352674825a960f1f4c53db193f6c58ab22690825b80103e1ebb59187039c9b2,5.0,0.1705,1.0133,0.1826,1.0,1,0.38131787864567374
0352988ff47af68880f873f4c4c3fa8bc272c0e775da815f7deecafde7f912dd,13.0,0.4895,0.9479,3.3606,2.0,1,0.9071192663465042
0352b33155578652f9577eb585803ec7b7e513020076373d21e8aad9d72fb0d5,13.0,0.0976,0.9438,0.0943,8.0,0,0.08434975156937885
0352c9c279c7e0c0f695c1151b570c3679b76e3851b2d0c0e1cb677b817b34c7,13.0,0.2949,0.5738,0.2179,4.0,1,0.5934590165180764
0352d3b5c8f4f03ef48e8f9c101a6a3cadd01717022dad7526086484c488dc17,13.0,0.336,0.748,0.0294,1.0,0,0.05638072586442783
0352fec7109c17ea11bb0d7f8b6880e647f5fcfb97c786aaaf73e4fdc2147a0d,13.0,0.1219,0.805,0.0572,3.0,1,0.07209108289589142
03532438445db5269ed5f77fbdacea1770d7e912500ce78c1880782c4c922d4c,13.0,0.1199,0.8907,0.3979,12.0,1,0.296113697882149
035341ed275f9075e3c06a317012d8ac13b9a4acb66479f2905d208f7ef3d2ee,13.0,0.2143,0.785,0.0741,5.0,0,0.12312624709419909
03534dcd054d9d7a79afecdd76b250a54b2f81f8c02472015ac1e8eb7f1e0a0b,13.0,0.6302,0.6021,0.452,7.0,1,0.7029228983774151
035358756fe4ee45bebfddf175b3c70fe6b5eb5d275c98824b3f6ebc8c514ee4,13.0,0.2549,0.5312,0.5926,6.0,1,0.5912218665796192
03537716da71ff42f1d5ed95ed485dc97535da94610eecfaca8e2ea2ed64a10f,13.0,0.1409,1.1689,1.3978,5.0,1,0.6805861193900966
0353918ef891f161ba78d30cb10620c022caf9905283c32cadff43d41c54c3f4,13.0,0.3806,0.7147,0.7242,4.0,1,0.6928253843237112
035391918cc09651bc2441921045e711280d4ae37448555c7b9ff1a3aa734c19,13.0,0.1756,0.995,0.0233,2.0,0,0.029072818804683553
0353c23f740d3ff9f57bea0b463f8fe73533718c4ce04613fa3350d97974cfc1,13.0,0.0,1.0,0.0063,0.0,0,0.020263886945132575
0353eb6a0fa1f999213fac9a644b44e633368adc09e3fb90bf17ceba3ccf0082,13.0,0.1112,0.9054,0.0557,10.0,0,0.03284290408190995
03541f48334cc34b054a853ca2b868812bb851a60cd17a74bf34384fa5812b1f,10.0,0.1579,1.5201,0.0242,3.0,0,0.02350278628042495
035438ced274daeff73e165f9ce6248381f148fc12889ee0f0b1a06d3cbf9bc8,13.0,0.1503,0.7467,0.0398,7.0,0,0.025800929142527577
035448f99795e57f2c5f05e26180e306e0d0bca7c77a50d1afab63b5cf1035d3,13.0,0.3563,1.0988,0.2994,6.0,1,0.6818981350763704
03547f0501085435f39a5932f2eb546bb5dbb30d41ae6cf54019bf98a85dc3af,13.0,0.0585,1.433,0.0288,9.0,0,0.023143218464829866
035487ffc6f5722e2259484c8efc4137a80994e669bc5ce221396ab48e43ae0f,12.0,0.1218,0.7901,0.1079,6.0,0,0.11577197983012534
0354b04469928bbcf2f7ae9c35612a58785612045365d64f318dd0687e170c73,13.0,0.2307,0.9092,1.005,2.0,0,0.589512883306569
0354ca655e3ae1c2d6464b0244ae3150aeacc55e33eca3e9abdf54e3ffad0bd6,11.0,0.0,1.0,0.007,0.0,0,0.022280945636023855
0354d8bec6cf0103c5031921b60e66c429ee3762830a5f6c2ccc79d1762d1951,13.0,0.0365,0.2687,0.0179,2.0,0,0.024494794988038294
035508f2c5088227336710fa13cfff3bd058d8953e98c3577bfc60417aa35c2e,13.0,0.1187,0.9307,0.0156,2.0,0,0.019931707210508784
03553bb86d9609912853f07f92cf97f00708e6c0f8924c576c258aaef5bc7ba2,13.0,0.1384,0.9951,0.0475,2.0,0,0.025007357536628375
03554780c569588e97bcddd632b92b1ff82645fcc253e7e4c83dc81fcee4f33e,13.0,0.2867,1.0384,0.4532,6.0,0,0.6420142677447164
0355540599318a0bec9ed03f8606d37a51a9d950c11fe59226f943c59afb525a,7.0,0.0,1.0,0.0049,0.0,0,0.019980332496187008
0355910093cce15ff188dbfe0f62ea8704adcc7a88f2f4bd610d897b4f5d67ca,13.0,0.1122,1.3739,0.0834,8.0,0,0.09303970020802863
0355ca5d79cbb8fc5ce9ba0d2f7d175e3ad4137d92cbb1b0954fa735f702ae44,13.0,0.2669,1.1233,0.3713,9.0,0,0.5956207807280958
0355f760704e1906fbb1a6966f89f3c67cbc79f5aff8f331ae4b9427a773c78c,13.0,0.2231,1.069,9.3867,9.0,1,0.8397870368246284
0355f76ba70e297123604a92a80938a24f3b100ae33ba8f06b42ed02593e8a61,13.0,0.127,0.9414,0.0382,0.0,0,0.06264214253328791
03560ab646db7a5b1c8629e33546731ad7e291f0048b8b36d948a6a90b897190,13.0,0.1454,0.8638,0.0709,1.0,0,0.08828208774777709
035631dc676c133abbba78b53b4ddf10ad3d2a0728361ed9ae07dba435e9d70d,13.0,0.1405,1.1851,0.0316,2.0,0,0.023728407915749185
03563bea39334a7a6b61a6a25e78c5c30ce1fdaa65fac99621e3891b3bd0d91a,13.0,-0.0005,1.0,0.037,10.0,0,0.03313129543742295
03570c377b86100c5fb77f4b42d156dc139ba66eda26afd1ca8115c8719792a7,13.0,0.3788,0.6663,0.0984,5.0,0,0.3630283451427881
0357401afdebefd6b0245b91578c1cdcc07cd0367975a309e6cb60c7fdfb4d32,13.0,0.1394,1.0103,0.0523,4.0,0,0.023088063842141553
03576b9cc8edb3758c0d1687b9fb90faeec6d72b69ed3e01dd14ab8dd1da9211,13.0,0.0,1.0,0.0055,0.0,0,0.01978947117409603
035774f418366daa888b7b7d4b5651110c032c725b51af6a57485a8f27f1c480,13.0,0.1113,1.0077,0.0197,1.0,0,0.02620410222347924
03579c5b362a1e5a83c85c92385ca3ebc083a2f75798c4638bbdeb2a60da2e38,13.0,0.1081,1.3982,0.0521,10.0,0,0.027768287900356094
0357bfe4658c5027690643b2cbd9395d4458f036a7e3d6ad9c15a29540be4583,13.0,0.4042,2.0033,0.3534,13.0,1,0.7803535496162388
0357d22f71503ec5d59bd2512a6abbc16c6d43cf7ab49648abd6dee2169d9c84,13.0,0.0877,0.66,0.0429,4.0,0,0.017206257609762052
0357e6720f4bf23c37cf0134f3c8288a6b9ad7f55a2ad8f69244ad34a9683582,13.0,0.0363,0.9502,0.1284,3.0,0,0.12199833673928014
0357f53b804befa727dd276199da6b584a4c545fe8baebaf2c0d46b7bf935a55,13.0,0.0895,-0.1442,0.1115,5.0,1,0.10375244100056805
0358190b22d221b9598abe651e13786544f8040a7f0bf5aa124034288a8defda,13.0,0.0168,0.0,0.01,0.0,0,0.046889754773173295
035827052cfcd5e362b39856f361e50ed67fb5a20d690566b646d8a638132e3f,13.0,0.0522,0.0,0.9792,11.0,0,0.41866351976488736
03584ffdd32686381e8bfd7bfc6a0caba0171651142716f12495e201ae5c62b5,13.0,0.3289,0.5264,0.1795,4.0,0,0.5869603518862294
03585baac9b1e33e6ae76acd41cb67177205c83b49c67889b72118438bac7203,13.0,0.1886,1.763,0.4593,2.0,1,0.5752383101110241
0359013ced07f73114e9222dab76f49881eaed78b08eece913a6ae03c4bfc9d7,13.0,0.1538,1.0325,0.0321,3.0,0,0.023975316063942178
03590c03697f3d38066aec9d834db3f8d4629b9bb149e6f9f56009f708f95dbf,12.0,0.4604,0.9852,0.4278,5.0,1,0.7194860813843452
03591c542ae2360e2bb77fbae85ae41eda25b0f948ebdae7f9cbf5558b183d01,13.0,0.1322,1.0552,0.0345,3.0,0,0.02143657284449589
0359355b40838cace67e88b56678348a22c3f6c8262b153aaae5faf019c60f42,13.0,0.1651,1.3127,0.0105,1.0,0,0.026371881331315416
03596694d4e80e8d3ff376073a4615f91e33d2903a0e67abc1960c40b857ffd7,13.0,0.0777,-1.5951,0.075,3.0,0,0.06712151791182934
03597ee7ae4c8e3ac5b313c20020b8527bcfc780465abb0283a632dc012c802a,5.0,0.1497,0.9597,0.1345,1.0,0,0.18429549076182483
0359a2cf7ec2df635a44ca7e084f095d1700c3cdd46582cd45b2cb95aa21ecc3,1.0,0.0,1.0,0.0058,0.0,0,0.01978947117409603
0359c0198631a601702fbd055d5f6d8adb4ea8f94ec3b8d51ec73f764cc1b352,13.0,0.1674,0.8143,0.194,2.0,1,0.3616003183067283
0359c84efb19ff749ecaf712229e5351e720456bea8f03a61ddd45de98ba05b9,13.0,0.0,1.0,0.0077,0.0,0,0.022280945636023855
0359e9cbe76a55d6ffb9c44ff77a31560e92a5115091ac143eb9f6ee87172657,13.0,0.1217,1.1418,0.0464,6.0,0,0.019540508312618186
035a5066a1fd72e9824ec19197108091bdf511c658765dc44bf3928766024ea3,13.0,0.0,1.0,0.0043,0.0,0,0.019980332496187008
035a69a1b34b03c8fdd1abbe50b4b417ba47dda9535281a064801eeac27e836e,13.0,0.2514,1.2378,0.2753,4.0,1,0.6261013816065111
035aa1f5751880ab225a7c0a1d87db3b9197f72af881692b2b5def05dafedc1b,13.0,0.1898,1.8411,0.0665,3.0,1,0.24552502339106
035aab0d6d56323e6710690a4d84a07c3ddefdf7079825bb6ace77db3e57d9b4,13.0,0.3459,1.0601,0.6873,4.0,0,0.6653029138575068
035acb30a7b105da66b77d24317dd0b70a47e54cbb739bf840bdedf0c009ede9,13.0,0.0,1.0,0.0076,0.0,0,0.022280945636023855
035ad088096bbd4dcc96f4031583315774bec828d32b399eae6ba87cd14b0503,13.0,0.2949,0.8691,0.0093,3.0,0,0.06563922416436378
035ae5305628ec9f7974224be2da889632604256dacad64c515323d15e32ad08,9.0,0.0881,0.4179,0.0858,3.0,0,0.0680994426805205
035b2d1114bad0c804b75f592206bda7ba175860d16b9222782e417b7a8c44b1,13.0,0.1277,0.0,0.1828,5.0,0,0.18128459495521512
035b66d62782e012ac2c5897d79bf99eff0b0d81a12726704106c91f8e31967d,13.0,0.0,1.0,0.0063,0.0,0,0.020263886945132575
035b84c1425a33063dbd543b991dbc24d006ffd23f74e3b5a73c243bf308c991,13.0,0.1716,0.9691,0.0099,1.0,0,0.029114660226923262
035b972b881d0499a96d777c1516c0400b539215d663c010220494f5047601c8,13.0,0.2461,0.0,0.9368,6.0,1,0.6315680218669484
035c177a8e64d5e28828f267aee2bd2541e74f17a2b5eaa2cfb29fce5fa08245,13.0,0.1089,1.052,0.0595,9.0,0,0.04671546158733867
035c4e2a90284320cf80ef3a32513d35620f75a8df7a872f427591693979669d,13.0,0.3186,0.5357,0.5112,6.0,1,0.6299201865593992
035cbfded847e375623fade72046745f86ac758d502660bcdf92569b99ad6a0f,13.0,0.0273,6.5641,0.0088,1.0,1,0.28560704095311756
035cdcc0a96ba46cec8fb68a7034e11fd728761b73b6e3a8672a376b930211de,3.0,0.2424,1.2262,0.1925,2.0,1,0.5649438309123207
035ce483096adf445319ed33aa1c9be58d0f15ba6aead64b7036292271505dbf,13.0,0.0913,0.5575,0.0267,2.0,0,0.018494380392317947
035ce736751948dabd160c5dd73cce762b0038d2884714de352f0bf7b0ca200a,13.0,0.2368,2.2489,0.9461,5.0,1,0.6572350251406776
035d10e26b149a0e6879328ebece44012e78e4aa5636202b4b5d3ddf97ffa4f8,13.0,0.1318,0.7693,0.4172,13.0,1,0.32870082163094266
035d142221209bfe1819d9c09c1140e9c0e78e9bb5d1954646e10d4e0f2fb858,13.0,0.2958,0.6701,0.3346,7.0,0,0.6380388290172206
035d281bc04bd626c89704ccad1a9361aaaa2d9420a5fb460d8b449a24ca5e4c,13.0,0.2551,0.6069,0.3174,13.0,0,0.5979222221738604
035d414d0be24336789ad4c036a764beee748264042b174cbd838739298ea230,13.0,0.1365,0.9005,0.0323,3.0,0,0.01879130121967955
035db564b8dd2f5a70d48fb05d0f373cfc0696b0a4893e53dad7f9f4e271c8f5,13.0,0.8966,0.7712,0.1353,13.0,1,0.6889685645962872
035dd6977b90e9a5459b90ff486c496feca923b44a9c19de0764a6a3c5af3207,13.0,0.2379,0.72,0.0501,5.0,0,0.06061400818081975
035de628a2adc076cc5e098ab28b41e230ac1a62b511a5502a55e9ec66cc3d21,9.0,0.4138,0.5464,0.2843,8.0,1,0.6800192112388277
035de96d983e4dff274feb22f90862939783f4a2d5742adc5d578fdfbb0496f6,6.0,0.1051,0.493,0.1687,2.0,0,0.14133476430851916
035e0fbe79fbab49ef354ee9b906aa1bced30c52f2aad641d1fec1c304fd3a4f,13.0,0.22,1.8519,0.3597,5.0,1,0.6206457886365953
035e310fe875da328a830b8d8f9582f344858902e23cbd388e2ba521d6fe9b95,7.0,0.1193,0.9489,0.0878,1.0,0,0.06649951195128992
035e6e9f134f8c8dcc14ffb706fd9e00f4f3efe6a283dfa2d1ca350493b72730,13.0,0.4161,0.4523,2.7711,13.0,1,0.8591421567657723
035e743abafc61943cdb80361c1aa48318fc2c5a359171dbb00a445088ddc292,13.0,0.0,1.0,0.0057,0.0,0,0.01978947117409603
035e9f70d215afb719fc68f1ee2607656875d4bc803ec6ad7591b632b0ca736f,13.0,0.0907,1.2334,0.0196,3.0,0,0.01848152913568213
035ebe9eabad6e573dae2c110f6e206147e9ae7e20a036f3e1c5cbf5d352835c,13.0,0.1401,1.1795,0.005,1.0,0,0.0168752194572063
035ed3be0a0e07b9c704c79118b5d1a9ebeaf48eabe8cebf53c232dfe1e6ad3b,13.0,0.1235,0.8572,0.0306,7.0,0,0.019760088709520524
035ed83be0c7a34cf1cbdbca0184787aa0598fb8759ab86237d0ebc01a96bd8e,13.0,0.296,1.1282,0.1661,5.0,0,0.6405349446985512
035ee9d034a84b0f6c3762a5551afcf28d422a2ac218c312b0e6566e57248e23,13.0,0.1125,0.9307,0.0297,1.0,0,0.02294672038095603
035f17c019cb9502a3dbc9506517951e837072656e6f6465666562b5d8a4e1f5,13.0,0.0,1.0,0.0058,1.0,0,0.0232289663352012
035f29b151b1bc0d168378a170f2f8e110af49a3a8a73094db9cf39f0142c690,2.0,0.2292,1.25,1.5742,2.0,1,0.7509696010487886
035f76ed6295419d706d13d7a6b722412945e17d64726300347989aaa4000c86,13.0,0.1632,0.7085,0.0731,2.0,1,0.10829128076562791
035f81fff8e2dbd37abfe7de31d6ac2c26c44750da3700c5b21d6831c2a690a5,13.0,0.324,0.7706,0.1843,11.0,0,0.6291102818533273
035f8f3bd8d72b52dafa0022204a2c1aecaaf9e1e74f229ca190e2ddaa3af54f,13.0,0.1778,1.3858,1.598,6.0,1,0.6755684230381083
035fa94ccc09a53a6e8b3ac058d5eb926ef170ed86ab1d256a82b49aa26ccfcb,13.0,0.0892,0.9584,0.042,2.0,0,0.022718987986100277
035fb008c583eb8aadd5414c8e594b58f599598f00fdc17488c15d46d17bb3f7,13.0,0.0836,1.2146,0.0472,5.0,0,0.01920142025670453
035fddb46899fa3d4432c899456c2f89e0e42a3d4a02b6887ae2814bf30d8976,13.0,0.1237,0.7414,0.0394,11.0,0,0.020617685036413865
035ff343562f066cf24c0810cd5bc0eba1bf1a916a89c340027d27135ac826e4,9.0,0.453,1.6764,0.1401,2.0,0,0.6352980582772804
0360074a24a7922dbe40bdd145b20861a9dfbacc7efb4f1fdbe0ef068781f2ed,13.0,0.2371,1.4928,0.5086,10.0,1,0.6192436234790314
0360233aeced782ef0a49796757bca9b046ab702ebcc7f276f2c9dff5e59a280,13.0,0.2413,0.7385,0.0234,1.0,0,0.054746635204498385
03603c6b720199e515b425fd50cffdaa187a4c484245ddc77fee9bb15e938f1b,13.0,0.1249,0.6087,0.0337,2.0,0,0.01916485866423099
0360ab0bbefb8bffee15ab2922442da1810364b1f17f7427fbb57ff96d9e0916,13.0,0.3022,1.3152,0.1883,4.0,0,0.681180420631674
0360f4b9bd7881dd46a3c2c3b845b6be36f9a8d699711f707fc9412d667bf374,13.0,0.047,0.236,0.0364,6.0,0,0.01941789410071627
0360fa813e722c243603fb14c65f13986c30a0ac06fd9ca71743597747994a9e,13.0,0.1807,0.9639,0.0777,5.0,0,0.18408308622375158
036150c5cc027b49316d90da85364d80c47ad1875e612962473ad26fd7e0610c,6.0,0.7528,1.0085,1.9763,2.0,1,0.8560687678426132
036182346a460f80a8c50af9b04167700fe087ce06b2d0dde713e2e1ca95066b,13.0,0.1608,1.08,1.9703,13.0,1,0.78424398161336
0361b90d806253823402d7a435865185f86842280e2fc07878dbfb150429a211,13.0,0.2454,0.9853,0.6238,6.0,1,0.6112048531136233
0362108e823c0b2bc0470af7a39b5cb07c66018ae1d952f8a6e310a97dffdb82,13.0,0.0979,2.1554,0.0125,1.0,0,0.04029975425401645
0362250f1856fd85de6293e402a56732b09a28f9e473e4bfe2bf902f0764dffa,13.0,0.09,1.154,2.807,13.0,1,0.8021538049320505
0362329c1b1eb8ff19fff23dc23325682573a123afa99e0536bb6b56bd58425d,13.0,0.1783,1.6611,1.7431,13.0,1,0.7608083094355758
0362407f1b0ad20cf3335bf35fbf098806433226631deb51f8a622051ada8c9e,13.0,0.1662,1.0899,0.2576,13.0,1,0.46358714297533077
0362467e4a257808724a54da5eb2eb081909ca21bf86e92486df0e6564ff53d1,13.0,0.0999,0.8242,0.0278,1.0,0,0.022423904492423805
03624716a3e4fbc62de857c22bb509ccfd6c4a9999b6d6237aa950e4530b5381,13.0,0.2339,1.1539,2.5154,1.0,1,0.7531845305765636
03627d0ca5d86e522fff7d218cd7b766f79d5e495cfefdd033e10156b1df9d9b,13.0,0.3964,0.6647,0.0337,12.0,0,0.08613928689822284
0362a8b8571a3415ea5142d42cf044e2a88d09bee2951ff8f112e54a625ba66a,13.0,0.1413,0.8602,0.1093,0.0,1,0.22160905016216403
0362baa876bc9b621a080a70b00984970ab176c9b94ba63ec16a24c4d9c839cd,13.0,0.3536,0.9727,0.465,4.0,1,0.6637124496044268
0362e6ed2c3fd4b4dc671633d50327c262a29d0b15a434922c62afdbb83c7405,13.0,0.1099,0.0,0.0053,0.0,0,0.016366500698900773
0362e8c326e8940b10a94d1708a0a53e131f6fe64df198ca64bbd52d6c5d4344,13.0,0.1299,0.7535,0.0376,7.0,0,0.02292364643559262
03631badfc3d1bfec40387125ca15f590335bb11779587305cee2f5560f28e87,13.0,0.1071,1.1088,0.0241,3.0,0,0.01889063441301207
0363256cf4f6fd8fa16fa67a76d3328d20ad9d54915471f608af411d39a84086,9.0,1.0102,0.5427,0.1727,1.0,1,0.5537680013698956
0363370815675c3de4d0ae7852233e8cf8a70f92fc826ff6a2f3bd303c73c5dd,13.0,0.0,1.0,0.0057,0.0,0,0.01978947117409603
03633d9197514390b31ed5acc8962bd73fff2e29c52bed6f0087bd881e5f950d,13.0,0.1527,0.7738,0.0723,10.0,0,0.0883954469013148
0363477e3963f80ad52c867aaf43def2737c5379129f064ad34cd8d964c01320,6.0,0.1202,1.0265,0.1139,2.0,0,0.10249999424786907
03634d9fc1617153b9718cd56596ab0c6b6776f32d03df7d86d58a26d6ac03be,13.0,0.2298,0.7361,0.0876,4.0,0,0.18109659843149642
036355b2a1be956359d7ba05d94698704206eec5f7aff7db7c459653f536fecd,13.0,0.327,1.8036,0.2848,4.0,1,0.7266464775944768
0363893d46ca1204781987a4a7809f56e7a791ed5f6c9eeb24ef839615be9810,13.0,0.4666,1.2152,1.0027,6.0,1,0.7590969607881284
03639bfab3fea41668aa3a8e22b2802b97c5d8598462ff19185dffef73d3cac5,13.0,0.1461,0.9441,0.0456,1.0,1,0.043693287178567596
0364489472f4f85f13f959e1f2ad815101723387396e45b68850ce6f89d6a333,3.0,0.4218,0.9676,0.0777,1.0,1,0.4063601581447476
03649e98759f6bfd4097e8d7ab59d25d321327eea8087fd511fc39dab62b855b,1.0,0.0,1.0,2.0947,1.0,1,0.7506361592655008
036556a99a96221beff4d131419e53f747cbef67ec1975df3825ea7f7f817aae,13.0,0.1577,1.0275,0.0563,2.0,0,0.077096474554698
036557e5c0f647884e8c52eb9bccef010018782f74ddae417741b2befb1e8ded,13.0,0.1226,1.0204,0.7074,4.0,1,0.3700325840344847
036562ce6bc9abeff0c55f7691bf5909704364e67e09cb81a2bb902f90ce36bc,13.0,0.2989,1.5595,0.0174,2.0,0,0.08148920326138487
03659dca348829c8b98ffd78b383dd04f98db1da5644893365d8874fa55a1d33,13.0,0.1261,0.5804,0.0486,10.0,0,0.021263076781487537
0365ac6afd85dea637f902185c5a2d7fd029a1fe20b6743c6a1b8e18c32ec6cc,13.0,0.1323,1.0474,0.3127,13.0,1,0.3737383293598626
0365b1194b605c12183c22dbc85a9dedda141065b9fc4f56ad1a7301d1e2b54b,9.0,0.0853,0.8511,0.0261,1.0,0,0.022747560973268334
0365c55bbb56fc96912d525625a1edace2aa670897098c8faf9b84f91521a5a1,13.0,0.1122,0.6212,0.0371,5.0,0,0.01626733455633232
0365db47195d6b301a932bea70264de5b3e062b01c70f05b4e6c9bf75a8b9078,13.0,0.0,1.0,0.0063,0.0,0,0.020263886945132575
036617ccace778d05b56fd2d8db6a14df5133d6f2b241f53710332f737d63db1,13.0,0.1762,1.3028,0.0353,5.0,0,0.05143839977441203
0366b9fdcbae0c1c89dc3adc63bd77c0ce3e2cb3d48cc6867ebf3b307a06eb6e,13.0,0.3271,1.1903,0.5176,4.0,0,0.6851304194909232
0366f0eb22c9fa1ea11382a01d5b64cdf3178a14a249fcf8a1d0616df84abc60,13.0,0.4909,1.2353,0.2278,2.0,1,0.670119915116145
0366f887d3f07c5d1cb20a7f3b221b2b913fc2c53f971fe9089b7e0ce039c911,13.0,0.1193,1.1219,0.0318,1.0,0,0.024466902738870765
03671404992903e73091df96ab1f814e3295ac32289569e2700a97edf8b732b4,13.0,0.151,0.8439,0.3815,10.0,0,0.37874458121490906
03671df3b7b1e7a60a5db28e0b2f41db13c996d30be403902731e953545b5879,13.0,0.1435,0.0,0.0068,0.0,0,0.02522535699348454
03673b486396427c4870386e84c0d6bef38f49e5f90c385833e92ca0f18f639f,13.0,0.4233,0.7498,0.486,2.0,1,0.6507241266905202
03673d940bff606b05e0fe88a5e2d128d1a362041dc5ffceeee92b2427b1c718,13.0,0.1521,0.9699,0.0655,2.0,0,0.08347745897171478
0367790a4950ad61e28b4c64bc4081787fea7b88a9a7c25a6b45e3fe8023c71c,13.0,0.0404,1.4189,0.0306,10.0,0,0.023143218464829866
036793b78590118277d4d8de6369faf3b22e2ede57c0020530fef0cfdc669403,13.0,0.1941,0.6672,0.2619,5.0,0,0.4651629993718891
0367b58bbeb30f867b7765f5756cd54b3551d8096b2d6f26392d033187940c29,13.0,0.1377,1.0235,0.0847,3.0,0,0.07861121285377431
0367f124699df625f638cfa35e79d7349b27844a18e487374ea29ab6ed380b55,13.0,0.2919,0.2072,0.5283,2.0,1,0.5332794863427043
0368078df6393a5ef4cc2c7ac6f234fa233d47df37d7c941880fe84ea354e679,13.0,0.2464,0.4939,1.8182,8.0,1,0.8164807915808123
0368122afaddabd93fb44174ade2707a6a6d46f8fffeb37e941a49aaec664360,13.0,0.111,0.9818,0.0237,1.0,0,0.024824865774526278
03684f010411a375b869111cf2cbb089b02eec20e56534345b26ab3051398055,13.0,0.1757,1.2505,2.5625,11.0,0,0.6650521698852678
036868059b6a18fa83f138c80de4729d8b3efd01c39ffa6ccc048c46eb01ce5c,1.0,0.2549,1.0,0.2659,0.0,0,0.3518506833334627
0368b853d7838ba0bad471fc997441e85f0d547f8b7e21e3f81a3729363318d9,5.0,0.4501,1.5277,0.2287,2.0,0,0.6516520438887397
0368bdb29cda57a3acfb8544148faccd28b96db1ee2579117357088bcfb32a0c,13.0,0.0536,0.0,0.0052,0.0,0,0.01572805593170433
0368e4bb5b8f57546471f3ba10388823b1f0e246c2f662e33441f2131787025a,13.0,0.3407,0.0,4.4543,10.0,1,0.8553149404629837
0368f1d3992415503e690a108447ecfc3a3c696111be6b065e666bebde2de6ee,13.0,0.1436,0.8702,0.6018,6.0,0,0.3988063916398559
0369092e267c4a921630ab0f2c4480837d56427959694853b18567c0ce58bea6,13.0,0.225,0.0,0.867,12.0,0,0.6084406225566898
036929ccf2f9535f1cbb389872762a96800cf841d9850902f14ee98e0ffa1f9c,13.0,0.1257,1.3244,0.0559,2.0,0,0.03388655961786308
036931705d1fd5d449b0cf668555f855f329ae1d67b2969a10dd03e0cf60f81b,13.0,0.5836,1.2228,1.6651,3.0,0,0.7737295436178994
03693ebfce4364fe49935bc2b989c7e301ae29aa160af83c56f7a1bdcd7783cf,13.0,0.1022,0.0,0.006,1.0,0,0.014285180025434102
0369573c11c4534fd6e54f300fe4e83fed5450f098a73fb620b855ee1791607a,13.0,0.1221,0.8252,0.0969,7.0,0,0.08651628576057066
03699f289d7cab0473c2055ecfe64bc2ddc2f3bb20317a180055583e6b2627e8,13.0,0.233,0.7245,0.6212,2.0,0,0.5553093705417415
0369a0e18e991a877dbb5530b9d4d5f2142a1dab73ca66f7c2bf156959a72b9e,13.0,0.1555,1.0361,0.0272,2.0,0,0.0255229603233198
0369a3641fdf69077a4559b33b3de7c110ee53c2dc8e4150c0c9d8486fb75a55,13.0,0.1198,1.1075,0.4097,1.0,0,0.24193067409432714
0369b39c6d8ebaa71d5d35982ae3e6f041f3a7fb5338dee4e6dc3c0577eb3d98,13.0,0.0,1.0,0.0052,0.0,0,0.01978947117409603
0369c175bc8097c638be54d68c54e8a4cb7b773cbe93099604637068ad936fa9,13.0,0.1297,1.3033,0.477,4.0,1,0.38385565821951056
0369e5e5d0112f7deeecfc8cc963572e3d8d0f69e98fa442588a7f17619cc7a0,13.0,0.0997,0.8064,0.0537,3.0,1,0.037956167266268874
0369f4640689a6b7c2a03d296cf903005a06dec306b99f7a72d326786a66f2a2,13.0,0.1131,2.5738,0.0076,0.0,0,0.06681827065010795
036a20145ed5f92257dd937d4aa83f150325d759251b6f975187bd3bdedb3425,13.0,0.1701,1.1886,0.344,5.0,0,0.4829345023535037
036a37941145c8d97907f15891c65d01bdff0e99ba34e6c8c99751d893a0fd38,13.0,0.4478,1.6992,0.354,2.0,1,0.75301546393762
036a4e49ebb3c74fd6676dc54559ffae359ddc7dddf0d46951c2ebe706f575cd,13.0,0.1682,0.9789,7.323,4.0,1,0.7821874635252137
036ade968229b334c3d06fd8f59682cd00245fbfd466c63be57ccf773da80352,13.0,0.1168,0.8327,0.0405,3.0,0,0.01910039275549358
036b004968e27b446865acd3ecdcf906b183e9356ec2ad47c23da3e8a706d5f5,4.0,0.4142,1.7525,0.0474,0.0,1,0.47880107473575007
036b1b4c68a736bb256a6b457dc4e27971c1c482455d683b2ca5a7184153f927,13.0,0.0472,4.3609,0.0185,0.0,0,0.09482656303073908
036b5680e255ffc7c6c36210fc70aa3f0c606a0084d32ebadd830b7220f2fb6c,13.0,0.1584,1.1264,0.0281,1.0,0,0.023891491596790368
036b5de5884cc3e3e425dfde9d30ac9b475d508822db944fca21badbc79ada6d,13.0,-0.011,1.0,0.0555,3.0,0,0.041611071990940295
036b8d4e695113854656ab6095ae13cb817403fb683b99459c2528fe08e1d5ba,13.0,0.2853,0.6487,0.0436,6.0,0,0.07886188473213376
036b98e2013684a31ab89bd64ce3309da0f70d605bdf5893ff8c0e9415385d8d,3.0,0.3589,0.993,0.2386,1.0,1,0.5376743168898692
036bb4236e2109b083fab74d9ef72546934a2f55fec620b93fb04346d779c7ee,13.0,0.2426,0.7382,1.9527,9.0,0,0.8195213885337697
036bce53876529872e1569b227ddf7ce7c42958bca68d6f5cbb0b3c49d57b6c0,13.0,0.0,1.0,0.0064,0.0,0,0.020263886945132575
036be1a063c12fc32759256fb2a59a8ab2a72e2d1ecb26d5df5f47e5342ede26,13.0,0.1688,0.0,0.8137,7.0,1,0.44102652984915486
036be53df9644a879468481b717464cabb7996600e2d42155513d52c6df08abb,13.0,0.0675,1.009,0.0491,5.0,0,0.021408679913737506
036c0b2abd93cf246b85e507f83f9eb7c0e7c6ab051821fc99587b1cb8d9d883,13.0,0.0606,1.552,0.0427,3.0,0,0.025491473714413012
036c54f4ae5f87f734a109d457e6bf6c1fdec093dbd30c1cea8e00c5514a2f1a,13.0,0.1409,0.9255,0.0348,4.0,0,0.018781313045112283
036c6870f66a3e010c3137cdee839ffecd4ca20c015825e0c412f98c6e95a478,13.0,0.1215,0.9837,0.0164,3.0,0,0.019882546055335903
036c747e08e1d4e973ee3a0f9a94f8c605d8f78d63a1a06c93fe6c7df5979124,6.0,0.1626,0.9491,0.8284,2.0,0,0.4143799336014805
036c78b4108a19a24aae43911e810c614a9bdbb6e23f9ccf3fc223e7de14e4e2,13.0,0.0,1.0,0.0052,0.0,0,0.01978947117409603
036c89fcf282678346d29b7a57a432b48744e1db672971f4f09309885537e7de,13.0,0.109,0.8651,0.3229,4.0,1,0.21647721094736042
036ca7139e1be6be11b1b826791b344e5d990b2270680976bf6540013b15df03,13.0,0.1421,1.0785,0.1474,2.0,0,0.19674101628298615
036d01cc94b94e36cb35fc2b5fd41aa45cb86171e5973b70001c51d370ff15f3,13.0,0.1183,1.0387,2.1468,2.0,0,0.6151145543605102
036d08bd15b15f50504965ee3ba008329e107de6a4641ee3099a40fd4bf9e7f5,13.0,0.032,1.0164,0.0304,5.0,0,0.020677536098474017
036d0f4b622ad841586d79aeefb8ee151a0f1ab425dd4c8fc25b6443ea4a2264,13.0,0.2218,2.1879,0.1268,6.0,0,0.5542701226702164
036d6b94e978aa6d7ff37833ec67fa375d267e576ae237ca44e00003f3be7ab2,10.0,0.1977,0.7136,0.3148,3.0,1,0.5108988220211453
036d6d285677e0b478d253e740255159e86817ff0ff977f40acf2b6632030395,13.0,0.1639,0.6742,0.0762,8.0,0,0.13210979373408277
036d987eb4406c90dcdbfff6124e59cd580845d7be0690f6f4d3a2d70299d632,13.0,0.0,1.0,0.0079,0.0,0,0.03633201737750049
036d9e595c4ac14fbe3450cb9d861be56c6f02f124b23f1e55fb2a7388a595fd,13.0,0.1115,1.2443,0.1313,3.0,0,0.15778298496915086
036e1f63a3ac99f565db35a1ec838f17dc608351d121c0827a5f9ec69e46d897,2.0,0.0,1.0,0.0116,0.0,0,0.07688026147883344
036e47a0edbb3dc1c824128d4ce639c5a585bc1048ef6c088f1301af419ea7db,13.0,0.0436,0.0,0.3391,3.0,1,0.21424549545441746
036e6ffb9e9051aa6c9c35036d18f7b233f7417dd9617e3614171fa1c8da483d,13.0,0.0,1.0,0.0107,0.0,0,0.07688026147883344
036e7905324f07948592b09114ca0c23270160e90b9ee8db1cb12db0f66fe5e3,13.0,0.2375,0.9758,0.0608,6.0,0,0.16360743807577616
036e8ae210a991fcc5309180d26630ba54268a402ce4a2e39bb2e7f94e99bebb,2.0,0.1903,1.2486,0.011,0.0,0,0.06354063324566676
036e991d2b651fb5696b5d899a8396c89f72c9465cb3e09e9f1491ea2a0a1a23,11.0,0.1834,0.893,1.0652,11.0,1,0.6485674231195684
036edcd1d033ae8a072f2afd5aaefdb2870f9112b98dffb98acd93b3b689f4f1,13.0,0.3159,0.4397,0.0348,2.0,0,0.08571434268199635
036ef4301149caff604ea073f366a74bd6cf31a2fd0af2a8094b6001ecae63a0,13.0,0.1147,0.6947,0.0337,5.0,0,0.016049943251984496
036f1c8563e19e16cf4f00995028b8db4d9dfe8776fe2998a4f9889eb663fbaa,13.0,0.1549,0.8679,0.0412,3.0,0,0.026024863511272
036f1dce37779165b3f9a0b0982cad3a42471f5ec9c09abf9893d44b243b712b,13.0,0.1166,1.3522,0.0287,9.0,0,0.020446837264931392
036f5c2f05017cae010d411f3795db698f02063f712d821005c1dc217660587c,13.0,0.0975,1.2161,0.0288,1.0,0,0.02773175083981258
036fa8594a52e68eb3851f3843ce400c210f51cec877177dc00eb43979a4a4ac,6.0,0.8503,1.2283,0.1789,4.0,1,0.7268315200927374
036feb125f03eced7e2819ae687300d2bdbb9eaf4151cf3f171b7b51afd17d66,13.0,0.0,1.0,0.009,0.0,0,0.07006471872599379
036ffd056c0101bfd3fc4e2f5611ce49c6152ecc0953887ab3a904b9e11a5d03,13.0,0.2439,0.7196,0.009,3.0,0,0.03320236791253826
0370020c29c158fac968e1e3cba73354de247a79f83b2cfedb0e314523d4e6a9,13.0,0.2223,0.7351,0.025,1.0,0,0.04042847774575638
03701d2c7cbb6ea6f87fab42b42a7c5a0d6fe4403f6683a96299af13831ad8ed,13.0,0.1627,1.4957,0.0148,1.0,0,0.026141782398057464
0370274f674f523ff43ee1b9e21a7e848d29af7e82bfb63752b1aef4b339032e,13.0,0.2258,1.0426,0.0352,4.0,0,0.05353280805694551
037065c8bd50911c409d4033513e915189f8d63453d0c10c42f96f066b44a18a,13.0,0.1402,0.8609,0.0356,3.0,0,0.018281085279813078
037093ff6990ef16dd840efa0ba1aa3311de18a147b789209e0825d398fceb75,13.0,0.1705,0.4668,0.0794,7.0,0,0.13979114708827284
0370a7429b2f25f540fda26d53b25034237192180d40f824b27c34c6cbdc040c,13.0,0.0,1.0,0.0067,1.0,0,0.025174868857605906
0370aabcdfe0e9268c78cb5a5959f6b01549cbfa1d3290abdb2596f13a9f3d59,13.0,0.0981,1.1218,0.7865,0.0,0,0.2935821404082538
0370bb405883fcb7351729c57f3de935cbb4a6f379b5ccf304630c8da16b3095,13.0,0.1143,0.7973,0.4797,6.0,0,0.2189722402307131
0370ca3ce132bda11577fb77ee0f1b3ea4cb74ac5af26b0ed7ed6aeb4fa10188,13.0,0.0874,0.84,0.035,7.0,0,0.020563392541565553
0370cc7ce0a0ae8254126ec2e16707b99455619bf9bf5cbd9d42fda59a61de27,13.0,0.0,1.0,0.0097,0.0,0,0.07447578192254842
0370e1ad4e011e196adac638345f81697e3c9f264f4764ae5842c3c90d73ea49,13.0,0.1341,0.9771,0.0297,1.0,0,0.02486218588712041
0371716c7b2c15dda4db474f5350f8475ded398d268815a001c62c8218b7de40,13.0,0.1148,0.9688,0.3287,6.0,0,0.2364109633026346
0371c9146fe6a471169126ca99f84cc771a0a5d524a29b22a2ce4c937df166ea,13.0,0.2009,0.7845,0.1781,4.0,0,0.5251416741123627
0371eedefb5d152ebba03a425b8e17e2465f77c31723a0559997e1ff7a231eda,13.0,0.1464,0.9931,2.0368,10.0,1,0.7476783134297565
037218a4308d3128504488c91639c93c70ae39e262e3c2acbb564d7ab2d5aaac,13.0,0.1929,0.9128,0.3471,13.0,0,0.5049201812566376
03723f3b7a4d1bd79b9f97ac38663dce9d3d1b921ad4b003e95d6511cd243547,13.0,0.4835,0.7547,0.1897,8.0,1,0.67527149160022
0372413f6242eeba5a4d6b3fd51881abed353d6826c2452e8793481bb5ee978a,4.0,0.3868,1.7207,0.0205,0.0,1,0.33457168918112273
037252626133e3f4e9c6ed6ed4b4fc64dbd3068ce15bbccdfe394b25193c0256,13.0,0.098,1.1452,0.0518,1.0,0,0.026990054225713517
0372c6c2f391b80d1c82bd1803a5d5b1189786169d54a14c3965991df12f674a,10.0,0.1625,0.8703,0.1042,1.0,0,0.1694317447586555
0372d66f7919391d795fd5cc9e1537e4584b3d429cd3f92742144a8d5b617b10,13.0,0.0322,2.8201,0.0637,5.0,0,0.1977800948082052
0372e0ce2030fa9e584cb730b75553f4735c13f50d373c8d63e9c9df0324b063,4.0,0.1139,1.0808,0.1803,1.0,0,0.22858912554883448
03734e61ef815f00958b85105e1ff48f9ab8b8a8ea71ca8d3ad102b87b0c4b99,13.0,0.5905,1.4906,0.0685,5.0,0,0.40813005460308716
037350ed41484e0f09e803c47185e73cd30bda8cdf6c0c369b945690665c7c44,13.0,0.0603,0.0,0.0079,0.0,0,0.029898142160909046
0373622f687035d32b206b6f89ca8312b1bf1d03c4fa7f611474a3aa4b062a67,13.0,0.1855,0.914,0.0068,0.0,0,0.04331278962202617
037368b02d126e2ead5efee64b788ff11d5e29ee04969cf143e27107b2752754,13.0,0.4358,1.6215,0.5842,4.0,1,0.7823102404239719
03738ca1a59891fb156bb19b2b5919d726408a675d787c8e33df14b40ec00c94,13.0,0.1648,1.092,0.0585,3.0,0,0.07834724757509
0373b68b219cd44824804245c11d3693fb01ac5edc5b39b0cce0b5b02ba4483b,13.0,0.4719,0.3988,0.5029,3.0,1,0.6536186844870973
0373cf5ca58e9fbaef048001ed445c628f4cd4860c851a3e4a5442088f7f41c7,13.0,0.0486,0.0,1.7527,7.0,1,0.6604657289729464
0373e9046c6f0850fd1d67f8244cfa6fd7020bac494292af79a85b54e74a6a9d,13.0,0.1167,0.4517,0.0386,3.0,0,0.018833477594647617
0373e9882fb3e3c05c893f63c5593b4a861ddb2e4518734e7cf1c2fe24eba7c3,12.0,0.3753,1.8158,0.5921,5.0,0,0.7445478450160327
0373fe508e56efb5a8b152c425e7ebf5a621219ca682f70ce7a71271c84992bd,13.0,0.0141,0.0,0.0052,0.0,0,0.01558099710817492
03746782d0b91926a15030556bc41d871ae1917cf9fec95cbe119aba8941c8d3,13.0,0.162,1.061,0.6755,11.0,0,0.48551795018756144
03748ee4c81f46cf2233aac1d1502db87df98d7166dcff8d9d77cb29eef5ac2f,13.0,0.2324,0.7194,9.2492,4.0,1,0.8778413249344758
0374bcddb9793ec79292e7707995f269008ad2e42d606979aade87832cb8d2ad,9.0,0.2238,0.8169,0.079,0.0,0,0.23612646186388286
0374d280c71dcebac660f16b7de559445f83d6166977117a1a6edf028580e070,5.0,0.2798,1.3206,0.9374,1.0,1,0.6044670780347912
037502456fc4eb33a0a3cc2c28dee0794dcf1329eede8cf44e785f194219ab9e,13.0,0.1859,0.9516,3.0017,9.0,1,0.8030163639671839
037548c86954c5f22de1aedfcfb283e00d2b466f4014b801275a6e267f2d7133,13.0,0.0262,13.0,0.0239,1.0,0,0.17490256991592332
03757097186aa1a2fc4246c1aa0f3948d2adaac448491f106b0dc41adcfcd516,13.0,0.1446,0.0,0.0137,1.0,0,0.023594004368172505
03757719d988427d649d7519cf7696bfd8265da4290f1b212f1551ea3a675032,13.0,0.5847,1.5226,0.3726,5.0,1,0.7884732702735117
0375aaa3422642fec9a42cf7df182cedc08180472a238ff5d1d85e330f743105,13.0,0.1823,1.0677,0.4343,10.0,0,0.43439639559135423
0375abad584a978b02ea71547fbb59410659fbf91a88cdf8709a8548df70e0c3,13.0,0.0997,0.7756,0.0286,4.0,0,0.01658444785189211
0375b2dfea082187809a1865cee3ee5b355832f98dd8de4b04740d1c071b6850,2.0,0.1895,0.9398,2.4062,1.0,0,0.6361951821176646
0375f5881b321cb1faba1e822a54710fcd304445b51293d19cff6692207cedcd,13.0,0.1768,0.924,0.0526,3.0,0,0.040185830559571284
0376312b54ead45dc323dadd3cd663380a5b1d56cb86dc356f49fef87f6b35da,13.0,0.1776,1.8061,1.5903,4.0,1,0.69259610963616
03763ebd69dcd4e1d27c5120e455de8b7a97fb1aa68ef9c7fe2563f339c16006,13.0,0.1266,0.4646,0.0268,2.0,0,0.018944488865596295
037649f105d75537bd01b351704f4c74bc0e03546444887abf354cd0526fe207,13.0,0.1056,0.8946,0.0204,7.0,0,0.019751669308700363
037657698ed558d1c8b895fd3f67ad800076a1e40130aec99ea713bff1a91d15,13.0,0.1944,1.1227,0.0257,1.0,0,0.04686384987209151
037657d11109474c166e52a94806ff3f9f5c476e7bac2b6161bee1e354208435,13.0,0.1371,1.675,0.2932,2.0,0,0.4434549607556129
03765b1076699690457116585fad6be775f7a48a0f95c775f9e7a1cb47189ebb,13.0,0.1208,1.144,0.0277,12.0,0,0.019813295804445144
0376a0851fb817e75740410e69bfaaa7c4d4c3114e90abcf96058c6449971a78,13.0,0.2491,1.1256,0.1879,4.0,1,0.5942550807466387
0376a22ec7b7c8b958dfeb999b7413c83d4519edb8266bdef36b385597920e5c,5.0,0.7032,1.4061,0.2608,1.0,1,0.707415846462994
0376a5af2e288b7409c425e1e909eddb12dcc27a3c937069a4eddd3019bfc4e3,13.0,0.1735,1.1242,0.0447,3.0,0,0.03333527617107629
03771b7b5ffa51b137e07627c960a958876c93334db394d9ef633b2200b102e5,13.0,0.2123,0.699,0.2228,3.0,0,0.5296986116774695
0377280f331cba692d362cb26bff2908b2e7b64e3f27cd8919008b22e4a43649,13.0,0.1121,0.5547,0.1206,1.0,0,0.09964031475573637
03774a0585b94d28c6140efa56956469b0acf98d5d13a5ce55a43ccefbe76f02,13.0,0.1343,1.8393,0.0354,6.0,0,0.03506720964549265
03777b3a20bc0b6126dea73e1334c78eb156de6c6d5c14f21902bc916f815011,13.0,0.1852,0.9271,2.1296,9.0,1,0.7800195470180802
03778fde2a3509b57a4c5a985052d9866dc7a70ce51cdf9d010d55ed8d62f7e8,13.0,0.027,0.0,0.0084,0.0,0,0.03608034560833661
0377a7736fea723c6a4dc4128636dadf49bc093eae19436c8408f7f04802faec,13.0,0.1421,0.805,0.0818,9.0,0,0.09485215952274137
0377f9a8cc6e8b76a0004933c4d380073552dfc91649fa7604300317e86be8bd,13.0,0.0839,1.543,0.0614,3.0,0,0.05879094078511169
03782c1d2963ba383aca25a1c4beda8ee09adc396995963b8bf80f32d82d3798,11.0,0.2388,-0.0322,1.476,3.0,0,0.5737318472668458
037834b289f18248d6999055236abb8724bb328ad0a4b41ef4ca517301676450,13.0,0.0667,1.1591,0.0351,7.0,0,0.022608547777506115
03783c3227af01b78c469ff382a827f2125751437ad632aa3a3e780713183891,13.0,0.1073,1.0042,0.0563,9.0,0,0.04061462366936115
03786e2240c3939f49f19c14bbc28bae4f52103d798bbcb8e1531910bc1f5948,13.0,0.3833,1.0201,0.0439,1.0,0,0.16028897888739674
03787f6148627a916c9d5dbaa460aa7aa67b79842356869623e54fe210178c0a,13.0,0.5249,1.7957,1.1547,2.0,1,0.7705678982225664
037884d663c4c0d3f210ccb695e98965ae19c7bbd69e473b20ff901f57544ba4,13.0,0.1556,0.0,0.0209,1.0,0,0.02444033179899541
03789c26b6388804166228e9b1fd239a40a499f3a4d457fccc7fed40d77d4d42,13.0,0.2352,1.4173,0.6084,4.0,0,0.6145703436525063
0378bd010b9e7114e6ad24e5599a68a573e186dea922cf6942c7f596d8b054f5,13.0,0.0,1.0,0.005,0.0,0,0.019980332496187008
0378c82a7e97b8d8f7cff1ef8cc72d57054b4ed00295d8484b28ad00f1746208,13.0,0.1434,1.0804,0.0175,0.0,0,0.06259750908391543
0378e91f8af73f5106c29489ea34e58e87df86f99205ab046a078c9141b490b0,13.0,0.1125,1.2069,0.4409,13.0,0,0.3513720282314899
03792e546c4542a67d918255d1117b7dccb3e26b0a406b75c05a7afa531f8d6d,13.0,0.4775,0.4632,1.4563,3.0,1,0.77747060414916
03795e60d81d57e2dcd032537faa1a8c98327b71312950bd7070380712aaf9b3,13.0,0.0,1.0,0.0142,0.0,0,0.07704350507592042
03796bc8a2b8159d997664392cb676e1d9b4b84df7e8fe9f3aec57161e10bbcd,13.0,0.1151,1.0503,0.0445,8.0,0,0.02122760641021229
03798c06baa820e1afa86895f0bd08cc99f2b9c0b13e791546614f40eeca3c86,13.0,0.1995,0.8641,1.551,12.0,1,0.7257904937181661
037993ad3d2adfb05ca4573f939ece01209fa201548ca9ee5fe3de95f16fb999,13.0,0.1722,0.991,0.1785,8.0,0,0.3450084004074938
03799458b12529e446b890c71683fe73aaede744d692be8682822a2ce47c4b14,13.0,0.149,0.0,0.0119,1.0,0,0.024090336975982035
0379a93c00a8884c28c0838b3280343d3be7ddd7e7c0f53b35031cfb9276c9d8,2.0,0.1831,0.9277,0.0174,1.0,0,0.0304512465355112
0379b00a2c3f637ecd399d93da83d50e3a1704c1a3d82220856543a72555ce40,11.0,0.1381,0.882,0.1754,2.0,1,0.25215800391612875
0379cf7a208b32eac010007e043104eafe35ec2eef50045fc5b17513c2a29ad7,11.0,0.0282,3.0351,0.0582,1.0,1,0.41273532928733
0379daca43e1354d211e767f8c83cc763b0b6d51d04bd38837ec1cf3495adf2e,13.0,0.0,1.0,0.0071,0.0,0,0.022280945636023855
0379e4ec1a98b84d8dc2621eb0fbb0f2c6f92322217467c0b09fffe04b221b18,13.0,0.2772,1.131,0.0198,4.0,0,0.054339836576353814
037a0e0fd16ded08256175272e87dc5faf53cd582d3472a700f329fd78ca5f4c,13.0,0.2899,0.5656,0.0498,5.0,0,0.08261205751190037
037a263656a4ebbdcd4ef0bf7d3803cf4a5bcdef14bac93a65ab48a80c90e6d3,13.0,0.0,1.0,0.006,0.0,0,0.020263886945132575
037a3d19e5c26e7c7bfd2c6916a37ee295c3c28c2d581dacf3d61821c56b157d,13.0,-0.0462,1.0,0.0408,2.0,0,0.03937863294421759
037a4690b1fcaaccbe2e55fa5f2c72467a3a2be304c6bfee99eb85d20938be91,13.0,0.0,1.0,0.0116,0.0,0,0.07688026147883344
037ae4882ea98af310404831682443cda9b1f8fe7d13d4cc77e6209c0655f070,13.0,0.2958,1.3896,1.8699,5.0,1,0.8583283885232036
037b1502143f6f1b38b9c9788c49ad5be51fd6be132fc89f365ab11d9692d8f8,13.0,0.2912,1.1606,0.0238,2.0,0,0.06388738736790218
037b2dae3c9b7e5560cc81a77b3df4b65ac5ea2a3d58cea9c4fa4986f234a55c,13.0,0.1404,0.898,0.0254,4.0,0,0.01856408144157048
037b3863a4d402745699ac7bb4d372943714014ebd75acfaebda2a91f1a0592b,13.0,0.157,0.7648,0.0225,3.0,0,0.023059206349979357
037b65eb3ecf472e7921a93d0f6cf3688a22785e6f17de18ccd94d4b47ac5d75,13.0,0.0,1.0,0.0056,0.0,0,0.01978947117409603
037b9b8e19e8b99ae213b1122e0c3e23d29f092e260cd5d2d3c5f5b5660da3cb,12.0,0.1183,1.2945,0.1238,4.0,0,0.14470556365661127
037bbabcf2bdeab5a6a6f24ecfa919048df8948b16a626d7e3b8ba3a13457df5,13.0,0.0,1.0,0.0093,0.0,0,0.07006471872599379
037be6d0393e5510cde65a98ea02f3e5280b953009384b2c0372f033c2bcfabc,12.0,0.1324,0.7936,0.0523,12.0,0,0.0229893199998959
037bfee7b48566b97b47bf9a89839e1a75d9c2052e2de1dfae32f10acdcc9c65,13.0,0.159,0.7927,0.034,7.0,0,0.022418377080144665
037c061772aeee302f4b1b5325d90273c01a8aa6f0259515028ff529cc34af84,13.0,0.1912,1.1565,0.017,3.0,0,0.03231106186022993
037c280110b090b7da2a02d30f3a55688d48e6ad1f249092022a2932b3a05661,13.0,0.463,1.247,0.1019,2.0,1,0.5237500712889852
037c6e022c760d6f92365ac4132fe21a78c6fe1a9a3819351cb91e19d5e5213c,13.0,0.2515,1.0943,0.7542,9.0,0,0.6078362670290335
037ca8948faaebff7d7d4e1b60ff95d13ac23847b4699b1f6dc1f70351fd7a5a,13.0,0.0,1.0,0.014,0.0,0,0.07704350507592042
037cea5c0508b79b9637cc9d0cb91988d323bbec368bda37d77b2ce7115aa496,13.0,0.0966,1.7003,0.0411,6.0,0,0.01967987602909459
037cead43db106cda65d9d0ebb45899e23e72cf009390c6fff687bc70564c010,13.0,0.3237,0.9842,0.1086,4.0,0,0.4668671943691763
037d1d10d81b853ecf73209f8d5b27740b723d77bb1cdf45e3f83e92eafc2a27,13.0,0.1288,0.8441,0.0066,0.0,0,0.01939008094047924
037da59f93e8b24ec175b4ec3fa1c4d8ae06bb4f2bd34733487dcd3f928e8b0d,13.0,0.8487,0.9054,0.0567,3.0,0,0.2984113494887317
037da9855b0ee011d67afbfd6ca4f5e602dac480d9a81d99d6ad5e7aabf73d5f,13.0,0.167,1.0548,0.0032,0.0,0,0.032693237525891955
037dc631af7757c2250131882ce5134a6072c509873a4db7e2dc8e0ebedb2f04,13.0,0.0951,1.7216,0.1346,6.0,0,0.24500500444923623
037df2ce9a9f5a0d2ffc89bfbf5127b2cb504cf60a987941f08252a432e11a79,13.0,0.3864,0.9355,0.443,3.0,1,0.6773898227406951
037e136ea569fc36ace9a376296793bf5943fa74791a342c530ee76b3e1365e5,13.0,0.1249,1.3057,0.0075,0.0,0,0.021799913416999373
037e2cd5abec2e40b39f795d8911ceb62053d0f42c703a606be30652316460cd,13.0,0.0811,2.2939,0.1435,1.0,0,0.30491091563143885
037e7be730cd4eaf5f86ec72a58d40b3c6cb5708724403273b9e55f3e5d97b4f,13.0,0.4546,1.217,0.4695,2.0,0,0.6956622036646124
037e916164f3e29a784e531c3aa48d2e20cba948607e74cd25992f7b8e1cd37e,13.0,0.0836,0.0,0.0044,0.0,0,0.016660711694194367
037eb53cca3d5675c88656d44a34e90c7424214b21327961617ca1d65602ef80,13.0,0.3046,1.0269,1.2333,9.0,0,0.6591499867398722
037ec47a0834f9230a7d55f6f954decc9da170c0702db4217ab773ed231b6cf3,13.0,0.1643,2.7568,0.0542,6.0,0,0.1005713814399301
037eed87dfde282bbe1debff3bfbfd3ce342fa9233b76fd04b91f619a39f6051,13.0,0.1011,1.1666,1.3991,3.0,1,0.6112909421577047
037f2790e23cef5ca6cd4fd500e715ff7eb42b7a07841c191b27c1bd1a6ade5c,13.0,0.1591,0.7481,0.4861,6.0,0,0.38844719499066643
037f3e3a6e5488996cf2158aaa450f24cfe56f8872ec695e053f930133b758f7,13.0,0.5078,0.9541,0.1648,3.0,1,0.6655404827821181
037f42ac37d53d36650cc86ddded6b2a795d7b1e865de4c8d12484b102841bed,13.0,0.0755,1.5939,0.0105,3.0,0,0.022175281395936657
037f464e4f796ae212a77576c8aebf0a54323aea20aecd936f5e2d541c3d0ec5,13.0,0.1808,0.7335,0.3097,3.0,0,0.3777547163318382
037f4a89af89827458da1e6e63f573eef77a53f3d0fc201801c7cdce14192c34,13.0,0.0516,1.4233,0.615,5.0,0,0.3447516310516929
037f682f2cc56aad51d91ce4f57ae290e02bf850ca32e2cec40a8b5609facf29,13.0,0.3257,0.8087,0.7294,1.0,0,0.5785890280782131
037fcb37b658299c29cfa6b2239ef9c3a79c4cb86afbf06dbfa7084e59799eb8,13.0,0.1402,1.2436,0.3915,10.0,0,0.4367836120268237
037fcf686cd2a2aa6fd2564633418bed797c8085a253da11b9a8a5f21a2ee52f,13.0,0.2386,1.0013,0.5203,3.0,0,0.5935589824167224
037fd9ebc16f20ab4fd7d5011645d9db98312861b8e7e7cbc7470095ffcf1df8,13.0,0.0,1.0,0.0235,1.0,1,0.05165338435105394
037fdfe88dfa4fda2a77ff640e47063a1fe6981a80be0c758b14ca9b3aad5d10,1.0,0.1655,1.0,0.0193,0.0,0,0.0675897712309657
037ffb2dc1071f333799278cec83a0fb10e825f1f10a4fcfd48880389b98833e,13.0,0.4044,0.9191,0.1983,2.0,0,0.5775545771846664
037fff225a6699be40aba0bcc53b2bbf85dfbff9a633aaa075d415213d57104f,13.0,0.1012,0.5701,0.0325,4.0,0,0.016468021333280024
0380349bb5b339d6e1fe40296548aa7b4e58ae584575ea4e3552ace091530405,13.0,0.0,1.0,0.0056,0.0,0,0.01978947117409603
0380688ff35c7ec44f6fb8150326a00b60dc8c9e614ede641be30964b527ff5a,2.0,0.1256,0.8021,0.1058,0.0,0,0.08821097818179266
0380762b152c3a069e0980d30182acac35eae1cd861b4cb68cfb789f7217ef60,12.0,0.1302,1.0293,0.0167,1.0,0,0.026921046584433152
038078819ff7cea27ec127c88bc91680e2be9fd2bea2e07ec74eff65608d229e,13.0,0.092,0.0,0.0099,1.0,0,0.02331668785156964
03807c0f0f143b600309a020d2ed7e21af6962e60b244f085f30871fe7199242,13.0,0.1154,0.7667,0.0633,3.0,1,0.08701962698922056
0380b6d4beca3f05957528e542719c8d74b6603547b12599697cc1b3c58134e4,13.0,0.1268,0.0055,0.4065,2.0,0,0.20546590168497791
0380bd17adf26672640b1208d2de3f00ee3ede6ed2c2fef478d09d5d5d1a8cd8,13.0,0.2452,0.732,0.3654,10.0,0,0.5983427290814106
0380c0220cb88e2c5dfde85f65cd012e1753a65092b662f5cf2d21255c36ebd1,13.0,0.1766,0.9008,0.2932,7.0,0,0.4087371151914361
0380cda0e55d14a816248456eec68c841b251b85e5929881d57f933ec47dbc1c,13.0,0.0363,4.27,0.0248,1.0,0,0.06013456182272571
038123b760199c462bc95699afa25ec316e2e3e8f22ced3b21f56d504eec5dd1,13.0,0.187,0.0,0.0316,3.0,0,0.04117922817247979
03815d75642f70870a15f0d07f4d68eb2c9a8f3b475fc4237e6e777d0a7884a4,13.0,0.106,0.9751,0.054,3.0,0,0.03018205903293872
038197b3d21ad4a973740698e32b5b2670a2c4535481dcc9d3bbba0775074981,13.0,0.0,1.0,0.0043,0.0,0,0.019980332496187008
03819b8492e2d5d5b6752c4f65ed44b86278ca2a25cf4c0bb05fdd36cafbec6b,13.0,0.1286,1.1066,0.1392,5.0,0,0.15869051812377422
03819dbf810d82c325040656e7c5f80dedc00fd0812ce4f6497ff1f43848f955,13.0,0.5084,0.4544,0.2081,7.0,0,0.5971103465451472
0381accb8400d6e5fd5fe92a4e5b10e4e13f6aebfc0f932dad4505ffa112a5d4,13.0,0.0,1.0,0.0107,0.0,0,0.07688026147883344
0381c8bda670daf64e0286d80fc5425479a6ed0dd3fbed9f147327cdc0f8b4e8,13.0,0.1681,0.8422,0.0261,2.0,0,0.021991310507621518
0381ff92cfff4faea03f66c2699d1a7a8ece09b140ea2cf589324bd8b3dd72f3,3.0,0.0264,1.1652,0.0091,0.0,0,0.04887440472073667
038232add77d927bd48e42dc5ef41f22c05a1ae89328306ab0d25e0a123267c7,13.0,0.1386,0.9435,0.0434,6.0,0,0.02064719541944157
038284180d16abe7ceaaadc26c6661cdc9b77ee763cbb4b9d77949bc224463e2,13.0,0.1395,1.2398,0.2482,6.0,0,0.3851295832375252
03828a876df657b6ea3f428a8b595e95c0f6ecae5d64c27789527534e38bf1db,13.0,0.092,1.667,0.0946,4.0,0,0.18824010785161063
0382d957c09c64934cbd8a2cbbe542a8ab54116d1526edbfcd858b975a06326c,13.0,0.1114,1.1487,0.0665,3.0,0,0.0618455566067843
0382dbfe0042d37be42a88d2ed61864f863b09860636b53d8c70d41d3f5d7758,13.0,0.1418,1.2169,0.0278,2.0,0,0.023766514537862545
0382e472565916f5aa6fdfe79a43eb440bec2d36f0d1b59441fc53723ba03ba8,13.0,0.1495,1.6624,0.1957,7.0,1,0.5036599239032511
0382ebb257bda38cc30a697f519b2c50bfa60b63eff0c070f0fb9392a2e530f1,13.0,0.2062,1.4579,0.0098,1.0,0,0.04355264375754385
0383144e6668e224cf0d8213f65710ddaa43b4dd63e000d16210d60428038367,13.0,0.4099,2.5027,0.1223,5.0,1,0.6206360407881986
0383185692c3fce9dc4e4b374dc2c32c7bb79f074a78772cd67d7abf8bac4944,13.0,0.1618,0.9826,0.6373,5.0,1,0.44993905369220777
03831bef8e6d633d5ebb2723e40e0034448a0559df129b0957006801896e72d7,13.0,1.3305,1.0672,0.2205,9.0,1,0.6786097205105454
0383333ee330b80fc5382dca2dad83604062ba02aebe8565f26d5a1db0c0fd80,13.0,0.1907,0.8182,0.1503,2.0,1,0.4405274535215807
038342dd1b6dc38617f5c679ee119c94965678d2412cf394035961b7370d60a9,13.0,0.1298,0.4738,0.0832,3.0,0,0.061129697721095715
03836e886321b2745279706e743289a02dc8831401152feffc37a8d393c7c072,13.0,0.1769,1.025,0.2019,13.0,0,0.43642087748459274
038383e1f9e3301c79a1165f2a23b525cafc44dc2be37228e8fd588f9f5f4773,13.0,0.1292,0.9593,0.0204,2.0,0,0.02157845915769567
03838b9e5797a04b11a1d0496d66e4080715677f300a689d21e9d843ee4ac0de,13.0,0.1647,0.5544,0.8324,3.0,0,0.41336369743572254
0383a7905228c7bb940e40e044d452c78efb8f7a1de032ae416bf064b9d98490,13.0,0.43,0.6611,0.6446,4.0,0,0.6938031270550844
0383a9fd62225ef946a7521e3ef57e2d1650cb7d4a448720cd4fdeb6d2ad65bc,13.0,0.1583,0.8324,0.3236,6.0,0,0.3700045937976347
0383d7c65c9e15303ed9fe00ef2a1c7ddbf18eebba3d2266dceef2238efc384d,13.0,0.162,0.5958,0.0192,1.0,0,0.022475655459979614
0384267269bcdeaa3db147cf900c6b8e87ce7451329fd49b88d175070a396a20,13.0,0.1956,1.4954,0.091,4.0,1,0.37208047407218603
03844083006ec4bffdbfac28feb3ec33e79943f23ce3e7b0de96b0c4f505e3c4,13.0,0.0,1.0,0.2976,11.0,0,0.2931122671661565
038454fa02673c205a1b764beb4809b232e6ece5d61ab6678d5e0d774afb25d3,13.0,0.0769,0.7307,0.0586,2.0,0,0.04631005000992457
03845eaaaf74d7b954a3084007d63adc28ce7973ac42f51f9e836ba0e5cc0c63,12.0,0.1363,0.9187,0.0251,1.0,0,0.02277604514799146
0384bf9924dc5652c3892e153861672aad18c11debc0010a6de5755d5c68cad7,13.0,0.1725,0.8104,0.8933,9.0,1,0.4649094592674991
0384c686ff2e61ab0ad932d541ecb686924488641b50dab429b22ce68c918d27,11.0,0.1444,1.1774,0.0414,0.0,1,0.1318719636819816
0384d2913e117bc94eacd512547251042defb67333dba58ea3f1ac86117930a1,13.0,0.0944,1.1822,0.0238,1.0,0,0.025099613356606692
03850cc9a15b56481a4f5e42c0874d35cee78003b18e2583523af46c102fe7cc,13.0,0.1407,4.4618,0.1281,3.0,1,0.48128538895955364
03852fd260c52a98fad8d440bba2fd8baa2734bc24c782bc82e6a533c2999430,13.0,0.1493,1.0463,0.1217,1.0,0,0.16613594934398898
0385587de2bcae9859b3a01898b0ca5eb4fdadb9bbc8e89e6fd28228391c8f09,13.0,0.2288,1.2581,0.2637,2.0,1,0.5653904335217138
03855f850c26e58a21756a756e8f16bdd6ccdc62ca165ac3d78f6af6b32aee09,13.0,0.1367,1.0018,0.0381,2.0,0,0.023141339759801337
038577ff156b4e00e99075940fd3c6408a8dbcad5a349f4fba1154ea58702209,13.0,0.1647,1.0146,0.0119,1.0,0,0.028145756842990283
03857f33e1fbc95269ea8f2c6d2acea6042fe796928c17c2fa59d7b1265b5533,13.0,0.0,1.0,0.0048,0.0,0,0.019980332496187008
038587ad25ed0db470f7a2424d62f7f1a859e3a09905caa8d3a5f3930e171781,13.0,0.1968,1.3474,0.108,6.0,0,0.37992103445428393
0385aea7372ea9d50b31a03f0eadc9f75a763976e83d6d6de4e7b3234f8d24fd,13.0,0.1507,0.9365,0.0513,13.0,0,0.03385597902004815
0385c8c3df7bf1c1ea379a347d8aa6648eb4bb0a02636b0834f6e5f8a1be4cdf,13.0,0.0748,0.899,0.0404,6.0,0,0.018637661834450307
0385d50d47fb34b462de2c94ad302fdb563a3ea971dd528cbd502843dd6ee8d9,4.0,0.1685,1.0328,0.5765,1.0,0,0.40436171533860976
03862c6d9e38fb1456649ac0c7366540a1fc6ab3a5e60b41e86637e4e49be7ec,5.0,0.2873,0.8667,1.8841,2.0,0,0.7431024555576231
0386623242c4409e9dc227b32cefcfb3af1a0a890f1dc129afd9aed83058d613,13.0,0.0793,0.0,0.0064,0.0,0,0.016261992626198908
03867f07f3efc59b1d78be3f93bac66bcdc8d1951638213f52318cd5513b4292,9.0,0.4562,0.8462,0.4374,3.0,0,0.7088661877751201
03868acc157bb1fe154e43526e88cfa2f4ec6ac594c3adb88820cef283ba4c31,4.0,0.3144,1.0887,0.3901,2.0,1,0.6065680233130208
0386c77818ba6091dd6ef4dc852330129d1be026d641a74df95d984727299513,13.0,0.1384,1.1708,1.0545,2.0,1,0.5049674443754038
03872c1f555483cc2701e17f501e27f3ff78621b941358052115cda7a4cf983a,13.0,0.253,1.0922,1.6377,3.0,1,0.7762128359937205
03874534603bb3188e9d77e38e0d50c0ad5ac24d3ac2952d963301a2ab5a1555,13.0,0.0,1.0,2.5582,10.0,0,0.7810338993625231
03875260feab254fb62aba809015cc4cd49206d8299da129e2f67d456510f6a8,13.0,0.0907,1.2882,0.0424,1.0,0,0.02946905652693082
03879156cd18dd41d11d0d2276676470e274f553e3186234c3390bd92cd0c557,7.0,0.1397,1.0305,0.0423,4.0,0,0.020569757083178507
0387ea2997d46440dff1e876299039774462cc66e192212487a65e45ca5fa157,13.0,0.098,1.2883,0.0304,3.0,0,0.018647797480600234
03880872e0ac998bd93c9f710256aa867a062c03373ea491b7909cd0948e7f82,13.0,0.235,1.3427,0.0151,1.0,0,0.05098721326699535
038808b527b832ea3c647caddeccc7a09a2d8fed8a0832dabf731988ea021a7a,13.0,0.1991,0.6493,0.7291,2.0,1,0.532951601471009
03882f96a9cb6af02817ae2d4c4617df66c28dbeec2a1d3792d68834a64020df,13.0,0.1203,0.7409,0.0331,5.0,0,0.017025084178334496
038832138fc9d5f85777304f0cf970b8edfa3e29e7a83c349618e1cab6718dde,12.0,0.1694,1.4772,0.013,2.0,0,0.03155816612737232
0388442dc0317dac176d4f1c760abb359a8252ff6b0e2e202793bc839a43a263,13.0,0.151,1.1277,0.3713,2.0,0,0.3696349311148217
038864eb20c9358f9f36c24618501fd0b79322bc4d7713b8bb193fe2dd9dc5cf,4.0,0.0,1.0,0.011,0.0,1,0.07688026147883344
0388d4cef6871ad781c904c4951b8d493fd9f6fdde3a3a2672d0cea62dad5a11,13.0,0.153,0.6994,0.1984,5.0,0,0.33200165947903365
03891067752a1dc4c9fcd6bc52b2d23e997c90e42ea1cfd455ca779c74824037,13.0,0.1274,1.2939,0.0245,2.0,0,0.02241626089904531
03893881f969dda434aa6ae2191123c3ed81c3e01d871443162a7d6917abf6af,12.0,0.5822,0.7239,1.6981,4.0,1,0.7953781713953018
03893bb181ccba99dde90dcfa49db01f931e96b0ba8216eab9a12bf13bbc8b74,13.0,0.1439,0.6607,1.3629,1.0,1,0.5841420320680794
03896fedc9b5e6a27a9b8b3860cf69a1a959e4899a992e3d550cf55fde73ad38,13.0,0.1727,1.0103,0.3517,5.0,0,0.42563502825718624
0389851f5e0b138232db6e773d309fa99b79aa6429c0122b559573325cf84ede,13.0,0.4517,1.1725,0.7372,3.0,1,0.738884767414547
03899d3eb5407cd2c4be12a673e29618886b7b64d64ef2b131481e90a8e24468,13.0,0.1942,1.4201,0.0392,1.0,0,0.08591384925924521
03899edd938ad13c82ad2508272d1cd4f8e2b7556c1f6472511a0c812cbc2185,8.0,0.1273,1.0305,0.7265,3.0,1,0.38258939729036934
0389c12654c19b285a6b9eae40d7510f60970faf93202b693787a43c0e27d1ab,11.0,0.1629,1.0587,0.0665,7.0,1,0.13597365684206544
0389c6405fd1363c8f8b0ac023b24063f575aa2f7b540e72bdaa913306bc8649,13.0,0.096,0.0,0.0077,0.0,0,0.017984380073908183
0389e266913a3247768f276a2eb436e86ab2f7407cc5b8a6317686109d7f1905,13.0,0.3051,1.5495,0.2319,2.0,0,0.6211472041779287
0389ee28d95dad315cab6db13c3e3ad2d273e5ea0ea8a1b4376da74a8cb0bbbd,13.0,0.0,1.0,0.0056,0.0,0,0.01978947117409603
038a1cf50ff2b01591c5f81af7868140299dff981a1e4d5da056fde51082400e,13.0,0.2301,0.6789,0.4292,6.0,1,0.5952148911549049
038a36bae8f10de9a4b652b75b3cb043d4ebc2f913312ab30aa392b699e56ada,13.0,0.5415,1.0333,0.073,6.0,1,0.43006467702055995
038a51726879962469bd747ef8c0b26e62f852136ab7046877be8ba9fe6d1d8f,13.0,0.302,0.813,0.6871,4.0,1,0.6655409256870982
038a5755021f7e2361ceebbc4324eddbb41288d2a97f6f21f316b39363532b7d,13.0,0.0718,-0.4153,0.0417,3.0,0,0.019855366521202376
038a5cb06ebbc38bb1d0d0a936c96ad1b2948ac7afb51b35a8410e6293e81b85,4.0,0.1044,0.3543,0.0746,1.0,0,0.0587817925405052
038a64b39abc8971cef3a2d22371328d12726d0922a997d613ff4638c4c59014,13.0,0.6123,0.7087,0.1188,2.0,0,0.5335214572074594
038a6c5ac1e685ed04d1c803584f2be0dff6e1dbe7a14f0015cd4fa77236b689,3.0,0.3492,1.0071,0.6168,2.0,0,0.608099782495298
038aacc1ddd3945a98ad7e9cbfc1f9ff65a011150dfe6aee1025d6774db2c124,13.0,0.0,1.0,0.005,0.0,0,0.019980332496187008
038aaffc047bbf250c68ce8234c55dba639cbbd4a877195eedea57af8f337c8e,13.0,0.4153,0.5483,1.0149,2.0,0,0.6962814107570112
038ac8ad358244af479a573321232dc5c8adb316004e60d8611555d1b9ae5439,13.0,0.1517,0.8367,0.2313,3.0,0,0.34355609789345076
038afdcb4ab2df0bebcaa4c6f259af7d6af908c6b26c890cc44fbab4b920f144,13.0,0.115,1.0448,0.0258,1.0,0,0.025850468746856904
038b53f78c4ab16219612f21bd063c6f8dde54dc7c049e905cfc6b238b08c94d,13.0,0.3318,0.8456,0.589,5.0,1,0.6586865643910245
038b6a716ea5c63e8719b13614792ecef436ef34af9a25240076b0ea69c25c64,13.0,0.0707,0.5684,0.0255,1.0,0,0.022996042440613415
038b6add968e13b23895aff2c1c3c0fe8f90111cc4a64f905ff389b2cff5e643,13.0,0.0,1.0,1.0735,12.0,1,0.6093200865939253
038b6d76d5845761c83e1a7c89981d212bc4e977dc54230c6e7a28df4e9f9201,13.0,0.1639,1.3082,0.2482,10.0,1,0.4480475528960058
038b7f5577cc6fe28fa9f89c51ea788c7a25b69ca430928f13505d3a3d992cf7,13.0,0.345,0.0,2.6367,5.0,1,0.8585431080276545
038b82535fdcc23b2ff67ce8d5cde7686fa33ccdd487a125abf813afd59bee03,13.0,0.0,1.0,0.0045,1.0,0,0.02337474926007963
038bbc75115910f429ba3a91cd876226404a185216b82e4765cead403166a6b3,13.0,0.1214,1.1037,0.0632,3.0,0,0.07009950444715193
038bbd825e13313de06343c5951721ed044af92fac0dad2a7bcbaf4aa50bffbc,13.0,0.6201,0.2571,0.4185,4.0,1,0.6444041650960232
038bc3f71b7c7110d100240834a6525567ffbbc3b2e7e30946ffa9eaedbf113f,13.0,0.8793,1.3042,0.031,4.0,0,0.11241961997807925
038bd1d83dd538c4be5bfb9c6cba2d36fb1540d9c47ed8f138d9300f163e91e0,13.0,0.1229,0.8738,0.0304,10.0,0,0.019218089052509525
038bd571a7a697e03f198217f62b3c886245e36eb08be5b3b5cf080bd55dc3b6,10.0,0.1529,1.0311,0.018,6.0,0,0.020993214935652763
038bfc935df21022c8b73db042174ef926300d798cd602fb54af3101ef2f3129,13.0,0.0369,0.0,0.0573,4.0,0,0.045798910558045754
038c3bb74d913f563f71a61848a9fb6cd258782d729829dad8ff7c6bffe9f9d5,13.0,0.5046,0.2628,0.1634,9.0,0,0.5940900646395578
038c43df4cac425b9026602ed62724769c2893466e2402dc80af45dcf1eea130,13.0,0.0353,1.4719,0.0402,5.0,0,0.02027027938300266
038c75beb63ef8957fd51241a8ac569dd39088e70613f533b6448cc5666f84fc,13.0,0.2109,0.7245,0.0385,4.0,0,0.03822051287423042
038c82692e23fdf29173c6744823c9b97a63c146f4153f593f3b9861d699111f,13.0,0.2291,0.6795,0.752,8.0,0,0.6226445338129721
038cac62f3f0bfa7d9588ee9e9c36c9cb20ed0751e5bdf4e5d29c358d92921ef,13.0,0.166,1.068,0.9669,2.0,1,0.5177774210128466
038cc297a98a130cea5a0afc73330f80b23072c5429608ac6ba57c6fdfadb192,13.0,0.213,2.1016,2.2714,6.0,0,0.736382919544499
038cc6d5111196b85d24989816215bd75a31b36857dc08e39f36d988d99d28ed,13.0,0.1095,1.1041,0.0259,1.0,0,0.024837064828096698
038cddc73179971bf9413c05246758649c73f5509cf9816ff920f9312d527d75,13.0,0.0508,1.0656,0.0614,5.0,0,0.04488121495404051
038ce61f25d47a45bcd83ef3eb529207add34f64b7abe25db38541a5a61a554e,13.0,0.2478,2.212,4.0118,6.0,1,0.837383305328999
038ce99a8c98b0f144fc3e2df9f0a8cc783941b11ab834f22200d3476000dec5,13.0,0.1901,2.1492,0.0375,3.0,0,0.048929989779578686
038d1a06dd72593299925038fed184477e262d1cef5b485a861b1731c6eb399e,13.0,0.0,1.0,0.0057,0.0,0,0.01978947117409603
038d248d22471e9f1c3972232438348813d6538658c03f378504752e3dcbc192,13.0,0.9246,1.4757,0.1689,13.0,1,0.7507388706185216
038d3f90256064349e88d0a192a4838dc08183f61555e396c7d535fe1e20b42f,13.0,0.2012,0.8842,0.0805,2.0,0,0.1547119518451034
038d75fa7d6515fc0e42910084a1de660d5201b73d5dd2b24cbaaedb96d88712,13.0,0.0668,1.2653,0.0372,4.0,0,0.018808500590475008
038daa77906c520e44dea4fccda9983ae5b1e9f76107131c8c577527499c7861,13.0,0.1282,1.0007,0.0184,1.0,0,0.02620410222347924
038dafa183ab685376a582830592c15d3dfc2b42244f72a4397d3fb67a1a79b1,13.0,0.2455,0.8996,0.6071,5.0,0,0.6125812117202829
038dc4b2b2d5c772b0b139b02bde38dadd451b00958e72b57327857328a4416e,13.0,0.0798,1.0365,0.0239,2.0,0,0.023528716232375343
038dde21f93b02550d13b98ce02b87935f4e9e17a57642ea2651aa80ba3bc810,13.0,0.0585,1.7067,0.0675,1.0,0,0.10806478868537235
038e07ae5ccefa2da138739fdf6e1610a068c4fdab3020b4c02b561e5a027628,13.0,0.1767,0.0,0.2835,13.0,0,0.4136395650345735
038e2eb0b19cb766e56c5b58dced03e82b3a99b49e3fd2bb40fc2c66a49436a3,13.0,0.1403,1.1707,0.3142,3.0,1,0.43588886944730726
038e436fc4fd8bab5e9fa43c7b06fccd0256d95b0d0efb8dce9be664cfa1f4d0,13.0,0.2418,0.7053,0.0063,0.0,0,0.056662228128826334
038e50f606ca118e1060064c435a4f1d92157ecc4692afbc689739a1a1246333,13.0,0.4386,1.3025,0.522,5.0,1,0.7705427816777172
038e669b4e6badfc0d0d5e7c8d17623559d13513c5cbf140b13ca2fbd1a07641,4.0,0.1706,0.9868,0.0125,0.0,0,0.06149509455417755
038ee5d3fa71e11c9e2bcf44eba366fe0e5d28743ffcec6d49d4b0ff798d1b29,13.0,0.0,1.0,0.0088,0.0,0,0.0668791263085046
038f0b3676d44af40c41c2951f1b71d4c7a6494fb1f9540dc7efd936c04e8400,13.0,0.4514,0.9974,0.3398,3.0,1,0.7112135063302454
038f26c523097afecefcaad5ba869689c129a4dc5598dbeaedda4b2195fc2365,13.0,0.3118,0.4391,3.0267,5.0,1,0.8725682501513061
038f44b3f19389ed41989b53db7fa628629b75c596a2ec45a4643e74a9bd3dc4,13.0,0.2001,0.7847,0.0162,1.0,0,0.03226818415973207
038f68240bc8f1b10e859b2f373611ab437466d9853046362bf51353eb5b1c7b,3.0,0.2167,0.7943,0.1278,0.0,0,0.29709199287099364
038f954611d4eb5db8bb3ac69389c84dfd236f72da09e4cb2947d320db8ea56e,13.0,0.1069,0.0,0.0878,1.0,0,0.059288503023612424
038fd8e28c8ea4f97e8052d0cec16cdad40b1e6e918ac25b320a3df7de2d62b3,13.0,0.0951,1.2356,0.0868,3.0,0,0.07121657147773497
03900ffbc8c0d9bf4f12060d7dd4ca6745162db435c86c07a5efd15f10aaffa2,13.0,0.3236,1.5171,0.5543,4.0,1,0.7207515011615397
039039dc20b6a50e66816a4ddc13e4a1ecacc533cc39b4c34a22d201d41af732,13.0,0.1668,2.1697,0.7437,7.0,0,0.5348647562016512
03905a1cdf6cf50bd74fd9da6d97e442c2b53285a0bffefddd181024eaf5a83e,13.0,0.192,1.2113,0.0198,1.0,0,0.04308860947494281
03907f0a175d201433fcf35fd0fcdd92982423656e8911b8576b2bdc9cb20be9,13.0,0.0778,1.4246,0.0436,4.0,0,0.022375464390873664
0390898fb4b1dbf332e52219c372b87b1d7df6307415a7fe62d4f2880b7948c5,9.0,0.0,1.0,0.006,0.0,0,0.020263886945132575
0390b1ec342e937d8994164978160c814b214539b0384628a254ee2df2160e6f,13.0,0.1339,0.922,2.0054,5.0,0,0.6615077417252151
03912bc9a6bea6b8af4e44e9a9721e1f1e477f5f1ef66f66c5acd36692407d06,13.0,0.0717,0.7039,0.1043,1.0,0,0.07190583936699314
039139d7002672d2b60e318e700f78842e1c610d5e8c7428a519762f05cb5e70,13.0,0.0986,0.8568,0.0325,4.0,0,0.01658444785189211
039166ebe5416766f5a4f6f00bd11864c7ef03172710f60add0b581ac370315c,13.0,0.1817,0.0,1.1715,6.0,1,0.6137335265617994
0391a4a008dae7267cc1488f160a6f9f3832cf1c16a7e8807cece63b22706195,13.0,0.1635,1.2028,0.0194,0.0,0,0.06229729566875921
0391b9cf35cab486e8cf03458209701080d79806f63a3e55df747e6e574b12df,13.0,0.2532,4.3227,0.9086,7.0,1,0.6421517964453538
0391cc00389defe29fac1565cf8760b910a85487040ee276b4fe0715d0d3326c,13.0,0.0971,1.6381,0.074,3.0,0,0.12178589844829664
03922ed32708592fa76f43bbb340230b65201e9fd9e5a7a121de8d931a936dae,13.0,0.2475,0.7869,1.4747,3.0,1,0.749266386426205
0392943224529ddab6c1eb5c91ddf3989041bfba89c3d1e13a6b612918037eea,13.0,0.1265,1.1275,0.0369,1.0,0,0.024431590635862775
0392a451879dbf83127d1e3f3f85987254c023c8cc2d69cdd6bf755b34e61764,13.0,0.1468,1.1078,1.1714,5.0,0,0.5964446101400404
0392a7495d3fc2d9f25580df2734867a2560d0659ae5c6625153b9a02a848e53,13.0,0.094,0.3095,0.0574,3.0,0,0.047189453994733545
0392f01bb118386a7509f44f6587d4811c69fe59d6bd022ea38759f3ebb98f56,13.0,0.0366,-0.6068,0.029,2.0,0,0.025346410143564934
0392ff94d5488dbfb5ef3bdd6fcc439c2cc5c287dd294aada819c1ab803e6037,13.0,0.1641,0.9268,1.0892,1.0,0,0.4976459461929758
039310ccff625a5548e856f86455831111d2b0cdefdc251e424025fa8bcb4540,13.0,0.1509,0.8191,0.0066,1.0,0,0.02010906455974045
039335cf7f14e647937f80dcde420097346ca380c1a83deb4b304bbe2d12cd31,12.0,0.2547,0.5132,0.1379,9.0,0,0.5615382609333688
03933730a200d09d06fbccb20b853dda1e92c52805114359abb6289f8758d34c,13.0,0.2888,1.3981,0.7342,5.0,1,0.7165073565937158
0393947609d091fb6557df971cdc3ee6e1ee216063634cf9b4ef91544e0c88bc,13.0,0.1779,0.8368,1.2537,3.0,1,0.6610437225679654
03939f84b8e4e73af4fa6dd6305c83503f9cf454e6e7c5347c4f04910d9636c1,13.0,0.0,1.0,0.0055,1.0,0,0.0232289663352012
0393a48f7eadfc905b03f8b80b3d974ed7789d884011016405046754651f2217,4.0,0.2077,1.4068,0.1665,1.0,1,0.5484092268004022
0393e5e7b9cdcafcb7d74a02bbeb3557768e01863ffeeb894bfd300abcf23cca,11.0,0.0983,1.1585,0.0482,8.0,0,0.02091051467643953
039450c8b325fa7a792c9d4fc5e583248ff7f92d17932bda4abfcc756c7be336,13.0,0.0958,1.1549,0.1795,10.0,1,0.27553565969022825
03945f13546bf669c594d2a52bc57cd94d0e2bceea9dd52a1805766253d6e4f8,13.0,0.1276,0.7949,0.785,1.0,0,0.29555986819695074
0394700fd8089e8b34e856d12b6d6d0ebae97076780014aae6e1efe343d0ec86,13.0,0.3718,1.2265,0.5493,7.0,0,0.6991013081195243
03947b9ccadfe8e7afbb94b48bc4be57732950c71bc1f62abefa7d2c6c490942,13.0,0.174,0.9715,1.5362,3.0,1,0.636189609686657
039488f16b07aa8b64ce15f3c0aa32f6870fdaf7e7c746c9b8671b443253bdd1,13.0,0.2779,1.0742,0.0079,1.0,0,0.04190546100177826
03948abae0b28e269d6fb3dcc2c3c94dbcb0ea5a0441ab37deb186e9b7f5e1e6,13.0,0.7763,0.677,0.0358,4.0,0,0.09140234631916541
0394a6988288a921e53ed446e9ef2b2c7c3d61cb617818fe9ac0fced9793feda,13.0,0.103,0.831,0.1246,5.0,0,0.11292964833669762
0394cd88178e1d973a99023979103f84d57f5cfea78482930310bc52ea3cea58,13.0,0.138,1.108,0.0662,4.0,0,0.05443158281407741
0394e63405bfde351541bc21268940762b5c9f31d3853b101865df2c7d616b50,13.0,0.1608,0.0,0.331,13.0,1,0.394865627468256
039535eede30e12428cda16808ef2c909a414f94d4fba1c80fa29b6b1c6a9068,13.0,0.1441,0.8146,0.2943,3.0,0,0.34492118719322507
03953786a03cc0fdda8363da5b41a049b677fdd8efc1432eb90f49b252f030d4,13.0,0.1385,1.2294,0.3581,4.0,1,0.4119837678366365
0395392cffb5ee98c009f580c2fa70da310f976dd3a7a3f14f2821d274932b1b,13.0,0.3625,0.9569,0.8214,8.0,1,0.6778918689211484
03954b690a3dce977127b74933b9909e082ad0f4b3ef9bd717cbee9db7ad0af5,13.0,0.1555,0.9737,0.0764,3.0,0,0.1411007327166116
039557c3c3f5297bc32decc7a769578476cd5405fb57deca8835e9116af31d4c,13.0,0.1778,0.7869,0.1082,2.0,0,0.19713926215160593
03955fa1528c2ceec97e5f2d276f20be309741fbcb4a761fb7f9f3514d38aef6,13.0,0.1862,1.3904,0.0243,5.0,0,0.04447785285502192
03958e32b1321c525722a9826d4b0371de881a05486fd6e3e75e9080bc423641,9.0,0.3362,0.516,0.1463,2.0,0,0.5373975425467425
0395b7128da6b1e25bb29f4df893064d04ebc267b44b6a56ac26a1a1900567b1,13.0,0.1325,0.9682,0.0122,1.0,0,0.02455876046488047
03960f0f8a1e4aab3da355fe1c94b950e19b9d73ea307f9d9f51d9115ee759bc,13.0,0.0,1.0,0.0051,1.0,0,0.02337474926007963
03961c501b9c7353478f89e018f0b4aacadf8a4330ec6c51804c7444cdd96e88,13.0,0.1482,0.9475,0.0274,2.0,0,0.024768941819596327
039636bc35049a611b7c5fcbcf561248e27f3e37828e97217c33a0909cdfe6b0,13.0,0.084,1.1581,0.027,6.0,0,0.018674803578618185
03964fe169ad37601990909dcb64179e622c8f18a01273ff8c6f236e01bcd446,13.0,0.0,1.0,0.0075,0.0,0,0.022280945636023855
0396620a55117a2e2d0dabeae8ffa131382c8581bd41f38cbf3ba9989f5bc24d,13.0,0.066,1.1144,0.0407,13.0,0,0.025667061810765092
039710c856eaa9b7e1067f7b1522963bfce1a5197072a858e3a67e4931dd3228,13.0,0.1111,2.0244,0.2089,6.0,0,0.35932821087327477
039724077db573e7f748bbab5d8e88d1cf4104b595e27f72dd33a9025f112ae2,13.0,0.121,0.7694,0.0335,3.0,0,0.018752715621970034
039756600bf93cbcd06ff23c1546abc16115aaeca5e48deac37256582a442df2,13.0,0.0,1.0,0.0068,0.0,0,0.02219398911428473
039758b364d972efaf2de6e1d856d749c1ff2edc6ac6276d5256f02782ebb55a,13.0,0.1469,1.0637,0.0372,2.0,0,0.027996008078504282
039787c3a4f1ec1a968b0d59630fab2cdb9e801f9689d4770235c1370eff6d78,13.0,0.1726,0.9417,0.7438,3.0,1,0.43743707579034824
03979e56c9f1f6be8b22a532646d02b8182b310983008bea31440a62d4ec19f9,8.0,0.0208,0.0,2.3522,5.0,1,0.7540013085021724
0397a6a2704349a1438e06399a820591024b846a90db3acf670e5f1721c67c01,13.0,0.1104,1.02,0.0228,4.0,0,0.01851913208531399
0397b60c1c433ef86376dc9c53d0b4081458aaab33f3bf7c3d550782ad754eed,13.0,0.0,1.0,5.8384,13.0,1,0.8222377177107434
0397bd0eca347464e2fa65bbe5dbabc35dc91a32f9308ccffcb7f849afa1c1cf,13.0,0.0902,0.4223,0.0315,3.0,0,0.01747494229768049
0397c96f497230ad30ba2f3ed000d2219106a194438e09e397b4f77178566d83,13.0,0.1276,1.3419,0.9331,7.0,0,0.49560983860325936
0397f6a37a5ba571d966f0581ff7bbec23ed50672d5bc04d05b82a90460a86ec,6.0,0.0,1.0,0.0096,0.0,1,0.07447578192254842
039802af23d17758e31ac585879360289a73304fda628856ccd8d9c5d0a38a1b,13.0,0.1383,0.9663,0.2902,3.0,0,0.30377873546749606
03980d99507d458eb0553a9a72c7253c99c4972de4745dcd380cd187bcc0b083,13.0,0.2638,0.5618,0.6857,13.0,0,0.6137963312111142
03984d8c351282f320038c3d7bd1aa879225cceb68d9d1307d98de3bff3b4aea,13.0,0.5473,0.9171,2.388,3.0,1,0.8482185279803851
039890695088b7730eb191113bc53bfe0464318bd727e873d0badbc7c2c64b2f,13.0,0.2217,0.6745,0.4384,8.0,1,0.6012100669323458
03989a075d686e9969275b960b3db4e8dfe29b194d5202cc1f24fe9a2ccba332,13.0,0.126,0.9816,0.0353,2.0,0,0.021960296735732875
0398aeb31568e012da9e1bf0169c5b88e791912607bf3efdb38f9af4b0901b0a,13.0,0.0515,0.8247,0.033,4.0,0,0.01847439721528675
0398e49b2b6df62fab5ee9cc32e57eae6991cdfc2d7aad9d8d14cb97613f325c,11.0,0.2764,0.671,0.0115,1.0,0,0.049013708137749586
039967cb666c6ce9f463b01d6459d975e6b8befd80fa00049a9d59913cafba9d,12.0,0.19,1.6471,1.2185,1.0,1,0.6530567653918513
03996e7e2ef7bffeb91f517046420f6925f3cad572addfd5f0a614f5af542827,13.0,0.0169,0.0,0.007,0.0,0,0.01769300875936031
0399bc4860d870e697096be5e99c1f71f90729f144e07fe7c9d46de72b83d422,13.0,0.0885,1.0267,0.0302,11.0,0,0.022373189177372035
0399ea0c0d05e0c25f94593b84b4acdc94776d729ab367f8d9d841f79f21f24c,13.0,0.0159,0.0,0.0903,10.0,0,0.0962299350794522
039a2233df2b06b83a0f07db7a951aaf96666d37491dcccf7ea428b719977f93,13.0,0.0785,0.0,0.5158,11.0,1,0.22820772780971957
039a2f6ce2a84eefaf90b40eceed8261d66e867c5e0fa0cecb96d1c9a67426fd,13.0,0.0139,4.1439,0.0234,3.0,0,0.04194546109716108
039a759f6fcd32e42d2b5a784f3033158ff2726e537359abbfc8f37f841f8fde,13.0,0.1874,1.4562,0.4783,3.0,1,0.5465260303372829
039a76bb9cfbc8b66c3d2778447fa0dc44f0dcefe4ac1ce932d65a634e06e54f,10.0,0.3691,0.7438,0.044,1.0,0,0.10856692035511478
039adc819efd7ff819cf571bb3cd078c4746bb7258ed2bcc55b31a5280d8d5a3,7.0,0.2158,1.8621,0.1628,2.0,1,0.5796456508265804
039b2526070ee645721225b99aa8845996bd629d80058bf64e019c89a9c3651b,13.0,0.1497,0.0,0.0091,0.0,0,0.05175746029977261
039b2ccbf19c1cd16e70b9f421fffcd2d5aa05ff879b4d78085ab2489e68cfa1,10.0,0.2367,0.8664,0.1019,3.0,0,0.32685909062693574
039b393a3e1481037752e7f376b7dc197f136607bac532b43152ec34f62c6fb1,13.0,0.4266,1.4169,0.4623,7.0,0,0.7788321960217129
039b59de9e888e88e84953f56c8c55a1794b62b89479b8579552bc8906cb5acc,4.0,0.2808,1.1452,0.2943,1.0,1,0.5875241555320593
039b887ed7b0214bf25026980430eed60bab11517db8984af3b4557069918506,13.0,0.0852,1.3337,0.3491,9.0,0,0.30706114965401643
039b942d8b884f1288edacd34b0a33083f6066dd434bde1ed29cd021d64a9d80,9.0,0.2313,0.9252,0.3582,2.0,1,0.5479329003040398
039bbc4c98db2b4918e90679714708faf40e79f74d3be381f0d61840123d5fef,8.0,0.3674,0.6875,0.1544,2.0,0,0.537426499767698
039bd2909a79d6f042ab0af4e23cb79cef94e852086df794d4b791ef84d72a85,13.0,0.2473,0.5143,0.0348,4.0,0,0.06072230148282537
039bdd07c5f1433957d8ba4cfc98f0f3aed6fa96a02a4bff03206d3bdd1f71f1,13.0,0.1559,1.0353,0.2404,5.0,1,0.4117364753480864
039bea0f6a54ec71d9c12d65c0f564aee74b85057aef16b0de4553a13e70afa4,13.0,0.1984,0.883,0.1196,13.0,0,0.30501863956572495
039bf892f8ae590112fc72b7f6ea624471696851b9963afaa7f8fc15d1e3e031,13.0,0.4557,1.3007,215.4168,6.0,1,0.8967923129860318
039c06fedbfafa81175a4ba87007b9b1b7ff88c53c4633767419b876a14f6618,13.0,0.109,1.0891,0.0178,1.0,0,0.02566085934779288
039cc631202ee833059dcb6102be1b4d34cd022cd6239b16acdcfdd17a7480e5,13.0,0.0,1.0,0.0086,0.0,0,0.06425341129100266
039cf651abd70d696d71c72dc2b95de64d7e0f5f61762c4152bf348eda4d5cf3,13.0,0.1333,1.0537,0.1323,1.0,0,0.15067155594300125
039d4cfed6daa3c1904ff2ba5a3daec5bb6e6cb2c281fb6cacc8a5fc49602627,13.0,0.0968,0.678,0.05,2.0,0,0.02161620491227995
039d8e321a10b70e876571da3cc47ab90267de8bbbfbb3655a72e0be5bd517df,11.0,0.2232,0.0,0.2425,2.0,0,0.457528224895634
039dc4175a947ad3fb6e6f24fae0bcbdc71c61df46abee27f75045d5b9944c92,13.0,0.1554,0.0,0.1204,3.0,0,0.20255940247698775
039e3929059996da704dc0cf45f16873471f6a2ccbe9b44eab17e2afc52d91f0,13.0,0.0943,1.1719,0.0374,4.0,0,0.018490859297208152
039e463e12957b6bfa963fec7edeee9588e84f82ad61e8bd9bead699508064b4,13.0,0.091,1.9039,0.0077,2.0,0,0.027518413106247638
039e4f73ab735f1b89bce39984d95df27214b51aeab79fbb6f4d8199adcafc6a,13.0,0.151,0.8691,0.0263,2.0,0,0.02270609560123741
039e50ccb2490876ada22befbadeb044d80f099cb68843a884f7ea0d6db2b96f,13.0,0.1619,0.882,0.9745,11.0,1,0.564363676223877
039e54cc690914ae4c04f9a0755195df5815bbd6c1cd15a2887f5ebcad607dfe,13.0,0.157,0.745,1.2692,4.0,1,0.620463064805256
039e5559d5eda1ea06631c125b63745801ddc7523631174035b570b147a65040,13.0,0.1367,1.5007,0.0501,2.0,0,0.03365528358462296
039e58e0fd5b52414c310e6ab4610b83d7208535ec073355ca7a5ee4e7073f29,3.0,0.2728,1.092,0.0943,2.0,0,0.34793508701845854
039ef4b9e286a11c47a9929fbe20fa1b488e5aec82ce854f93b107b173dbad1b,13.0,0.0,1.0,0.0045,0.0,0,0.019980332496187008
039f2883cef1153dbb43e4f4229e1b227c6a9d4da935c257f3027dd99724ba1f,13.0,0.0172,-0.1914,0.0249,2.0,0,0.031048709620103702
039fb773697e1711c8b5dd822a3bdf9b1c0d6281457a7a92f8e463fc67625841,13.0,0.0784,0.7912,0.0574,9.0,0,0.055038978415192175
039fe352df650f2b40bd0c6569634f74fb496e08001a7edf9f24c55c79280b86,13.0,0.142,0.9453,0.8352,1.0,0,0.38626508901388845
039feb54d6d9c0ced4d44244de527d9defff3e6d6b1c87ab8bfc4c237580a1d7,13.0,0.0,1.0,0.0054,0.0,0,0.01978947117409603
03a01d5fe120079b76e9972f0276878b34401b4f95ea9dc870871582f2a92b3a,11.0,0.1305,0.5801,0.1089,1.0,0,0.09931793753519902
03a02174c73b63e60a9b8e7f53f198d747b1ba65f3c5d6eec23e1ef3a37b88f7,13.0,0.2851,0.7196,0.5508,5.0,0,0.6403273887731037
03a023b8b6fe912d7b5ff4a9db8285ff4b4c060864af0a3350737d7b9dd41e09,13.0,0.1615,1.1084,0.4652,5.0,1,0.45333442010032726
03a029310ea1c2c82d8ca182c77d6c1c089e756f1d1fe8a475e4df583ed62069,13.0,0.143,1.0868,0.0436,3.0,0,0.02742435879876159
03a09f9d53b23fcdadac76737503e11618f9af1a88d8afa8b2a87d7182fd4b3a,9.0,0.7494,0.7109,0.0511,1.0,0,0.19107301305112426
03a0a868c0a5f96624caebc35345d85338e068dbf0efbbf97b61566e8f77ce81,13.0,0.1604,0.9661,0.0351,2.0,0,0.03512515208940741
03a0aba47cbb04fc02c9cbb79730f5f4b57ab4a48fd79482813a162b23bcaca4,13.0,0.1788,0.2002,0.1498,4.0,0,0.2910017539246263
03a0b3b143501f4be87af0abb525740203bd144d3b76fd160b1f2b39b8bf1226,13.0,0.2845,1.1089,0.0488,5.0,0,0.1021945606192131
03a0c0557503db0ce5b2ebc3dcd3c46071884bb95f99801ef75e52da2e83a358,11.0,0.3412,0.7639,0.332,4.0,1,0.6568560497454192
03a0e7e6c7d226131298045040a789dcefc5c59b3d9c5fa2c5d6b6040e305be0,13.0,0.1439,1.0489,0.2114,4.0,0,0.3736087430973198
03a0f3fdae86f9fc3a0623c2aaee6105c5fe69a695aa19e3833b5e4030c63880,13.0,0.1384,1.1354,0.0412,1.0,0,0.02576606356014815
03a0f97250da7323ac257dfcdeb25e436178481651741577b6651e8c3ad72c79,3.0,0.1449,0.8576,0.2168,0.0,1,0.33393346620520886
03a118dd2dba3e341f33ccfbfe3b554a17ed71c2750898fc6e771cf04080f078,13.0,0.1147,1.3048,0.0168,2.0,0,0.02241626089904531
03a123412f3cbf88bb4c5167c700a28dd48685bc5ac55225a5287c21de52ad10,13.0,0.4152,1.2242,0.1135,6.0,1,0.5875261414921954
03a12a91a6d6d59e2ec00278b2f6bc52d6fb300c45be3f66e010db64d5ab1693,13.0,1.2423,0.8679,0.1598,6.0,1,0.6977132829679885
03a132a7f78bc0edda47476ca9a86b15cf8b369f4bd45d21ec0386f17c168385,3.0,0.4221,1.1864,1.7464,2.0,1,0.7929352257306056
03a177ccabe61f5157bdca14eb2352e121e4b147b6784665b4f2a3822d51de12,13.0,0.1529,0.89,0.4533,3.0,1,0.393655845998332
03a18d32ca4b67c005ba4d5abb5bdf3296e16246b90c5dbca09051b75c8107fe,13.0,0.0,1.0,0.0091,0.0,0,0.07006471872599379
03a196f58720e491c019958803fb5fa946050a6e733acd76fa64027a96b4efad,13.0,0.0,1.0,0.0068,0.0,0,0.02219398911428473
03a1b4ef383e944eae6cbd71a7c61357d1cdfeeeca4bad222d1e1486ac49f317,13.0,0.1834,0.8809,0.3465,6.0,1,0.455402910055665
03a1e1cf2d6a14e93ce8c34b4aa95d8a0a7330bb4b89642f6b953e9be1b9bcc7,13.0,0.4396,0.7554,1.4157,5.0,1,0.7937712949990057
03a1e229f7d4f0e149295ccffa1024905d9d6e1282fc599560bfa6074d14c0e3,13.0,0.0834,1.2649,0.028,2.0,0,0.021802428389889793
03a1f4855dffab4237246fb8f0201c26a22d53e0141fd6cea4ab337610a4c3c0,13.0,0.114,0.0,0.0331,1.0,0,0.022075874161898885
03a23f1c81690ff3d0137c98bf13745eda138126669f91d32a861a295dde93da,13.0,0.0983,1.4998,0.0056,0.0,0,0.02558557705452856
03a24b209609bc631499e005baf07e44a878d80b7712858b5e14c7c107bcc0fc,13.0,0.0,1.0,0.005,0.0,0,0.019980332496187008
03a253ab8279cf155c22ee81bd57227e7eda27e6d3348e52b439c4f05d10669b,13.0,0.1372,0.9498,0.0553,3.0,0,0.035381515339403403
03a26ffc784e7f308a4486a02bbf3209f737f8fe32032874d5f265c37b12332c,13.0,0.0996,1.4061,0.6754,5.0,0,0.3194288664829896
03a2778b091afc2fda58e513140af3c388e5f1dd5fec82bd4a8a90dd15c624c5,13.0,0.1341,0.8918,0.0212,1.0,0,0.02252642049797996
03a29bd607a08519a143cead6115e3836fb2cf66d8b6dc5f91befd24bae00b2e,13.0,0.0346,0.0,0.0085,0.0,0,0.03981275249726222
03a2e9f5be9b7f99c70cab90b95640f0f16c84fb93aac70fe266f84acd3aac73,13.0,0.1356,1.7855,0.0088,1.0,0,0.030953175233529855
03a2fb5865ea11acb2aa526f170af267e8d8fa3eac440a3e9a9e9713bd6f7659,13.0,0.1627,0.9826,0.0324,1.0,0,0.026359592716664212
03a34dbcc8fe93a512dd23a44d68a0e410ef992d6060f8ac9c79361e8376cae3,13.0,0.2439,0.9807,0.0742,4.0,0,0.21416419907408937
03a35ab55f752353fc01c4b6f92afa41c66c01a02706b5399a0b1e2f6ee05248,13.0,0.0,1.0,0.0076,0.0,0,0.022280945636023855
03a36ec3944c7a1391f7f9f451d3d70e0dcfd8e5ba656f13bd665b25e57082c4,9.0,0.1321,0.9599,0.0361,3.0,0,0.02066065458363235
03a38cab6b223c547a94b35a7234d94325fec3d69f2a078f8665fb57a77728fd,13.0,0.2709,0.8441,0.5108,6.0,1,0.6049940825624833
03a3f2cf4401a409fee1006dd8d28b95a16dc7c27f388b366645d199b9e52c6d,13.0,1.0295,0.703,0.0668,1.0,1,0.4334895845631804
03a4292fed95a3a6582e0d05400d56a62fdbd80140103c401394be9afe47c6c0,13.0,0.1153,1.0154,0.0462,8.0,0,0.02122760641021229
03a46482e1507a1db7c0626289e8e39759cbae23d513f27d3b44e20ccfd87dc0,13.0,0.0744,0.9828,0.0322,1.0,0,0.026289771323289537
03a47dc65a6603a6eb17ca77e5ecde604b8d8eb111d54625d29d2c93740badcf,13.0,0.0,1.0,0.0058,0.0,0,0.01978947117409603
03a486c3f8ab16988f458cf6664a9bed0d2a2c951df60929847e57d04e0c12ce,13.0,0.3763,2.2791,0.3201,2.0,1,0.7072073575554326
03a4a52ed8996db2f889f7207debca09a45731676fb5f31f663065f69bc6cd3f,10.0,0.2552,1.5781,0.1029,3.0,1,0.4745425402754326
03a50e250144b0a68ce873d9bf41519dc8084b7cd01b6355cc55c904f12b94c0,13.0,0.1087,1.0774,0.0492,7.0,0,0.022789853685605224
03a54824c3de3e008282c27913b79d8d63d97851a0d2840ab75c828a728d91ea,13.0,0.0,1.0,0.0055,0.0,0,0.01978947117409603
03a550eddea81021dbb079060944c28c20d3d3cb406a33aa0d96070e82d76f9c,13.0,0.4698,0.4756,0.0993,2.0,0,0.41289566788973564
03a5bfc416e3947315afc14586278339834397f3b3dee79bc00a33b4054de5c0,13.0,0.0,1.0,0.0045,0.0,0,0.019980332496187008
03a602f2565c0dfd863f46ab8d5d19b81235c95d6899832b01a2a73b4ea11924,13.0,0.1585,1.0179,0.3171,3.0,1,0.41005392080155034
03a60a333a36e2bc12df06b3bb9e0b1b365169158c31d07cf64bf5fb1f049c9d,13.0,0.4158,0.7763,0.081,2.0,0,0.3087342204865379
03a6131ec4b1fef34993ee710ff798375e4c517243989083a67e99fcdc2323ef,13.0,-0.0045,1.0,0.0207,4.0,0,0.03117918772852242
03a62038e7c5177b54eb475c465fa6caa75a278b4e1c4003a3933777c938764b,13.0,1.2542,0.9247,0.1204,2.0,1,0.6218345334338609
03a62b805ed593e58666dbd63cc8ee722d98344518cd09a7b39832387816b17d,13.0,0.3194,0.7501,0.9447,3.0,1,0.6762040902397007
03a6476f9232519ffda303eb5c28382ee247eaf2c1e9d5aaeca8e8224ea5337e,13.0,0.6288,1.1998,0.7217,6.0,1,0.7699300434929642
03a69387f3f32e114008f37d21897dcf19950c9a0868c787d91bacf4ea024885,13.0,0.1345,0.0,0.0144,0.0,0,0.049387861101771
03a6bf86838332ab78ddefd514aa0ad98f8e26eae6a8ccf46ea14d60321505bd,13.0,0.2599,0.6322,0.2652,1.0,0,0.47995799620715507
03a6cfe77ecef535121566de4ba834e2cec7940913d8da4c4bd62ea53f5e175e,13.0,0.1198,0.9447,0.1662,3.0,1,0.17239216708899732
03a6fb4670a776d04dad91ee5f34a268ce79cd9dbcf29d0e823f8f363573ea62,13.0,0.1454,0.8788,0.0446,9.0,0,0.02612687594376929
03a75235d941be388cf1d32e7e86f62fa577c16eec32943ee4ff532d344983d2,13.0,0.0,1.0,0.0056,0.0,0,0.01978947117409603
03a773e780487a2d60b960ee9d27c21b37186a42bedf66741eeb4a4ffa514d80,13.0,0.2012,0.8209,1.8206,3.0,1,0.8068218707481856
03a7b239cfb05220e9de182e3088836dd11214c596071e2f5d3a10348c23f476,13.0,0.4053,0.6144,0.9872,9.0,1,0.7432480819922422
03a7b3ec203c68772afaa2b15ad310df680703dbd96e9c0806eb0291acafa102,13.0,0.0636,0.0,0.0048,0.0,0,0.016056884449379208
03a82dd63cb06fb1c4d8b625bab091242ffde571477929876a99486de6f84395,13.0,0.1105,0.4922,0.0509,4.0,0,0.018817812210974005
03a8371bd6c3668044f9ccf79c3e868feb506bf1236dd21c1cc033aedcc97882,13.0,0.1227,1.7337,0.0335,7.0,0,0.021126834174675313
03a83efca4715d78ab8b5fa4d434b51f0cb13e98ca8b0e101b7fde86b549e23d,13.0,0.2449,0.6852,0.1585,1.0,0,0.4917885208268667
03a849b0d120162f586d342f9e0d72f798fc18dfe310aa13b1630986d5f6c13b,13.0,0.3373,1.3973,0.0436,2.0,1,0.22497182985994507
03a873077cfbd9eff0813d95e6efd5e285d4b3aa27e06302e18c41fd8d159ab3,13.0,0.3293,0.5936,0.6325,4.0,1,0.6459021595521456
03a87d7a6097d030cc42d670928da25407b4d2ee1dc1f6d35cc7c7c3a6c05139,2.0,0.176,1.0068,0.0745,0.0,1,0.22952092495947266
03a8927827d3f55e39d09befa958063e664367375be12a5e647abb6d7a73660c,13.0,0.278,0.8507,0.0097,13.0,0,0.053815268008465075
03a8e44b0854ea653e3cc9f7cb0c4c513f6ccc138607151101b1896bae6bf2fa,13.0,0.0157,-0.428,0.029,3.0,0,0.02091980593465169
03a8fcacddddf7bd5b7c4c6e7e89c5fcf699638a53211d4741382a663165ed0c,13.0,0.1295,0.9068,0.0692,8.0,0,0.05406781904387011
03a90e72663b84adf631b25475d869506c7754320d483fbe0d9b101269338f18,13.0,0.0916,0.0,0.005,1.0,0,0.014220178636587049
03a917a0189beaeac9ec0d379a0b6def6fba0616ee07162f41708e3bd1ecf27f,12.0,0.097,0.0,0.0091,0.0,0,0.04329526566873859
03a93896da98e9b258550c98a3279b1be2409d534ce99ddb7283cd81935e716c,13.0,0.4711,0.8298,0.1452,9.0,1,0.6632881299493952
03a940fac20b37c7c74dc53555d9d9e300c0281b9438df22939cc2d0c8482ee4,13.0,0.0,1.0,0.0056,0.0,0,0.01978947117409603
03a970766ed7168bfa489af989f4a78778d6589bb03201378be90e09d869e413,13.0,0.2538,0.8346,0.0284,1.0,0,0.04589745995931678
03a97cebb557e48c7d904017d6ce45fb4386529c113d6df5b9006a6a597ab373,9.0,0.0,1.0,0.0051,0.0,0,0.019980332496187008
03a9832e338f3f8ee4257320160b1ab63c93d1eca6908b052a29d523811df3f3,13.0,0.0,1.0,0.0093,0.0,0,0.07006471872599379
03a98a3f14171c59231d1702cd8cfbcb48f1365eb3e583012b73c586fa6beba4,13.0,0.4479,0.73,0.3931,6.0,1,0.7158067537445393
03a9a13ec68e777aa2bb0749f6436871258fe456914d770b75038402d11ba78a,13.0,0.1273,1.3696,0.0215,2.0,0,0.023115619814471956
03a9aa386840446a3a14746e43154448075a3219ee9b07c3ad18cdbf49363ee6,13.0,0.1243,0.8558,0.0658,3.0,0,0.05044584241342696
03a9f618e16418f6fe030de2489a2761bf8ba503f5ea1e8971d17a5f7e7848da,13.0,0.1647,0.82,0.0323,2.0,0,0.02498451032136014
03aa3323626f1acdac686db9374a5e27ae03981c99eaf23fc0d4a9e308369651,7.0,0.0995,1.7603,0.1757,3.0,0,0.33757797223549085
03aa38e945c09f32b1d299b1627311f2e7c774cd4895a644c71f37a2d904a019,13.0,0.1204,1.3101,0.0261,2.0,0,0.022520258571824662
03aa5b2008d81d1386536c2a53ca2d237c482903dad15c3912712f295ae024ce,13.0,0.1387,0.9655,0.0377,1.0,0,0.024613328018439677
03aaa94043da88c83fb7f249231419dce108d7291b439ef5758c3e71d38586fe,13.0,0.2894,1.5321,0.3448,5.0,1,0.7185409246911889
03aabab75e81f0587a0713d4768b2cadcecbe84c5e487ead8b66a23135e78186,13.0,0.2063,0.796,0.2004,3.0,1,0.5291011204996633
03aac1a17a88f45af9165a9ef570fff2f9022a244464d1b3d2b2428dc9af4aa8,13.0,0.2447,0.0,1.8957,7.0,1,0.8226068452592165
03aac65de6ebf152ec56a439c559a884c81da5a6724ea1be4da699d2442bfc81,13.0,0.1093,0.9429,0.0418,2.0,0,0.022787406486917346
03ab0956401ad627bd4610307f0073de4ab73dc067bf2ffdc2b10769907b6519,13.0,0.0,1.0,0.0083,0.0,0,0.037720949013385574
03ab1a2c8337cb0838320a34de751799994181e52ce4fa0a353a2abea4317bd3,13.0,0.0,1.0,0.0067,0.0,0,0.02219398911428473
03abe0f0fa1ae9b2e38e4510f5dde2af9c90e7f045aadd2321320dd5e204a2c3,13.0,0.1417,0.9178,0.0349,3.0,0,0.02152160430712013
03ac16b3f0fd14d1e303144c2bcb1bae2ae398ffa9b0bf5a8f11d94d9d2d101c,13.0,0.128,0.8703,0.0256,6.0,0,0.017911087942736277
03ac524dfcfb4f0b3f07bc6c75cf02f56203dd73ce04aafe52bd82917ce96cf4,13.0,0.0,1.0,0.0103,1.0,0,0.053041686427171414
03acce157c26a429be69ed1457135f879c3a353866d0967ae441944153ffb6cf,13.0,0.6185,0.9696,4.087,4.0,1,0.9041953833767821
03acdcddafa7325559d88481ea951de586e67b924c4b3984fe1379436da258c2,13.0,0.2234,0.0,0.1965,6.0,0,0.5412644937675479
03acef5d9db1cdff6e483db40ebede01f06da598926aa0d176d29a669ef153c1,13.0,0.2063,1.1025,0.0161,0.0,0,0.06516580950843226
03ad0172a0275e4a671f79dfd8dd8c14a3eda4fc28370cf61c9b11dd510b22ac,13.0,0.1866,0.0,11.3376,13.0,1,0.8061824112452414
03ad197b43efb024909b7d9b1eae77ccb8bf3a63dabd3e1082e1f14ff375bdfa,13.0,0.1244,0.9267,0.0379,4.0,0,0.02111081369310964
03ad4b9e555899ac6e161bda8849e8d4dc11fb3264691c46b79006feb73d8f37,13.0,0.1533,0.915,0.32,1.0,0,0.33059555150534237
03add7967460e8385d3fdbc860665367038716abf49996a1b4ef60426696f67a,13.0,0.1759,1.0027,1.0462,4.0,0,0.5127517927963868
03addf1b8fc0193f1cf13ca0fb9c3a536ec5fd6f9818df65945a411c55df7570,13.0,0.1428,0.7278,0.0081,1.0,0,0.02145083218937018
03adffbd80cd415564433b0172231b2c61ddaf04a4b02b83a230443a4fb71749,2.0,0.1375,0.9254,0.1012,1.0,0,0.09685905872369702
03ae3b34d42a35e5838afba6a20813ed198c49b52b1c6ac224679967e21940bd,13.0,0.1482,1.0977,0.0158,2.0,0,0.0253409193264654
03ae6ee979383818eb99de877b509e56aa88c13a22385208043133a469264a4b,13.0,0.137,0.978,0.04,3.0,0,0.023590314107545605
03ae855ec86eacac80b2dbffee6f985f09464da8ea5fc937b17f0135ae436be4,13.0,0.0971,1.2754,0.0648,3.0,0,0.04906571322938788
03ae92d8be86eb0b039f01d71803bace4fe2c562ae7dcc97188554c730912733,13.0,0.0,1.0,0.0059,0.0,0,0.021280478197017946
03aed6b2b0ed16c4b21c7ebcf968e8fcc2bb988e68b696db42bdf696a7902218,13.0,0.0881,1.1516,0.3975,3.0,0,0.30036240539974146
03af3585b9a9f72b8d464cd2ad41849a2045d636d27a750c31b140b4c6ff0c7d,13.0,0.1033,0.0,1.4126,7.0,0,0.5857459215555392
03af6f4a0582da226e45a4aa9a3f2280a0d3a33db173ec03e598485b82a4fa87,13.0,0.0,1.0,0.0055,0.0,0,0.01978947117409603
03af99bc36f3ed5e813136eee753d90fd2ca8dd2e87f82404879a66f39cc71fc,13.0,0.175,1.0244,0.2327,9.0,1,0.4023103468913012
03af9b1b0bd247aa4c617759921e69e3f552f634a98dc0de664caed12c75d1ff,13.0,0.1228,1.0439,0.0305,10.0,0,0.020048602128007784
03afeceae32259dd79720a55dbe464ede0fdebe07d4e501719bfe2689d6554f2,13.0,0.141,0.0,0.0601,5.0,0,0.05552776302468101
03b0494051a74bda1c559b644948f42652083f8607c50b8a59d543b3f053bd58,13.0,0.2139,1.2929,0.8862,6.0,1,0.6113247430856211
03b05c2f74d9cefa85d9513e1bae7fab085cde605b2af2e826a616b0c3f6159d,13.0,0.2177,0.83,2.4527,5.0,1,0.8247220663850849
03b0baf7bc35c9cb59495881ddda5d6500de15ab5630448dfb74ecb9e46e3e5b,13.0,0.3561,1.1114,0.8715,3.0,0,0.6798158288537679
03b0c146a77f61869e879c8c9ce9ee07289095b8271b23fb1fe5a8b476febdf0,13.0,0.4074,1.0907,0.0648,5.0,0,0.360812926204247
03b0c3591656b8b72c0e4c61d53edcb1205d3e38f64799fc705f6968244e8aa2,12.0,0.2588,0.9177,0.0715,0.0,1,0.38351142907188274
03b0c7768e59c0bbf2b9e677202aeb02fd113af0a8836b1ada9729e121114c74,13.0,0.3706,0.5108,3.5361,4.0,1,0.869418863415514
03b11725843330b19a6081a2f662ec575a6283fbeb4563d932be8cbfff8c413c,13.0,0.1109,1.1849,0.2835,6.0,1,0.2838820261333534
03b123de4b7b96c49a5c078511a39924ca809167d6c3fab61338e677397d30a9,4.0,0.2851,1.2186,1.0903,3.0,1,0.6575585523727789
03b1951774dc3b102a128ff7876c0312da9cbe80c220ca80c544f12002fd7151,13.0,0.1287,0.7956,0.3022,5.0,0,0.233187771798252
03b1bde79393db98ee9b441c64c179aa23ef34e2118afdc1c55ecaaf75c4ba69,13.0,0.73,1.2193,0.9804,1.0,1,0.7123156066136146
03b1e30392c4091c682db3d94de874f2170ec316b9184d5915315f7e9b2915f1,13.0,0.1621,0.9437,0.0426,3.0,0,0.028272589847323212
03b1f01afc58497ea4fd453e4fe30ad23f6d5860d55f946d9c70a976913cccde,13.0,0.1965,0.5283,0.5468,2.0,0,0.4571409363849673
03b207d076602840754108a54f9f2fa1456270dafb658358eea73df5d7c3f96b,13.0,0.5015,1.1064,0.0551,3.0,0,0.22608893201541913
03b257b0320793ea04411f2e494f1eb2795ebad0c3293093d0b54ad3aae2c3ce,13.0,0.297,0.7559,0.1038,13.0,1,0.46900925558992657
03b2785fd0b4756c4487f881ed55caae5356b8764b626290cbe24efc01216704,13.0,0.378,0.4463,0.0576,1.0,1,0.4000748009283277
03b29db43a312264a766096822c4f6095da5c81db3510c88fbf7c65ab7578780,13.0,0.0,1.0,0.0044,0.0,0,0.019980332496187008
03b2b807ea23e34f5f0ba07fef84fdab11ad98ce70b2d7be575cd9b8b9e8d3b1,13.0,0.2784,0.3803,0.0105,1.0,0,0.05001553509722769
03b2b980e79d4f6abe7ffb937868fe4414a010b3905ef477d5383caf074b8fe4,13.0,0.0,1.0,0.007,0.0,0,0.022280945636023855
03b2bd083fe0cd0a02800d4a4cbc83de30a39da1d92ec83ccb52247e4e348071,8.0,0.1834,1.3154,0.0374,1.0,0,0.04752205955685963
03b3022b8e70999211262c92b69097dfd6bca68b3b1e4547f983ef5754e59dc0,9.0,0.3266,1.1196,0.0223,1.0,1,0.06217340780407188
03b306b26100b871659acd28aa6664afc8c44a13006ddf4050405f917b8d4f4a,13.0,0.2859,0.9922,1.196,13.0,1,0.6494794974680231
03b34fa39462d55503df5df913047c2dbd194a184bcbc81ffb6d2346744b4d6d,13.0,0.0,1.0,0.0052,0.0,0,0.01978947117409603
03b360c593d505f4dc3d4b0babb04dcc99cc3a0900d805005547e1101dd05255,13.0,0.15,0.854,0.1512,1.0,0,0.2440697685733123
03b37c953b6d1836ef296b936b907dd14a3001d06e900730c8e9c26b2eb006bf,13.0,0.12,1.2029,0.0145,4.0,0,0.018374396213513385
03b3ea44ecec851f7e182ee2db49dd636ac53e4e9006c3cbc7f51e098cb2d9dd,13.0,0.0487,0.5567,0.0196,1.0,0,0.02458759887401123
03b3faacb8f83944753f5da957c13b0eed3af006622258e59d963a3bd4528a35,13.0,0.1685,1.1182,0.2091,4.0,1,0.39137068038179657
03b415ee24b200586668e5b177fb6384a46ae0719fbe1db04d5480a56219e823,13.0,0.0518,0.7253,0.0273,2.0,0,0.02148356173337012
03b41867300a8437b4899500a5172ed486578e227eeb551ef698273ea3d2c74f,13.0,0.2545,0.6714,0.6699,4.0,1,0.6028544775448584
03b423e67778c98ff78285d3f9d71317cc1d006c23a6966ac7f8c077bf9a7e55,13.0,0.017,0.6922,0.0373,3.0,0,0.019819668280308532
03b4465ab6def4d495b31b2ffff0ceb024dc8e5479b2ddfe642e67ee889da583,13.0,0.6299,0.3394,0.4104,5.0,1,0.6770834402761874
03b45b357c0bf376041580e904e6649a2f0fc50b9ded2d6779f0184191f1a301,13.0,0.1229,1.1743,0.3495,3.0,1,0.3306259226032609
03b462d897eb4382daf01a7f8025664b5f091d1a0b6d786ed209b9f9f43fecf8,13.0,0.1375,0.9475,0.0518,4.0,0,0.022022355507950855
03b4da6fb410325a507dfd683be0c5b704cd475297be54ae4afb142b87d4e743,13.0,0.1989,2.2105,1.2502,2.0,1,0.712128429661528
03b4ef2ba4cb00b23e4a3b6de3d9daa3453a1fdcaf90f69ed087fae4610640fe,13.0,0.0,1.0,0.0088,0.0,0,0.0668791263085046
03b51cf6089a14c36d520015e19d34abae30ff9320d812f4205f21eb9bce386f,13.0,0.2161,1.4028,0.192,4.0,0,0.5731604709100702
03b52bb30a6a13794a48eeaee1de91b3fe06b24d0ce1fe8f4ffd7637b12be363,13.0,0.1475,1.286,1.7495,2.0,1,0.720987066368224
03b52c49b3f8ea1cb831d9804affc3b5e453df140e47e1fe6a05736305db512a,13.0,0.4008,1.2315,0.0176,1.0,0,0.06092585661840588
03b5352be1d13ee336fe78b3ff563e3bdcdf344015a328a56b7683fc14543215,13.0,0.0733,0.9166,0.1658,8.0,0,0.169674085610688
03b54326acef626a1004648d63544a5797156553c801592593f65e988aec5a12,13.0,0.1276,0.6638,0.0443,4.0,0,0.01798438270846798
03b57b98a579e52fb43d15ff82bb840641fb78ca67c99dde720a5d4b2300d9cf,13.0,0.2625,1.6694,1.2179,8.0,0,0.6012397927337819
03b5a2092db82a0e38150183aef37d268e9132a39c6bbb5fd2aa153d0f06be92,13.0,0.0815,0.7309,0.0459,2.0,0,0.021213975989102924
03b5d09972f7d7564481ed6365a6d945f2e0c0242290a9abf008628d9d196818,13.0,0.104,0.6719,0.0411,10.0,0,0.019727367989844726
03b5f17e4bdb451b4ab1c7ca7495025ecc4e6e4f5746befa770f778f71944242,13.0,0.1179,1.1505,0.0329,3.0,0,0.01994460094575915
03b5f53e2d648a665de9f5a6e328cf92072af59be7c5e805fbc3c374d352e31f,13.0,0.4713,0.9841,1.0657,3.0,1,0.7385966850283253
03b5f97a8dd080fa02d7207377cd3f5944fd7bb0fd5f86bd2217ac8f2f514018,13.0,0.1555,1.0123,0.0179,1.0,0,0.026045449773452113
03b5fecd6d6b061ac6c65e54944395025e9a62aeeab52d1e48e2038f1107fedc,4.0,0.2723,0.6343,0.1203,0.0,0,0.29567333774312593
03b628716bda5f4c01fc5d8a95866ba1503a319ac4ae14f02925d61715a5a84e,13.0,0.1088,0.8882,0.0363,8.0,0,0.018953880444503052
03b6315bd385a8ca6a7a6c5b5a865eeb2da58541b2180821f589267d121eabd3,8.0,0.2576,1.1884,0.3387,4.0,1,0.6258487522486245
03b6330438695d986c39643f11dc2c0960510641009616eaf4039e3d44529a7a,13.0,0.1672,0.8955,0.0411,8.0,0,0.02577757509541416
03b6782fa1a28a8fe6c7f45581aaf236052dbfdb0c38893b8c8942ddb200a6c3,13.0,0.1643,0.8203,0.5053,13.0,0,0.4114267675877901
03b6a9e59baa09df09bd1210a37f3661232005c318eea622249e772b71915fa6,13.0,0.0885,1.6936,0.1209,6.0,1,0.3102378763289899
03b6d6c57d138e21f7d346969572257dd1c8b4afb3f256b9404db350801d72ee,13.0,0.0,1.0,0.0059,0.0,0,0.021280478197017946
03b6f38fd09c6505691e379b81380bd5b71ff6058f39fe5337bd749c4f40a1e6,13.0,0.4645,0.3582,0.3677,3.0,1,0.6542244923544217
03b747335e04b380d09da22687a0694eaa71bc0df40113f5f557597f4b50e07f,13.0,1.5464,1.4018,0.3743,5.0,1,0.7891340454885366
03b75b3fddb4a918e2162450d2e8d4b0967aa84744715c5dee584854222053eb,13.0,0.156,0.8224,0.0181,1.0,0,0.02243109364445224
03b7736054da27a458d1c2f3baa80fb324d2b75e3db995491ad08da159b0167d,13.0,0.021,0.0,0.0054,0.0,0,0.01558099710817492
03b774fdc8ff6ce33976951e86789d08415c6805a3da7b49c33f661a0052dac0,13.0,0.2329,1.4173,0.6262,4.0,1,0.6209968168608266
03b787a626e2747fd21f2c5aa51eeff9e3a73a09b460ebeb97fe363d2bb31595,13.0,0.849,0.8635,0.4097,6.0,1,0.7304375134356005
03b7d1fc0782135c0e33123d3b91edab847502cbeceaf018c345d52857874a03,13.0,0.0,1.0,0.7682,10.0,0,0.3426171438565543
03b7e93004042671bfa98c53147349aedb27a2e4573e9e95d0abf2b7243e52ab,13.0,0.1055,0.7584,0.0383,1.0,0,0.02224729620009783
03b811451966145a4be40ee5029ec3b349fe9a08fd77991684ef33c9463ce642,13.0,0.1712,1.0112,1.5608,2.0,1,0.6249651813431433
03b83aad13cf5d8d898afd53438ab3a430f096b7bce7509a2878c10839ffebf3,13.0,0.0,1.0,0.0064,0.0,0,0.020263886945132575
03b863be1d24ab490e5e7277736c3a02ebcf6a86d6042533fed106ed8da026f2,8.0,0.1724,0.9699,0.2717,4.0,0,0.3699229158683327
03b86495796a2710967abd246a497363cadf90db58ab4c6af4631789bc3c34bd,6.0,0.1524,0.9318,0.3345,3.0,0,0.3712158791742201
03b86a915e81c79ff1abdf905a6600eaf0a7fb8d93f8a506b2f456453566fe46,8.0,0.1811,0.9777,0.0579,4.0,1,0.16335071484923436
03b8942a71a93998a9e9308a43d3b719bb6fdd3b4770003e1a624c4a2848d9b6,13.0,0.0,1.0,0.0058,0.0,0,0.01978947117409603
03b894fd0f1cfe5ae246dc1830402a0b623cbec25f70bb5213afc8d1b0becbce,13.0,0.1303,0.7767,0.2896,13.0,0,0.29308482813008185
03b8a843b990e59964704d68d793d7346713d44c0654008a48625ef66bb9fe26,12.0,0.0906,1.2322,0.0476,6.0,0,0.02000858128404989
03b8ffe4918c0177733417f4f1410e9a586ae4fe3c9048e8239459abd0ae03cc,6.0,0.2069,0.8375,0.0261,2.0,0,0.026904857715780897
03b9382888949ac94b5558163e0a65af6535d56eeb285b11f0d41d87be9b8b9e,13.0,0.0187,13.0,0.0055,0.0,0,0.11991811864686536
03b95fc029c235d8fc244258abf88a02a0250592e26225c9707f781336083ca0,13.0,0.2687,1.0452,0.8808,5.0,1,0.6283362366817999
03b96dec6752b79cede9a146109e64cb304c22a96c6878b31df9d3a83186f324,13.0,0.9706,0.0,8.9587,4.0,1,0.8514354028555211
03b98cc8e18ecf2c085ccf7e204bd875dfb81d24cad90da6f80123886aa954c0,13.0,0.1083,1.6285,0.5826,7.0,0,0.4328644324510965
03b99f588b41d64a00cc8ad29af0301948b7b5f112e7b7fa4af43eac995f70a1,13.0,0.0649,0.7763,0.1767,1.0,0,0.15842375721587296
03ba13b8c4038c85e2ba7d846e01b2622cab531f29e5293490fc0df819137677,13.0,0.5188,0.5102,0.0614,2.0,1,0.37715528509962565
03ba53d7155db8a2df7f2a8be787c596dec30f2d552bd7ed186ef58bc15ed2bf,13.0,0.11,1.3719,0.0361,2.0,0,0.023562730898883288
03ba5720016d42e8af8a111a1fe21944d8ca03dae231a3a017115717fe86e3a0,13.0,0.5203,1.6987,1.5925,6.0,1,0.8454978312161692
03ba92c68c9724c21a35c2c1eadabfec960d96aa27f51bb2719ff621ea130d28,13.0,0.0643,3.6187,0.0352,3.0,0,0.058296118388640246
03bb0dc6a2a03a21ef1e06162cef62740fb427e259bcd366a4bbcbbd8030a312,13.0,0.2623,1.043,0.0091,0.0,0,0.06226848633973954
03bb1665aebf12b77945fe448bd15311a8f5ddf67d5aa80e4664d3e33948a7aa,13.0,0.0,1.0,0.0052,0.0,0,0.01978947117409603
03bb1b8933526f7c149c43f2ff4eac9c541c6c88acfae8f15b149c8579e33b1a,12.0,0.1961,0.853,0.0193,2.0,0,0.02981197748953817
03bb261841ec7b6c35408ac9f034914efcd96847fabedd44aba9a6f73be55af9,6.0,0.2757,1.2799,0.0754,2.0,0,0.24185093822793965
03bb2fd1607bbde4ac1dcd589e67fdbcba4cd16f0c55e713495af96d92bdb6ed,13.0,0.0,1.0,0.0089,0.0,1,0.06958473545680527
03bb3f97f0161041c4471304d8aa486bb8c153ef3498cde44c886f99388ecacb,5.0,0.1723,1.0,0.2961,2.0,1,0.3608259762715739
03bb54c9f6d5ea31f4530419d5a6334f157371f02cdcb5488059948efe64aedf,13.0,0.4474,0.5165,0.0198,1.0,0,0.05404046357910679
03bba50c0b351051d6e2c4e1aa8faf4dd09c3821b4bd68b3cac775b8ff82f391,13.0,0.048,0.0,0.0108,0.0,0,0.045672029423106754
03bbfc420af663efb0606a4343ac394b05591873f06ebf55d1dc6cd15255ec08,3.0,0.2646,0.9758,0.1361,2.0,1,0.578561399098048
03bbfeb860c04ec527f96467f2173f7e71e5e253851d98f1513fc1881897a4ee,13.0,0.1149,0.7971,0.77,6.0,0,0.28269159430991253
03bc41c4b022306a42ecfb279367001780528a8e0e81a93f0c2cf8dc0c79ea0c,13.0,0.0793,0.912,0.0428,11.0,0,0.02520840257860214
03bc577e7f5d0a6fc1ad3a5d08600072531370363c5aa5d195678ce1e3623b89,13.0,0.1966,1.2403,0.5025,3.0,0,0.5196856637133336
03bc57c38b384801a03a0a2700b596366c07e0e36fc62663b88d8add1b195ba0,11.0,0.2587,0.6116,0.028,1.0,0,0.046469718487191745
03bc79ebcea3c724eb9049d550785d0578e287af94a7cb4d04246e87d3b34df9,13.0,0.0772,1.0251,0.1133,2.0,0,0.09427237466585917
03bca5793d4c1198033aff1554a483374cac0cf312a0f0fc3444736f73a8de57,10.0,0.0898,1.0421,0.0711,1.0,0,0.049975657725681376
03bcbdef7f82b423779cec97b8afbd72c494f15dfea9c02b34b23f33a9d8ba22,13.0,0.1473,1.1823,0.056,1.0,0,0.05216721712892887
03bcbf89545554726b16270ece87dd8f071fc8bb3b99597d6da1f63e9b11d041,13.0,0.9122,0.9015,0.2765,4.0,1,0.7250369722565165
03bcd7c6d5a27407261bb5596ead904331557d5abe6e07e5bdbd0c40bf687095,13.0,0.4032,0.7032,1.6771,4.0,1,0.8106910470726071
03bcde36424e3b1c12592c83b9e49f0dcf8c90121528592c013f1cd80724a83a,13.0,0.0672,0.7364,0.0185,1.0,0,0.022892044767834064
03bcdf4b6ae7027f4d6cb8770b7dc29e6e3b80a6222d4467bcfc2fd8ee66ad68,13.0,0.1762,1.0389,0.3148,5.0,1,0.4495990534721572
03bce5b9e5d9449cb541cf242ec00294df5f5f2be7eab953d0db0cfaa79f9bdd,6.0,0.1944,0.9025,0.1031,3.0,0,0.32441589577761976
03bcf8fb0560c88c3470a195f0dc450ff75656814939504728e1afeab44bccd7,13.0,0.3123,1.7209,0.0423,3.0,0,0.19406475283676983
03bd67e5fec47e885e5cf0fd6d6c43db9046e1a28ba19da3030ed38df37b8fe2,13.0,0.5665,0.3631,0.1107,3.0,1,0.5294435531545559
03bd71d2f2788558f0f176118ea4451b8bd20f4cfaff23e846a8d3b09c68127f,13.0,0.1414,1.114,0.0413,2.0,0,0.025694292868999748
03bd746299da6d8c15e368a24308c19b7ac05145202e150148e66b762fdb3732,13.0,0.4352,0.3916,1.2123,9.0,1,0.7250521987406685
03bd74fd79c7c0dbf1d024688134962b15f057546c3bd588595024fad8f10e69,3.0,0.1693,0.9858,0.0409,0.0,0,0.12438392684583914
03bdaab79ec0ae39c2e2f5f63ba3f63725fa984b6cb4201ff0d5f74662c489cc,13.0,0.9196,0.5892,0.5725,4.0,1,0.7182923943890027
03bdba3ffd5a5471f67309212eab5bb99fefcdff622440dd189f1451feaf6f95,13.0,0.1035,0.85,0.0384,4.0,0,0.016766174610305443
03bdbb1e83a21c65857e2da0ab2060fa6e132bd3f4970c5f55459088647ea136,13.0,0.1658,0.0,0.0437,2.0,0,0.04226083457123619
03be12fb041cadc631d3aeaeae563f13a1a4aaf43c23e910051886271e60811a,13.0,0.2065,0.399,0.2468,4.0,0,0.493831776252881
03be2706ef44a4a071dcdde8e30bf225e8724ad1efe302ac655185683e562ab4,13.0,0.0804,1.058,0.027,2.0,0,0.023632713905154694
03be304b6d63bd57d2ac3b448c4fd4813b57421c7019348a2a3914a5758a9cfc,13.0,0.3266,1.0384,4.8848,8.0,1,0.8708253950252955
03be76c3c263955d3b03d85c0fcdec38ff419901399e8b16defcc02bb77cc109,10.0,0.171,1.4525,0.2419,3.0,0,0.45380206494620834
03bec34b316a4f3778447e70eb7007e1f3a3f410fd465dd566f36e72af5688d5,7.0,0.2103,0.0,1.1174,3.0,1,0.6478525157567466
03becc067e6acf0c8faaac1627f60f559322567144b14fc557b15c8dfb120b7b,13.0,0.3967,0.4162,0.3256,5.0,0,0.6461097413149711
03bf09fba03bcad326f3a6d53ad769b1d94f2fa766e004eae626953f63b41e3d,13.0,0.0349,3.2608,0.0141,1.0,0,0.061991457616836734
03bf0d37a7773ac1742b402c776091b332a34c13f1183255776725b6b9bfd1bc,13.0,0.4078,1.0164,0.0708,6.0,1,0.4151092885251858
03bfc6a36eaf12a8881be473dd2657401d1ed185e8d6d8c7d087ad59f541f148,12.0,0.5241,1.0713,0.5758,5.0,1,0.7352756844466402
03bfd3d63b1cd57f5bb9dfd295d9ce022841a9de30282d10b6c239a53d5aae79,13.0,0.3788,0.4958,20.3259,6.0,1,0.8505542696937581
03bfdcb1c41f74d477e386ecba817f278be262baa539901a73d39fce91db50b3,8.0,0.1603,1.5374,0.0909,4.0,1,0.3095015652779391
03c02a09505b5eccf41584e5776f4ec23b060f468f5b792b33a507a9cd029a7e,8.0,0.2445,1.3667,1.1326,2.0,1,0.5961297961242424
03c056bf6039bb89c88a1306d7f6392ebb23b8049c25d9d62226787d9bb7ace8,13.0,0.2749,0.5812,0.2905,6.0,1,0.5854658872695412
03c086f1442d068d81f1fbd72a33c3d3d36b172a8ee92182fe93c8c79d5340ff,13.0,0.3865,1.3231,0.3311,4.0,1,0.7525864550113259
03c0892fcc4bf8fef89730058ef4af6df2f13ff7ae1ef43eeba6732abab78b67,13.0,0.4407,0.0,20.8847,10.0,1,0.8649554694228769
03c09548b16db6081933b140a96d658e08e6868b145437611d5ba9e8f67cc55b,13.0,0.0908,1.1606,0.071,3.0,0,0.05343817833162268
03c0aa828ac487ac73c200761fd8c2a7392470af163525b30c2f0afab7c998f1,13.0,0.2972,0.4553,0.8122,1.0,1,0.5277846536743505
03c0b90efbf0fafa9236897716df80f0dc1fa6e9b0b5ebf9e8e26fedc06a2ab1,13.0,0.234,1.3447,1.4802,6.0,1,0.7664055564304937
03c0b916a02c43ae4ee7cf94ea0f0f2a43b006dbfa1de51a083b2fcb71ad8b66,13.0,0.273,0.7187,0.1237,2.0,0,0.39560853206133784
03c0e17438a548c844846be5fa1a58ba5ba1865d13596ef45c9dd0f9d2288fda,13.0,0.0,1.0,0.0074,0.0,0,0.022280945636023855
03c10eb7f619073e5f89bd8ad17a75e29f5fde970326561df06be84731b8dffd,13.0,0.1186,0.5053,0.0461,7.0,0,0.020543484375394973
03c11ba79ace449f0577a42dd523b49c66a8a341c061c01145610256a0266caa,13.0,0.2403,1.7733,1.2737,7.0,0,0.6621179328160965
03c141192fa3762612e80690a5beac83cce6c2babd62729d99f132dfb44f2c9d,13.0,0.1702,1.0221,0.009,2.0,0,0.028153112274920858
03c1429a3ded164df75c1ac21847c172c9ff8deb281638b6c10fb0d00dc09e3a,13.0,0.0,1.0,0.0071,0.0,0,0.022280945636023855
03c15c67d1b9f6d65aacfd43ddd1f36b5e6a7a6e9d4ba216edd9f2111259be06,13.0,0.1348,1.0177,0.0564,12.0,0,0.04293470214233632
03c178e72011884ad2618492b10ed07939143e9de893b8bee27315fc683c4618,13.0,0.2542,0.6932,0.2818,4.0,0,0.5974722385732919
03c18c974a547c0bbf130721e5016a12fac6f1a2e7d31cf3658b94d5504f03bf,13.0,0.0,1.0,0.0053,0.0,0,0.01978947117409603
03c18e7720b0d2516e0146284d9b0943876a4e551f0088bdd589492251e10975,13.0,0.0,1.0,0.0084,0.0,0,0.05971407759621131
03c199934db087959438a560961134702faff5fe238381b5223b810918f4a88a,4.0,0.3291,1.0922,0.3904,3.0,1,0.6608043043050581
03c1ce6134b34bbde866ebfade5fd91ee1abd068bb0f7a80bee5eb27577a5fae,13.0,0.1198,1.4819,0.0144,3.0,0,0.02154987277780404
03c2111d81eca308956f88aa48e7620af784c16aea4266b44b3f324ea8e93fa2,13.0,0.0787,1.0941,0.0209,7.0,0,0.021739843165463835
03c2210658a02f1a1731d217f795c9c276437211dd20268433f53d66bfd1e0f7,8.0,0.1718,1.0378,0.0288,1.0,0,0.03042684210569237
03c22f2ab6a608475b260575be5f170b4f2e6b721c9c7a657793afbb2f5b409a,13.0,0.2434,1.8027,0.5121,2.0,1,0.609392938474357
03c23116bc81f6987bbf079da0958903a8c92a18d32356c721c433c23bff1463,13.0,0.1155,1.9703,0.3939,3.0,1,0.46326906021937847
03c2a3a0a8d76933db72cfbd6eaa3448f488a6b744d5f05a769db8b6e3ec075f,7.0,0.6903,0.9751,0.1025,2.0,0,0.5188133721095045
03c326259eeb167cee6e60d3469789b972e3a749ac7297b8fb45e22327ac6596,13.0,0.1728,0.9813,0.067,4.0,0,0.11264070969459679
03c348f6a12875ec7b7a229bc69ed6542dd53dcd4082bf9081c8e851590da199,13.0,0.1331,1.2438,0.0523,2.0,0,0.025559391554067026
03c3862b4d058b435c4325991de42e9fb9783c676795a91c8c65355393f64235,13.0,0.147,1.1261,0.0267,1.0,0,0.025003731276442853
03c38f7ce88a5e727b6da07ac06bc3ab9aa12cef23f4058286536948f95a663a,12.0,0.1145,0.9381,0.1319,1.0,1,0.12595879339105195
03c3b13f0f8153954e4e94d9840ed61d7e277e2daf899af13130c18d165f8df9,13.0,0.1183,0.761,0.0174,1.0,0,0.02175150669048484
03c3d30d1aa34fd3d8861a87ede1df00e0d18372e90507ad73c11e415bf516c0,13.0,0.181,0.8396,1.058,4.0,1,0.6103846847493716
03c427e764cf7ba074671eab05a12b18155ea8dcea6c0ba554bd56037a3212d5,13.0,0.1443,0.8561,0.8987,1.0,0,0.39047275391957664
03c459f52280de11a9fdd87d1ecd50c52c2cd1c7949e1697bf355370dfa6f548,13.0,0.0,1.0,0.1933,6.0,0,0.23059175679090835
03c45cbb9a26252bdbaaad38675421dd7ef8cae4e5d66c109bdda2e1033035fd,13.0,0.3478,1.8299,3.3054,2.0,1,0.8750904211234372
03c460ff646a8c17259bbd4e630c15f477beddfd4cc1622641a7e88f1e844cfc,13.0,0.0405,0.0,1.2966,11.0,1,0.6277819689433402
03c46bd5c83fca644a4dd69bd54c1cec251c56d07a3696742a91bb1b84598baf,13.0,0.1318,0.9751,0.2352,10.0,0,0.28018757025177793
03c48db615a6004435ed9dd309a805eded841af2bc45342d058a218e9593a9e5,13.0,0.145,1.2268,0.0593,13.0,0,0.09128089709325016
03c4db69a61055c066b190d2223ea9487999f700d327b2d9c0e45758a80b8409,4.0,0.1049,0.8687,0.1007,2.0,0,0.07466353082502232
03c4ec013a284e4dde65c181570bcf2a3fce5c55a0e4b21eb65eca311e67a048,13.0,0.0,1.0,0.0079,0.0,0,0.03633201737750049
03c4ed7b5c17f700ec72e2a5e4aaa466b958336b1042ff7b8ba6994686c71f63,13.0,0.2047,1.6462,0.0298,2.0,0,0.03289022609109279
03c4fb88aa0ab734a62802e575ba267a29de269596ded32dc9877960b985af8d,9.0,0.6115,1.0457,0.3377,3.0,1,0.7228496909215724
03c515e23df7607162f82b7a566adef8e3428ac77698ee27d2d4fc6a65aaf852,13.0,0.0,1.0,0.0068,0.0,0,0.02219398911428473
03c5386ff3e307e5ef7dd169ad0a1a0ea4626d750cd4dc93a26fcb4cff4d7d34,13.0,0.1604,0.9074,0.2672,8.0,0,0.36771726186079035
03c55471a8314fdde36d5b825bbdc1a90d0dfeb1095cef5eb05e26cbb94c9780,13.0,0.0,1.0,0.0063,0.0,0,0.020263886945132575
03c55c8a3247f4ff61903e43614f7c05ce5c452d2f6d941408a35a0ae1efa34a,13.0,0.1408,0.0,0.0056,1.0,0,0.017123611851615126
03c587ff8b66d7d79901fba4770452dc3fc6f907c9a0be7d397d90c89fbc47b9,13.0,0.0788,0.0,0.0092,0.0,0,0.0432560228972571
03c58b2f7bff98c63b5d9f089e41631fa04b0e18b46bca3c561252ecfcd28de0,13.0,0.0,1.0,0.006,0.0,0,0.020263886945132575
03c59dd35a750c76db35dd758663268b8bbedbc4dca9ed4c1f639db7a84e7031,13.0,0.1597,1.064,0.0544,5.0,0,0.041910541586826576
03c5a1f3b7b32d3b9a5b22ebed9317405cc88f09f155c57ed45acde2bb4775f4,13.0,0.0,1.0,0.0067,0.0,0,0.02219398911428473
03c6053fd05ab5d70c7f9632d4aed6e51583743741fb21f8c3b6d58fa5ba065d,13.0,0.0863,1.0794,0.027,2.0,0,0.02273022058236532
03c60a0d63bc1cc4c6ca8f628bb713592e0546582079dc6e0a23a72121bf7e79,13.0,0.2165,0.7119,0.0578,4.0,0,0.10973291981304734
03c6292732b28fe051a7509d9dbf3e63baa67a3b72dbc223db971d0378542c2c,13.0,0.1468,0.9008,1.1275,5.0,0,0.5535578858368279
03c642aa79ca47eafe16e2d06289aa764be7dd514e873d5bb83a215bc48d0986,3.0,1.2616,1.3154,0.3817,1.0,1,0.7677531176826815
03c666b728162c62cc77a21f8b32969475faaba7a9fb131cce225bc1fc2f2c6b,13.0,0.1568,0.9216,0.0226,8.0,0,0.022192889978972164
03c6aa6a14ef2f015b5dab47c266368be1e1fa3c46b16220a47f0e3ccf8c8abf,13.0,0.6915,0.6839,0.0575,2.0,0,0.2644826562010717
03c6af9ddb068ba3282e4a2b568706d7c1c0c14296c0a902feb0eb739b047e94,13.0,0.5174,1.1808,0.2998,11.0,1,0.7431283336878723
03c6c851df604b7bdf39a4b6a35c90fd6297c3dab0c6ab4eeba7c373fdaad05b,13.0,0.0,1.0,0.0033,0.0,0,0.019980332496187008
03c6ded0b0739734be105fa2f86955959a5eadae7fff11a662247e75d9012df9,13.0,0.0713,1.1204,0.0243,4.0,0,0.018585813677547768
03c6ed4dff740414160c8e9b7e854abf0f0ee0bc12430122002bbbe8d0b58fa6,13.0,0.3245,1.2026,0.6423,3.0,0,0.6826803447061285
03c707996c89064be0fe37d0959d0c5ff8f60f57f43f0ace9dcfbbbe9f4a0e42,9.0,0.1557,1.0128,0.155,1.0,0,0.2593405640997515
03c72fe062e84e52580ad302a37461947b9e702d6f3f1e860fa6932eb7204292,13.0,0.1239,0.9798,0.0601,1.0,0,0.051402980093823256
03c74965952220c72b8ec0792695e3099f91e72927119a93f59581a26897b82b,12.0,0.1795,1.7369,0.0334,5.0,0,0.04507090967368994
03c76f6f079f5065c8f5367a7c5620984670ab8816e9ed8e7fa1b7f3f70c735d,13.0,0.682,1.4491,0.8774,5.0,1,0.7923398835063439
03c77e43980a57b4861201446f369c5049b2372625509e4005e80642b5dc161e,13.0,0.1782,0.9013,0.0108,1.0,0,0.030257486721692022
03c7add7ce55747b15130873af65544f18ec96e7813bc39dc32170d757592193,13.0,0.1518,1.116,0.0317,4.0,0,0.020809062596033878
03c7ade18755505fff46fd212dea02e8bbb3586e5ed734ae2d3ab0dbc76302e5,13.0,0.0,1.0,0.012,0.0,0,0.07704350507592042
03c7db5b0677aa83e1fa07d3d754c592d63766e1e564199a8537105b6baea56f,13.0,0.1779,1.0097,0.0264,1.0,0,0.03328438270532208
03c7e2434476c87fe2f9f38bd4c965d346b7bc513d359cfcfff1fc4ecb81c824,11.0,0.3405,0.7422,5.3716,8.0,1,0.8601030475054563
03c802dbbff97732c334d089ba0c36723a149de225b1c76af446993f98650c9f,13.0,0.1346,1.1536,0.1018,5.0,0,0.15093371582537007
03c81833d2c02d161e4550cf6fa3095e8afb3b208da990d994d80f5f256b2d73,13.0,0.4143,0.8513,0.9065,4.0,1,0.7251016734993913
03c84e968e3b09acd63826593bedc4ffa3ea7b22753845609205ea1493d82904,11.0,1.0246,1.3005,0.2764,2.0,1,0.7297406823686131
03c865075900e01ac20c14d1c58b45c0ac63f5cfa032cf00bf3f5d56c6092ce8,13.0,0.0851,1.4182,0.0086,2.0,0,0.02345108216627899
03c890faee338c1ace4228a3d4a092bcf67242c3727fb75e49eaf11b41416848,13.0,0.0,1.0,0.0052,0.0,0,0.01978947117409603
03c8b019bd8c9c7d67f51b9b0fccb6c9977c90b81e8054ab83bb9a5d8048e3df,13.0,0.1992,0.0,0.0384,1.0,0,0.04303527721613927
03c8bfe6982fc521241ffeee10861a4235299134d99f58cdcc8576e123c3a712,13.0,0.1206,0.8817,0.0588,5.0,0,0.0480074365014209
03c8cf4d4c83dbcbabe1d622a628704881651935e659aa69536c6ec639758483,13.0,0.1603,1.0384,0.0114,0.0,0,0.06961299481099367
03c92d4b9387478fd05d402ad610f635322ad151012378cec3801ff2ce3ecaac,13.0,0.698,0.9605,1.0139,13.0,1,0.7471213194007248
03c942644152ff5088c5f3ae6d21c3787965d1eff2609bf775ea89df610aa644,13.0,0.0822,1.1116,0.0152,1.0,0,0.02505672363616187
03c946a5a0ddf1a4404eab929367715f1728154023b592053b2044f79b4dc1d5,13.0,0.1176,0.0,0.1114,1.0,0,0.09195845197524545
03c94b5e680759b8d108a388db464768830fc9d6a977f2c3e14e7f8763999810,13.0,0.3834,0.9581,0.1066,2.0,0,0.4723234682033536
03c94f622288cfa1a30b185cb14503500221d513d9b9fb42122bf7c76d1e6efc,13.0,0.1443,1.194,0.0123,1.0,0,0.02459182109639344
03c963109166041c33b46b9e541e7e1d03b608e6dcd24598b27fb94f3806d7cd,13.0,0.1382,0.8482,0.6751,4.0,1,0.3501814598138576
03c9dae0edf23b5762155a44246157851b24781e16d8f2a6de6552b5a62869ae,13.0,0.2448,0.7083,0.2773,5.0,1,0.6083333861798231
03c9e7a3ba4c5d42834309ddc1879f3bc20720d202d9d531fbf15169a5a37e01,13.0,0.1365,1.2003,0.9662,3.0,0,0.4776378313342042
03c9f9dce072afbccda717a362975188a0973270f02b3e0a0246ac206fe7e29f,13.0,0.0782,0.0,1.3247,13.0,0,0.5876448156924933
03ca018a9234c393dab23740e30fd8e8237483fd4b836de5e9cfdf421c3ab148,13.0,0.3509,0.6509,1.1867,8.0,0,0.6894165626137542
03ca04639f4dded5ff571eac28b05549c0dc26e200afa0983637372157ad61fb,13.0,0.2968,0.9443,0.0988,3.0,1,0.4179446348857539
03ca0a5ef7418e37f52e42ab04d9c365fabdd0649ee2a300ab4e94baebc0ad47,3.0,1.3479,0.9232,1.9994,2.0,1,0.8554115337837497
03ca788fe8c1d630c5a88d677852c220560fc5d9e4281ea20f065e9f75fc1a39,12.0,0.1329,0.2559,0.4179,7.0,0,0.274154245800025
03cac7746d0a3eab3b44a8abb0546baa09891a85891b10b7d1668438e24a5c3e,13.0,0.0889,1.2545,0.2892,3.0,0,0.27996275791341596
03cad9a383ed308c0177aba0bb8b4b7e8498fd3fb1c341bef1f021308161fa9a,13.0,0.1409,1.1928,4.1924,12.0,1,0.8578491391237674
03cb1c3c29a89a040e2326ad6769803fab4941bc2b913a4af8d01faed0892845,13.0,0.1216,0.8854,0.0122,1.0,0,0.02259309805816518
03cba1c8dcf1137f814b7259dd2285fd27a2455cf87094279dd2ae6cd0a711a3,13.0,0.0,1.0,0.0066,0.0,0,0.023516553475718346
03cbc23f9e0c6a311ca0dfae665e49ba2cc2fbb203d05da8979ae9dfdce78869,8.0,1.2002,1.2347,0.3699,1.0,1,0.7418129194278685
03cbeee04ecdedf0e5335a3c43ba566e429bac9e5f5b1c363c0190778cac62f2,12.0,0.6141,1.0786,0.322,3.0,1,0.7283325880706574
03cbfe4e7810e89d56c089899717ef6c3a8bd653f78c2c56caf6022444a35282,10.0,0.1628,1.0332,0.0524,1.0,0,0.03469086037143989
03cc0e405d8d3fdd208228ec5305a4007985f5c9149203a0c48173dea45fead2,13.0,0.0,1.0,0.0088,0.0,0,0.0668791263085046
03cc629259ed7bf77ab2a87e921120138d97e20523d5b4f34ee9272f798b2465,13.0,0.0,1.0,0.0103,0.0,0,0.07688026147883344
03cc64c69f5832bf1cced9920cda73d57431d908f51b67fa8390bbd0d2ad8cdf,13.0,0.1677,0.8188,0.0474,3.0,0,0.03747177496062348
03cc70d4c1931ac524851a6341602529b82526622edbfdc77cf0282f76c2eda9,13.0,0.0624,2.5987,0.0119,2.0,0,0.046051758783344485
03cce3c2b26815c047a098935f0d93edc3488655c023ad4834ede7fb0907b653,13.0,0.1425,0.8736,1.0319,7.0,0,0.5359799127278968
03cd1840d76d73a3b4f2349e90bea9db5a136833717580d8ee30e8be3eb67d55,13.0,0.1716,0.98,1.2129,2.0,0,0.5288695594712993
03cd25b01796c48180166a3c39700f536e8820b9abd3337760c8b11ce6a3befa,2.0,0.0,1.0,0.0208,0.0,1,0.09043983946368686
03cd2d668367025030732c94cc00c61c864e8a2e6313c44c16decc7d4c4dc5a0,9.0,0.2004,1.1049,0.0284,0.0,0,0.08305069187710194
03cd5b12774131e76225cdb41a67357bd8a7eeb71dc00ad18f7e194947b9d4b3,13.0,0.0,1.0,0.0062,0.0,0,0.020263886945132575
03cd92ec910fd101db406a9bf30fa8049c3e16de6e7f559b581f8721f03bbcc9,12.0,0.2731,0.8635,0.3124,5.0,1,0.6055133096328204
03cd9541ce91a5dfed56c25a6006b9b1af0810547ad4a7c27e3ca87b79bf6702,13.0,0.0,1.0,0.0073,0.0,0,0.022280945636023855
03cdcaf5bdceb031449132367a621d519078c43e06b48c58ae44f497bbc3cf24,13.0,0.268,1.2057,2.5223,4.0,1,0.8637899492684841
03ce4bf7e08ffcf1e1cdeb736b31b2e4f48d99962757a56442b772dc00bbde3a,13.0,0.0355,4.3738,0.0389,2.0,0,0.08645354375867927
03ce74695d1f6995e51d0d7670a95606f88d60aec3b1059ec59916e619e14e48,13.0,0.2674,0.8262,0.0477,3.0,0,0.07744255034413472
03ce92e25695b43e9b9b4a58c8d948481865905246bfab55697d52b418dc6d63,13.0,0.1385,1.163,0.8982,6.0,1,0.5169447359413133
03cf40c3e8f006b9bb356bb8a1a57ecaedc2378c4f77e138bec883946ad3a3a4,13.0,0.0648,1.9266,0.0209,2.0,0,0.03309776052178536
03cf42a01b70c1a7902e29ac7e9fbf89d4a535ac91c180ae4d6d4a28983c4b95,11.0,0.2605,1.161,0.7783,6.0,1,0.6325942675851034
03cf79351ebf3bd55957ff11c677154b2622b7a91a10dba37a699bf1bd2311d9,13.0,0.1466,1.0493,0.9467,13.0,1,0.5920838001682585
03cf868e9212e1c8bf6d68ae4154160fb4c1b7f40035a6e1c14a126af58cacd3,13.0,0.1791,0.9339,0.0269,2.0,0,0.0299986267472593
03cf90db9e20712b2330235d7ec3c1788985c4c8ee3c10c29e65cf29ce26b426,13.0,0.0,1.0,0.0046,0.0,0,0.019980332496187008
03cf915f3a2bf05815eeaf4e3c07c47d3379ec93a3bfea68e779ef34d514f715,13.0,0.1036,1.0559,0.4626,1.0,0,0.21456535462056844
03cfbaf2318a08a054f62a5844b15e666f5a57792d0807bfadb6c1e008cbb244,13.0,0.1183,0.9501,0.0473,5.0,1,0.030722098204615404
03cfd946cfc7df0403d23fe0729e7468d54650ae55b1331b1f42ad33a2ca552d,10.0,0.2334,1.3991,0.024,2.0,0,0.040839595581943694
03d04a80657fcf9462f63ff7e80a58dc084c2c4a1c301be2c080d74b6df73efc,12.0,0.4059,1.3171,0.1642,4.0,1,0.7175215467452994
03d06d7f401b9dcbdc404c4c777517d1c20d1295f76ddff77f51f3afca377fb7,7.0,0.286,1.8337,0.0827,1.0,0,0.29178804989658036
03d0732132888153e134fe4d99886394682a4989b4affe6a632552b4c663ce48,13.0,0.2098,1.3076,0.8756,3.0,1,0.61837972705777
03d073e8ee5e2ec45478c1e0eb06b1b63458fc2bbe214fb05a938a8f4f4a6f12,13.0,0.0,1.0,0.0118,1.0,0,0.05165338435105394
03d0a8a38848ced825251aecadf38271c2328e6350e513b168f0724c5cd79071,13.0,0.23,1.5113,0.0642,4.0,0,0.1886595846415703
03d0d720307677f98fa4d290e173c24ac2fd5cf5058b45ee7191c7b4732b688b,13.0,0.0634,0.517,0.042,13.0,0,0.025286380163688497
03d0de8bf098a5c6b46df05ed7163ee27337e0a14e98c6c7d871b126b90f67d3,13.0,0.1473,0.7826,0.5915,3.0,1,0.39492925351913805
03d107df2c6fb8802a580df06569f98e737019fee4c0475a654ef2fa11f6b600,13.0,0.1252,1.0789,0.0309,3.0,0,0.020770937375931036
03d1440738c410f87ed7ca2b4b4b3b48d677fe9ee98e2a86f86f5682020eefdd,13.0,0.1245,0.9708,0.0682,3.0,0,0.05261185392568746
03d1677d5c0c195a48c2cc1c327101195f39902b0fe0dcd1b7ee439172cd2cb4,13.0,0.0,1.0,0.0056,0.0,0,0.01978947117409603
03d19523fa63073a235f3cb2a01881b5dd88ce2fdc6a8296dc5873d3f18c8182,13.0,0.1093,1.1172,0.0329,5.0,0,0.01748087721273977
03d1a2ec80e84c799c001e54b2e848062ceaa219b4ea69af1b358bc21b5f4cf9,13.0,0.2531,1.6818,0.2005,2.0,0,0.5962371622414571
03d1b0a397667d9a1cf2da47e3b56085ce7e27350b1b0960826ea65cee63f6b2,13.0,0.1551,0.0,3.8142,9.0,1,0.796071569694977
03d209d12f2b763ec5ff99ec7b41397593415b3a7612a39a4aad59fea836eef8,13.0,0.2272,0.7965,0.0468,12.0,0,0.06429411976066716
03d21cb0c7b2ff62e7b4cf855a7cc36f021c2a3563d9314b3ea2fd67d9808797,13.0,0.2042,0.9256,0.0309,5.0,0,0.0357101621848707
03d21cf4ef97eee02b6484418503851c01b04ffe8dada68da1ad9ed4aa285210,13.0,0.2038,1.2978,1.2338,2.0,0,0.678203326911372
03d23298fc5322cda4d6b6c0126278034f4b7dd9037d1cb629cba65e30e8293a,13.0,0.1414,1.2061,0.0163,1.0,0,0.024472290541985395
03d232bf932c3df25c2f5609feec1c0832b0d5c7f1db03f241c4b7ecd2fcacdc,11.0,0.3111,1.0207,0.0353,4.0,1,0.13591466280395012
03d23db6d7d769df77e6492c5767cd048e32efa0ef67775d8a4030354b0660cf,13.0,0.302,0.886,0.1143,3.0,0,0.44507591054918727
03d248509a09052a4a296ae09ad7a63ab15bdd90d8588b588dbcfcb009343883,13.0,0.0424,2.3924,0.0454,6.0,0,0.03476022715396925
03d290d38b2a40e5beb6a9e09cbce64e01e82558ebeb9c8c8e0714cf4d7b200d,13.0,0.0,1.0,0.0073,0.0,0,0.022280945636023855
03d2b2dd1e6895571635c86aa0bca5575a09d2884a8d617435d517d5d42e32a5,13.0,0.3054,1.1579,0.2416,5.0,0,0.6567938617659894
03d2d417f2cecfcdcceb3870578be867cec4f24d57b7ba316348029a5d42d1e5,13.0,0.0,1.0,0.0069,0.0,0,0.022280945636023855
03d33ee65065f849859d4e2d667c784be3eb2a093095faeb682dded2e8be3574,13.0,0.4014,1.0978,3.2573,4.0,1,0.9101393892031076
03d34adfee0a39889ed64b744ae9d64246e241d3186345d15e358b088faf4fdc,6.0,0.141,0.8677,0.2551,2.0,1,0.32179127436361765
03d357d8123cf22c8e95f88f74e81dc13d86d2d675e1b2943277e11937eeb237,13.0,0.1653,1.4142,0.0744,3.0,0,0.1543020750172317
03d3792b2d2a5afca7be3605016e2635e227af22ecac331b070b9245a698fb5c,13.0,0.1366,1.212,0.0171,1.0,0,0.024930212492658695
03d392b2ed7f52acb73ea3f4699be8a473fe1a6255318d3ce2267d78d949bba2,13.0,0.1234,0.3638,0.1132,6.0,0,0.11618752402432717
03d39f9ce444ee709da7e868a3bb48bc98112e14fec6c98eacc004c6a519f06b,13.0,0.2773,0.8455,0.9037,6.0,0,0.6387621029576274
03d3b2d53205539a523cce02a1bf07541ebc453ef831a9d0a1c5040f3dd14589,13.0,0.1859,1.6321,7.563,7.0,1,0.8085600358387478
03d3bde0ff7cca5688755a0487ddcee9ec9760dc190d498872bf0a3f8b45ebad,13.0,0.1391,0.9906,13.633,4.0,0,0.7335914429572377
03d3cf8799f9b302dcf3e4c280db33983f0dfd73d3599ad9774f10db47b59ed7,13.0,0.189,0.67,1.4552,7.0,1,0.6854214895841902
03d3d183b34ad50c12026e1f1a45f98c14c07d3a1989e1719daf29bff580c968,13.0,0.389,1.1774,0.101,3.0,1,0.531927793524543
03d3da5d798016ea2c089aa48a4e35c82e0c16fa8fa450b202613b66aa7a5f6c,13.0,0.0,1.0,0.0045,0.0,0,0.019980332496187008
03d3ecfbe26da374cc24830cbe4e83b7cff5016a54f69a6f8e9343947b0ccb06,13.0,0.5492,1.1175,0.1364,4.0,0,0.6603930143170216
03d3efa93a07cb8a0d5cbeb34a97df8078e0a397a99a637cb1b2470adddc212d,13.0,0.1798,1.2265,0.305,6.0,0,0.45141567046328324
03d430ef06425550d8ac045e641d4fa9fcacedcc8c9cdbdf4af415aa63ce9a0a,13.0,0.0552,0.1975,0.0367,12.0,0,0.02265488189864113
03d48171dd4fdc1a598c6bab1f6cfc4b91a0e9cee991c5beba4db2c4d775e545,13.0,0.0998,1.1146,0.0357,2.0,0,0.021912476463032314
03d4f8df7f29a8763649d05ff7e3d54d0f45631993ff1e868be9d7ab3af7cff4,13.0,0.1214,0.0,0.0337,2.0,0,0.01991247614697828
03d557fe08b7234123f74536568d35c4f6b6fe28e4585661182eb1bc64da5799,13.0,0.2882,0.4144,1.0679,3.0,1,0.6950556977065249
03d5660e368142d305e41f25a6c1a6bd56359af6962a39b4644691b06f287c5e,13.0,0.1475,0.8563,0.0232,2.0,0,0.022460454868967975
03d56ce384aa2d2e01db10e955b8876218c67dec74c3e9610296d75b527c6170,13.0,0.0,1.0,0.006,0.0,0,0.020263886945132575
03d675dd43dc749ca39f7a135d71c09e77fbd1fe1af0c2937d41b660371875fe,13.0,0.1968,0.9177,0.0153,1.0,0,0.03511797139222451
03d687f94ce18b59b514aba85e423c94ba6dca806a5eddb16d9cfb1865f62c2f,1.0,0.0,1.0,0.0064,0.0,0,0.020263886945132575
03d6a2279edd8da201e4bc66c0a4658b70788a42ff63711dbef4cbcfaf17f42c,7.0,0.2793,1.2526,0.2133,3.0,0,0.6100085364778778
03d6c62aa7a4814e77a2584737d322c3feda14bfe7abe1ea086df975429a9cbf,13.0,0.1708,1.1706,0.0665,2.0,0,0.10888976342939104
03d6ca3f555b73d8ee43f3735cef7477f64118b03674ae40991428b3d35a0aaf,12.0,0.6352,1.0823,0.5003,4.0,1,0.7281595408785729
03d71b1621182838135baf728c09425a5a1973f36a6eeb6cb626e46384061fee,13.0,0.2002,1.2635,1.0091,5.0,0,0.59627172286215
03d72a5fc85b3728a6481bbbb9f4a545307f24318f9f801088c5b1a967a0e38f,13.0,0.1392,1.1006,0.3671,3.0,0,0.372409069366046
03d734baf2166a352e4612f92118f46bf591418d0a441d70c1b6ffa2fc935fe4,4.0,0.5121,1.1654,1.1404,3.0,1,0.7529438182722297
03d7420fabb2ea4929960484bafcce1d522216acc2add51be3aef3c362168706,13.0,1.1992,0.9836,0.1876,2.0,1,0.6777526426527808
03d779524487354db0f6589868c9ac89274e07914334d280ef0d18cec3a95318,13.0,0.1227,0.9314,0.0247,3.0,0,0.01856741713618255
03d7a9767e0d3c4252df1750795ef405054882eceb38d204f3d736eeaede9844,13.0,0.2765,0.0,0.0844,2.0,0,0.28282666342036683
03d7d18522e51c072f5a60b776fc5fee4b9566cde2d16a04637acc57fef5fda0,13.0,0.0131,13.0,0.0175,0.0,0,0.1306350900457067
03d801ced0eb47a6e09a0e02afd3450ffd796974611cf62515807439046754aa,13.0,0.1445,0.9585,0.6055,3.0,1,0.41361330462893575
03d814b52517bd66c5acb364d350c99fb020d232c5040c23e56eef435eb79be6,13.0,0.731,0.693,0.1033,5.0,0,0.4663169015500958
03d835bc6a03f59fbcad230d0845ceb78366a5dc85a7235b6a9bd1609c772061,13.0,0.2632,1.6069,0.0153,2.0,0,0.045630562436626304
03d8462ca90c0916c6737f90d242f0d4a4ea674b4da68df37ae1c934678c432b,13.0,0.1543,0.1639,0.2539,2.0,1,0.3367758024240135
03d898576a27b028e7fdebab8fb806c29bfce07faecfefbdbda99ffe482f3c4d,13.0,0.0931,0.6188,0.0534,1.0,0,0.035129021525379917
03d89e2b5c03cfeb61034601f0b23661bfef2cb7aa9e940c5e6c3a58f860162c,13.0,0.4823,0.7329,0.2159,2.0,1,0.6281173099507554
03d8b6fd5b7588a2c622e7d03752d98f2f98bb4701c3e9ae37ca7d6bab87b742,13.0,0.449,0.8173,0.3162,3.0,1,0.7050411242971338
03d8c594e8eee95150e5b30d11d092b8102e5ae469dd0ca1c7f76b68ffdccfb7,13.0,0.7384,1.2792,0.0723,4.0,1,0.42394453383180697
03d8fe0b4cf18883d3448dd64db9595f02726b7fc4bf5d56bc275fa8571ea333,11.0,0.0,1.0,0.0088,0.0,0,0.0668791263085046
03d908b072ced3ff2f5d1df7df7ef59e15c698f9a301d9203fb483af3d79c35d,13.0,0.0797,0.0,0.0066,0.0,0,0.01880134585397269
03d913e90cad898fae952974e33e0d1c0f0085197eca9a65381cb77d57bf780c,13.0,0.1556,1.0009,0.0129,1.0,0,0.026045449773452113
03d92128bd9bb52a7e89daaf4a8d1bb5b88321b8276c9b1f8fbb0cd97e080a42,13.0,0.1564,0.9669,0.2484,2.0,1,0.3659072053376067
03d924d275ec44a66bf493fc757ff88d9d9b6ffda21ecebfa28e2a038963949a,12.0,0.4,0.4445,2.355,4.0,1,0.797569743173934
03d9270d6cbfe6a216012baab343843d329ef3f1abfab5a8a05b1789b43118b3,13.0,0.0,1.0,0.0046,0.0,0,0.019980332496187008
03d97a9768a8038c7a8082e136f4326ca8b817ce9d70e59b0d9567ab5edbd1a0,13.0,0.5296,1.8567,2.273,2.0,1,0.872335178682772
03d97ad972546f85b3317a339d70d95153dd43d61435e48c4fb9ee9d318cadbe,13.0,0.1614,1.0453,0.0435,5.0,0,0.026451882898008153
03d98ba25c477bf78cdd99883d258cb5295c0f5adf0bb331a50f933273a5d053,13.0,0.0,1.0,0.0039,0.0,0,0.019980332496187008
03d9a61e5ff1a9a355948e5d094f28dc96212e79d137406f86905c17833dcaee,3.0,0.1023,1.5,0.024,0.0,0,0.05639322512932298
03d9ed37cd3a290b447c85c9d98864c69587427bb9710d418349e09dc412950b,13.0,0.2347,0.7185,0.2492,8.0,0,0.5921223728348681
03d9f06796afd69826911eae539a3b706af0ce6c3b084506c1304d27954ad76a,13.0,0.6091,0.929,0.0121,1.0,0,0.08376523272714677
03da095e377edc406a8727d346456cd3d7d2e262f35a5c4873ad586d05ade392,9.0,0.0,1.0,0.0068,0.0,0,0.02219398911428473
03da2e8512e565898654029e94c3d02c293eaeb66300b52f94b1225318733f97,13.0,0.145,0.9849,0.2538,3.0,0,0.36323435267790843
03da4581511cfaafeda170325e8805c6753be5072ab452760f860dc4b9e60b0b,13.0,0.1595,0.912,0.0283,4.0,0,0.02128211174624638
03da63707c3aab0de7f86a983910c6d109682be1ca02ee2528ab3d971aefd749,13.0,0.0,1.0,0.0062,0.0,0,0.020263886945132575
03da865fa5fb9cac5f3b50e2f6330a0a1fd1f93e6fc163847a337f79c10b9b31,13.0,0.0,1.0,1.2652,13.0,1,0.627399714294953
03da8c86ae0fd9c3de72251425ffe3b1379679be374f2b0d4e460c573cc3df3f,13.0,0.215,0.5828,0.0286,3.0,0,0.029790103365080808
03dac559bbeed2300b48c5c798ff835270bf0fcb0a2fea0f41128dfe50f6e45c,11.0,0.1419,1.0951,0.0283,1.0,0,0.02545554095993883
03dacf511b305c5e91c3b7cfe0eac28c486f0b02db5905ede0b22a0444eddd34,13.0,0.1698,0.9229,0.9378,3.0,0,0.46802314064946593
03db37474ffe3d50d1049750a4e106b35d29599c7267e66c0d40ac17ec012622,13.0,0.2028,1.0147,0.613,7.0,1,0.5754118036258646
03db55261eed7d946d2c452c25a0f877f56e8a0eb76b29589f4e378f10c89b09,13.0,0.3,1.7959,0.0232,2.0,1,0.2105194433070195
03db87df4dbcf3a3af901cda3464b8d3f912718390a80e27440ee5ad8edfa473,13.0,0.1614,1.0854,0.0209,0.0,0,0.062164669791429865
03dba79606642ec2b45aa8d774895ebc3746d8c17cc9e1322fe62b8f2db86cc3,10.0,0.2822,1.6932,0.6352,3.0,1,0.6728496001503741
03dbb11d9ae09b90fcbfa4b8129d2da021fd3b6d7ec3fa7eed87b8c66b3a9b50,13.0,0.1041,0.7538,0.0813,2.0,0,0.055383077014811294
03dbf9366bcbe8660b39e40433a7a96349a0a46026fcc11455f4522e6349957c,13.0,0.2367,1.6069,0.2929,4.0,1,0.6268324368629075
03dc2885dbb9c5dadf7f5ec5eeaeb68d53d080a894f38c98652abe0ca6fb755d,8.0,0.2686,1.4046,0.1277,4.0,1,0.5843910129223958
03dc401119241b33e6752bd0c7541e7d98f3c887b2633b65270dff36da08978d,13.0,0.0324,-0.1049,0.0502,4.0,0,0.021031534760748434
03dc4e7ef7312be47d5677f4a396ee30b61235bd445e6c19c710f79a8fafd78c,13.0,0.1331,1.1676,0.0353,1.0,0,0.024652507060639962
03dc6ff8497c35eb43899c2abb1e87438928aea3f1584938029555368ded5b02,13.0,0.0873,0.5008,0.0418,5.0,0,0.017030354745503025
03dc87ad37c0ea1fc1f69e3edb2975c7a6a1cf29a95544a16b1a6c91abdb2011,13.0,0.2308,1.4352,0.41,4.0,1,0.6271639112243065
03dc9666d512d5845980c2758aae6aa6062e3b35dd1390f2cf321898322617da,13.0,0.1159,1.0807,0.0328,13.0,0,0.02396945210517752
03dca61d7120bc773781d93c1279e2d13b49a67f58fbe2e2bc5328ff5c2e0cd1,13.0,0.3348,0.4728,0.1321,1.0,0,0.4486206716310581
03dcfe7c0dee5d982b5d196d83e74173d033cfee125fc310b67a5c79a37b7755,13.0,1.3397,0.9569,0.2922,4.0,1,0.738185395099178
03dd39a5a11982990ce23547f37f21e12194aa005da7caf823b620e3230bfbe1,13.0,0.0,1.0,0.0043,0.0,0,0.019980332496187008
03dd41a0905cc9e587575fdf58e8b07999de96866c36a8cc3e45dd0d37af074a,13.0,0.1652,0.7692,0.0675,3.0,0,0.09511731377304057
03dd4330e97ee329ae87702cbdedb38d0e0ae2e927cfbae76a7541e8998a3921,13.0,0.0,1.0,0.0048,0.0,0,0.019980332496187008
03dd4be9709092ded4f579536c2282fd4e53cdcba06d32e077e79d3d2d485e01,13.0,0.1373,0.9613,0.0445,7.0,0,0.02406466606364204
03dd7ce858b12f8374795c45e488a8fa1ee139ec231e9e3fd66ed3fa68e9ffd1,13.0,0.0,1.0,0.0073,0.0,0,0.022280945636023855
03dd95ce429c8befd07f2f582a9af1ccae6c81dc69df3b9c9d51edeae4ee538d,13.0,0.1178,1.212,0.0261,3.0,0,0.01994460094575915
03dda7caae3ab9ee4bf2ffcf62f4ec1a0628ff228c0415cb39c23ac92d0452ec,13.0,0.2301,0.6924,0.4073,5.0,1,0.5972334511293664
03ddb68fc735f4fe2856c3ae07df5c14b69d06e0bea18be3872fe3d8acba89bb,13.0,0.0,1.0,0.0077,0.0,0,0.022280945636023855
03de059f5e07d76dd93918a63a05e1a09ea7c44bae58f796c9df0b73f5e24e4f,13.0,0.1412,0.7741,0.0515,4.0,0,0.020023696459061623
03df3c2ae79e070cb499c348da0f1e5a12a93165ed8aa0636a51d08249c3710c,7.0,0.0,1.0,0.0133,0.0,1,0.07704350507592042
03df4fe3726573508b3f68e04b6a2aee539b687cad994823cb8f7cb72a5d45bf,13.0,0.0868,1.2282,0.0526,3.0,0,0.021729384905340477
03df8c65c0bc8e269b2ff42f3b71899d22ab3b134e67d2cbef0b4893499db537,13.0,0.1999,0.8898,0.0136,3.0,0,0.028156576774397618
03dfb6e2e23aaec94529aa4dd54f8a42bbc47bf68367110cc1f285b524170c54,13.0,0.6103,1.1214,0.3256,13.0,1,0.7356333944194318
03dfd6b8fb2d3f10ad95d89bd3ca4c987a9cd164069c894517ff173dbb241904,13.0,0.1302,1.3361,41.7606,13.0,1,0.8018365134178874
03dfdfe184afebc2cb3db37f3cc77db63fa6cee203ad28b818052b7e60dcdc51,13.0,0.3034,0.7659,0.7578,7.0,1,0.6664560349409194
03e02aaa1b2590fc9dce2d65fc18cd471e0b0f76941fa0ad8012921dba3b90f7,13.0,0.0,1.0,0.0055,0.0,0,0.01978947117409603
03e043cf810da7f6cb8ab346d3be9e2973ce016134d83c845c67a292fbf21c80,13.0,0.4269,1.0212,0.0352,5.0,0,0.0879000232323434
03e06cf9017bdda140d2bd707d091b424fbe4bf0d73c5a2f718d5ef999bdcb6d,13.0,0.0456,3.5403,0.0442,3.0,0,0.07525232773559497
03e09194c25d76ec9473e0fd2b85af49854f28f154703fd5e245abe26e01c2ee,13.0,0.2765,1.4718,0.0446,1.0,0,0.12198640635815963
03e098ff8ebdebb3f48fd5d0fa5ea14f592cb69928b85f96c4675b1b3325e5b9,13.0,0.2648,1.1328,0.0154,1.0,0,0.04836819705500641
03e10b9186312c387b493f61beb355504f4edc74107ece22fbde606837b74ef6,13.0,0.0,1.0,0.0061,0.0,0,0.020263886945132575
03e121146f7bfeb2fdb3683ef145310db2685177077510fbbc620861663d4a17,13.0,0.1029,-0.4093,0.2258,4.0,0,0.16542612690570685
03e1264853e71d6eb415c08800bdf1342efeeeff3e1bf89cca7b3a03c9dd5389,13.0,0.1313,1.0288,0.0242,2.0,0,0.024822597924053252
03e1363cd3250edfd9f6215d250755207b7b4174449b1f881f7a5967685753e4,9.0,0.3466,1.0364,0.202,2.0,1,0.5751445099290821
03e1d1a49051fbf9cb2860bd3ab8574c693ba8cbad0dbcbba35da35cba607660,13.0,0.0567,1.1207,0.0941,8.0,0,0.08219482098107767
03e1e75426b4baf674e54a4d7b0ef55868e83a14f9f2cd1484e80c94ac2caaab,13.0,0.3612,0.4715,1.0331,3.0,1,0.6964602251363662
03e1ff8558591b99a6688180075aa3ddf4c775f4c137e7d26e6ba0160e424c19,13.0,0.1486,1.0786,0.1002,1.0,0,0.13679693321179415
03e24c2bb6d12979f7f507c0247c573d30b90a9c718a8e79ff5d1ad8c453c337,13.0,0.1959,0.8991,0.6709,4.0,0,0.5332264361296337
03e26483654f6ffb7c522c907da236d40a139eed830ec349dfbe61c2d13a39e1,13.0,0.4098,0.775,0.3903,5.0,1,0.6981066714719505
03e27422d3c3798b0698113c3b98683f8f86fdf51352a45fa956099833b56d6a,13.0,0.3506,0.4867,0.5273,2.0,1,0.5760425141314012
03e27805dbecdaab88d7224cd38b7247a93b245460d422e8ac8fc36626764bef,13.0,0.1029,1.0295,0.7342,3.0,0,0.33603964205228215
03e28e35c758d5a32d0dc5b39f99d9e47cd8f3dedfbe32acb896932d535a510f,13.0,0.1289,1.2361,0.0171,2.0,0,0.02178033377719586
03e35bc94c4c4354e00a53273ac50050ec9427f9523d83230352d2ae4a341050,13.0,0.0,1.0,0.0069,0.0,0,0.022280945636023855
03e3695c085a66c2f9a06121a7712666d5f13935f94879b3ac356d1a4787524e,13.0,0.1189,1.2723,0.037,9.0,0,0.018895707551420015
03e380b24d6f1f708d8362501514780bd70b88c8bda98204b2100383298e48ae,13.0,0.1923,0.6798,0.0314,3.0,0,0.03111622285387787
03e393eb5fe414ed2c6be1bd2bb127bc1e1e7f9baa090b32acfd1716c1bad8f9,13.0,0.7199,0.8015,0.6619,4.0,1,0.737860183975645
03e39e0d9e833b22e53798b06bc022ec2aa207faeb01e78330ff01a08f8eb837,13.0,0.3716,0.4362,0.2357,3.0,1,0.5964949782165215
03e3d991ca6d309542e395a7583998640d13ffb9269c03ac94b5ea8d167f61ea,13.0,0.2066,1.4393,0.6457,12.0,1,0.5901703234400706
03e420363dac0bbb86cb74de617becf01d987aa188ae90cf0601d89abf2d71a0,13.0,0.1801,1.2596,0.0162,1.0,0,0.031036821840440102
03e46425fe6d19c047f21377f65414332993ced0a06e27059cda3d288b7d2d8d,13.0,0.2043,0.7975,0.0147,2.0,0,0.025476544617653713
03e4697a7cb82fd0057bf0c9ad674ac1bfb5bfc5866acdd64cb96522767e8cdc,13.0,0.1592,0.91,0.0233,0.0,0,0.05456504338223086
03e46cb68b7d0d8e7c093e250e99ee9ac319af1be1839ac8dc39c806f181276f,13.0,0.0,1.0,0.0064,0.0,0,0.020263886945132575
03e47e31af366030251927bb7bfcc366efec867f3af45700bfabc18684b18a85,5.0,0.5287,1.1431,0.1735,3.0,1,0.6707748163661263
03e49d354a32d22c0c51fda95f8a500f9b19fb0bd308dc119ec24f50a11149b8,13.0,0.1839,1.5127,0.0577,1.0,0,0.14709118202816496
03e4abfa4296da8c95792c8d543a55935861a311d8f156960631ad764006ac36,13.0,0.1836,0.9437,0.5741,3.0,1,0.4845564119761147
03e4b39939c41dd7d243c2350c261d260447e285e0793ebed1bdd2dbdf8d5774,13.0,0.1007,0.6961,0.0347,3.0,0,0.017954453780587343
03e4ba419d7e9d121229f8ca19e6d21f8381a2b4e0a0395ad0667c6c8a057bf0,13.0,0.1322,0.8001,0.0394,2.0,0,0.025840901534944817
03e4d6975cd10b3b11a977c558a4d28c9d8eac97528876777dbd68679f75eca0,13.0,0.0,1.0,0.0066,0.0,0,0.023516553475718346
03e4e427c5395f91cc62e9ced89ec0677ec3e749d84f06633b4e42d7a5f7b700,13.0,0.1353,1.316,0.1527,7.0,0,0.24217974933673939
03e502f7bb503cec72ac1ab0b74f2ab0df3b70be82b25f469523ac97cfd04dbb,13.0,0.1073,1.5673,0.0156,0.0,0,0.05678633743235353
03e59b944c6665a0a5fe8d6cf1c0fb50ef8becd125a9a5744c218d05b12fb11c,13.0,0.1441,1.087,0.0085,1.0,0,0.024896522226087528
03e5b2645c93e9ef4615ef790032a44b497a67d25c3f5aca627992b250129348,13.0,0.0905,1.1203,0.0185,1.0,0,0.024733067155317347
03e5c94798a777cff35199edb822d079593103082dd333f5536c3808fa34c817,13.0,-0.0144,1.0,0.0243,2.0,0,0.04312520231011021
03e5ffdb0515ad46c6a1825b5fc5d6fe0443712633666954ae61322052172cde,5.0,0.205,0.8625,0.1343,4.0,1,0.5190829599928296
03e61c77e7eb4fd05c47078acfcf5d5780e3387ced46704e6d773f3c3ed45949,13.0,0.1632,0.9669,0.0319,3.0,0,0.026268159185657995
03e61d82289670e731959ee320f73dff59dcabeed99159337ed716c8f233c04e,13.0,0.0922,0.6431,0.0241,1.0,0,0.021928385775452162
03e6768de6567bd0484270efc78acb80fdc48dfc9ab2a47887fec3321bdebaa3,13.0,0.1835,0.9131,0.025,1.0,0,0.04151707524506994
03e6b9470e0f392e27b2e588f0b03c497a6c08034970424427685611afa14aea,13.0,0.0,1.0,0.0076,0.0,0,0.022280945636023855
03e6ea4a2064a3ac854554d793e41bfbfb2cf0c35af4d6f1c0c78534901ebed1,13.0,0.1365,0.8038,0.0361,3.0,0,0.018760251662952823
03e6fd80ec68fcabf6e41b76a7a738d8772d5347ba63c91475eb9503d92c3d15,13.0,0.2171,0.7093,0.0598,8.0,0,0.13425855712733792
03e7415a8d472f7e5aa6f751c39ebd8203ec86940ec4be003a7bd67fa979aa19,13.0,0.3477,0.4377,1.4381,3.0,0,0.7603509222371007
03e749676fc4f36650727bae71cc18e1117dd1c7949a572428581488c087389e,13.0,0.1653,1.0511,0.084,1.0,0,0.13949971106230413
03e7904bdb2dabed9a8250ba5310d0c28eec7919dd4f426e69e276a48c72a03f,13.0,0.0893,1.0648,0.0331,1.0,0,0.026157721308410133
03e791bd7608c9a688abaf81040c72447b93e7120de535377498bfc4d7a93dd0,13.0,0.2032,3.1431,0.0289,2.0,0,0.056162714617998176
03e791f5025f2aabb09431612838cb8f241f1732493435666377462445fb0f8c,13.0,0.28,0.5964,0.0845,2.0,1,0.2782396182846337
03e7c761578a0f98053edf0974953f541a4a721b160d8ebd4186f0cc4c0d147d,13.0,0.1871,1.1713,0.9931,2.0,0,0.5489142885089547
03e7f6ff5eac439b994dfe5b0c444237e6efa201427de679f8a7584b8c29ab72,13.0,0.1274,0.8975,0.0111,2.0,0,0.021070384636614762
03e84a6ee8ad7c9c2ce78fb307f7d9984a8ff9e2ec602190dda6cc3924034904,13.0,0.3219,1.9987,0.1598,3.0,0,0.6796423214929201
03e864c7786251520bc9e82c5d8a25f64dc2636d17599118fc5855fd6cd456f5,13.0,0.5235,0.4279,1.2873,13.0,1,0.747986533880638
03e8a259164c9b17c68f71bd914b3ae4fa5d3c23f1745d077f89e564e7b553b2,13.0,0.2051,0.5612,0.0901,2.0,0,0.19156618052807836
03e8d1fe9e37940924d59deaa5495425696e913cbc9446cec1df3422c0c91f00,13.0,0.2252,0.9706,0.0661,6.0,0,0.16503172146800313
03e8dca212a4524382d744fb543b3ed7961bb6453f9516bf96355e329614d1e6,13.0,0.0,1.0,0.0058,0.0,0,0.01978947117409603
03e95b25a406807e26fb49eb71376885155d675bfbbaaa887f276dd25bd6266d,13.0,0.5538,0.509,0.0683,7.0,0,0.38518864606392933
03e9c0d881e26dd4b2759f862bde4e9f239fdf5b630b57bc2e31561ba448a6d6,13.0,0.0795,0.803,0.2384,8.0,0,0.18779590152755612
03e9de65c47af5de84871ef3017b1c38a1fccd2d76ca2c14355f5bf2876a903d,13.0,0.6488,0.4963,0.3821,5.0,0,0.6896825681644937
03ea1ee3c97b768eec065104c78238fee9156699efa846ceb7d2d2b2080740b5,13.0,0.4317,1.0832,0.1007,3.0,0,0.4593294839953686
03ea2b3dc3dcf566d79f99ce58af3bbea1153cc382cf9bdb6b5a465cb7482a02,13.0,0.3705,1.3284,85.7034,4.0,1,0.8996205372281071
03ea447dd80052d34e5aa601dbd995115d21ed10e33ea3cfc7c4be5a00f7c1e1,13.0,0.0,1.0,0.0064,1.0,0,0.023703382106237746
03ea679e4e717be6db8ee10d6464aa1b2f01cb50b096d3d0e2f110f7bfe8c654,13.0,0.3067,0.4215,0.3355,5.0,1,0.6132449103214587
03ea8e13de503447b5ad2fe2b802cd165b41f4c8f003a6e906a76824c1d0651d,13.0,0.2941,1.0942,0.2876,11.0,1,0.6618379250877219
03eaa95c0c5891d2b06b73d19f88d154ffa4b36c7cec088fed5b1188e58bfc07,12.0,0.1968,0.7306,1.1497,4.0,1,0.6450181509126759
03eab3f1460abc99e9ee60d5a836747a4c6c733b2b67ce9ba1ad64697c5ca992,13.0,0.3209,0.9032,0.103,2.0,1,0.46672251928415215
03eabb0ea967f95f9660e8f3acc1a31cbed42370686bf7b9b604e6a966e50013,8.0,0.3077,0.4664,0.041,1.0,0,0.09925683609224668
03eb146025be8537e3dce37f9ab2fba43c73755cf215c2970192da5a7f820f14,13.0,0.2251,0.459,1.555,4.0,1,0.7656887982762673
03eb1992d2c063616e5d9018b202b529f182d6f4da36c7f569c1e68e386b16e4,13.0,0.2743,0.6048,0.7787,7.0,0,0.6101763373668839
03eb2c937baf9430f8e256c7bd6ce8de8b290ecd65b861018aac5d7f90a73522,13.0,0.0,1.0,0.0045,0.0,0,0.019980332496187008
03eb305a96e7f05864c85a08c9adc0f664fbcfcb4763f1327797b98056104899,9.0,0.1928,0.8841,0.0444,1.0,0,0.08918501721145201
03eb32930c2a0f42285e6856a07916ad36a6a36d8c3f9540c65923e80a669694,7.0,0.1509,0.99,0.1482,6.0,0,0.2625015498172164
03eb3ecbee4ef8ad6b53ff79cf2951fa4a4c6011a2de210f83d2e3062e6df5b2,8.0,0.6818,0.7612,0.1753,0.0,1,0.5269364636633957
03eb56077dba1f4ee6c7f266456ab671177a647edfd9ab3c292f56dc04c480fc,13.0,0.1907,0.8369,0.4163,6.0,1,0.5149705520208536
03eb5b175b2b2935b926f540532a278d32ffe9d6d6a286409cb49dbb2e20a5a3,13.0,0.2648,0.6802,0.9449,5.0,1,0.6542015112913836
03ebbe8a2afb014d68c2802cbbcfe50050c3571fb4afab30fded7deb2a452866,13.0,0.0873,0.743,0.2063,7.0,0,0.1710725681033856
03ebc9fee536389a5ad1aa11ff7f4c5fc94d092eae5d7ba429114325b4cc9770,4.0,0.3192,1.1674,0.5618,1.0,1,0.6023941527387136
03ebceccea53a3ad6542d4e96cd88f0603fabb4ea67e28b90a9428896c1ab912,13.0,0.1191,1.1523,0.0382,4.0,0,0.019253456592656343
03ec0889b822f74c14b2fc5bbbbeb8638eac26cf72f26d0d1353f9555455edaf,13.0,0.1902,1.9039,0.0369,6.0,0,0.05215767293826687
03ec0f24cf7eec5fb815f28db41b5ccf6e1d21b3885bd5a8ed8a38ba744c1f49,13.0,0.0134,0.0,0.0056,0.0,0,0.01558099710817492
03ec329d86959361d0a1120284d3529383fe70057646ad1e488a94292aeff106,13.0,0.4457,1.2681,0.3755,1.0,1,0.671345059040774
03ec43b2823d68ccc341561a7de800929bc39c9b3684cd574d9a3bbd36c1d01e,4.0,0.0722,0.749,0.076,3.0,0,0.08227390867262613
03ec7f7b8ce41b5468c4b23834c39620330800b81e8454a225503d44b47c7d9b,13.0,0.1972,0.6789,0.0124,1.0,0,0.03336331891982847
03ec9d4527ed09a055426e3663d88d12664c0ecfd90c1034879edde57f28dd00,13.0,0.1213,0.6333,0.0333,4.0,0,0.017235233617935993
03eca15d667c68213dbf80eaf52f49999af56ba57854b31c337951d68f7772bc,13.0,0.2377,0.7438,0.2994,1.0,0,0.5199588498689888
03eca24f684c5b2a21d98b79dd59e514c3d302f75e98bfddf6239beeac9e0bcf,13.0,0.1302,0.9544,0.0262,1.0,0,0.025158786073836547
03ecf3bf435270250904a855da29da08818b80f2516c64c28666bc1d630a73ef,2.0,0.172,1.0198,0.1387,1.0,1,0.2205532128470211
03ed224bb35044d33fdf7413f77c0332de29d756b96f147ca5a23b3e23b234f0,9.0,0.2169,0.5361,0.1968,4.0,1,0.5443159373732646
03ed44ed1544680ed48e01da61bd10a226e50ec900f3d57f4036c7b1e9f2e10e,13.0,0.2262,0.7689,1.0056,1.0,1,0.5914321794488333
03ed7952330e8d76630ee2dc0f8f8f900937d2a65018711d990b4e3e1f3e2011,13.0,0.3468,0.9817,0.2355,2.0,0,0.5734434292847638
03ed98e763ba519bb4600ce30e1c44dfe880229224798543736f2b3837c16937,13.0,0.0,1.0,0.0052,0.0,0,0.01978947117409603
03edbe330a0a811c41cbda06913bed45934b88fa6289a811ef76282af149e676,13.0,0.3491,1.1834,0.0165,0.0,0,0.0685658825029502
03edc2ffaab50dcbe773bc5bcb45f22194006f4bdf5ee3dd373c31bb4b704c17,13.0,0.0523,-0.3519,0.0404,2.0,0,0.023536120007013904
03ee0d30cbd1e8bdc8b452dd73a716d90ac17775c20831e8d8fd5ba7395a9510,13.0,0.1941,0.8656,0.0354,2.0,0,0.03669566996806172
03ee1dde0ac62c8e62cb23f687f67264593acb56049ecb384fe3b4a86679baf0,13.0,0.1623,0.8711,0.048,3.0,0,0.027916178198425894
03ee3d0859a860b83ce4a7aad1f72a79878b14566a424789a32891d66edda1e7,13.0,0.0,1.0,0.0071,0.0,0,0.022280945636023855
03ee419fd381a620aebedef8ee421304ab76d45788326c3060b3aad03b3bda68,13.0,0.1099,1.2888,0.0246,3.0,0,0.01816919339123334
03ee432d9d8b74046b7b97b5374f0de3814a5e8e602cd2d0af862629d9421377,13.0,0.1252,1.3461,0.0159,0.0,0,0.05328714925441615
03ee511a97938580e8374d396aa19a2c7f69f7d81873dfd5fbbc84077110a637,13.0,0.1484,1.0509,0.0393,1.0,0,0.0381314652080935
03eecf1b712a57e9ceac7f96b7b3212385792e825387ae6c80b55ecb1743b489,13.0,0.1695,0.9679,0.0312,3.0,0,0.030211847531453003
03eef37e4820b15bff6a438c54f0441cd54e801afc2c83a7f2ca07287b72c03d,13.0,0.3426,0.6656,0.4383,2.0,1,0.5713638292111054
03ef47a23ad85c4c084a7ec8f35db9ac50d32759467d62d483f468cd52ffc269,13.0,0.1921,1.3413,0.3917,7.0,1,0.5439290419954306
03ef7b27488a581b52d6260581106b364f0a17ed58722e2ad599713aa046704f,13.0,0.1543,0.9614,0.3016,5.0,0,0.3778490980872688
03efd858044ab03d7d60929772d9d4794d612eda37e0bb288ead2981a69cd0aa,13.0,0.0,1.0,0.0142,3.0,0,0.034318058797687415
03f017ed237eb7ee97b91d33c1cac0329d5159d50f4f5d2d90059554a5592f9b,13.0,0.1703,0.9307,0.0357,6.0,0,0.021964973381752958
03f03c7a824780bdcd83bcc1c26ccd9c1c8afcf326ac83fa11352adb2aae1c1b,10.0,0.6007,0.9693,1.503,5.0,1,0.8031905149593418
03f077138c6f148d145242b62fefdfa42c0d8be21ad97ea7e09a9e29a9ede1c6,13.0,0.1464,1.9395,0.1581,8.0,0,0.3458725373377421
03f0ab4dd1f0db6acfb8a05c80202c622b53e717cc8b1621f284b4a0fcde72f0,13.0,0.3482,0.9696,0.0135,1.0,0,0.0521388427174763
03f0eca1cdbe07183beb858bfc24ad78b790d1a4ca9179baf8436ba2c7c977e2,13.0,0.1661,1.0461,0.0225,6.0,0,0.022557588515625043
03f10e19036d1ac816e52b92eb1da19733994fbd86397e92440a5511465a7aaa,13.0,0.3113,0.8688,1.5963,5.0,1,0.7810506276384518
03f129b5116c7481e242bab7f8a46ae6efd81010c42c5fb16dd47aa24e11a154,13.0,0.4557,1.4588,0.0779,3.0,0,0.3593719956261219
03f136b7ad1195bbb09b66cc9ad9b21e7d70820f8e9a17f182aea20acc6df932,4.0,0.1976,0.9146,0.3536,2.0,1,0.49928093241401683
03f1397b512ce0e671627d257e916863f0a30a2632826087d15bb359bb43c23c,13.0,0.0562,4.8901,0.3198,2.0,1,0.5611542229280798
03f1622cc15f43a303e54dfe04af93e5f4ab21ce3e2d37c26159eea22fcd09c2,13.0,0.0642,1.1359,1.1014,6.0,1,0.5982049538263939
03f210a0f9a3c6b9a5ed4a8b1fbd9b921cfe1fd62b72e62020c3368600882ae2,4.0,0.1396,0.8377,0.0982,3.0,0,0.10508629719452879
03f2cd2565accb50d5491534ea35b0c5a3e23be6bc3e4fae5514c6c3c4144cd0,12.0,0.1486,1.2298,0.0483,2.0,0,0.031152514308101037
03f2d15a571ebb540cf37e2b5023b31bfda68e14e9362f217a218ee6f4e91d7d,13.0,0.4625,1.0868,19.3562,2.0,1,0.8874143132183938
03f2fbbac9a93ee3cf2d9d3c01ec2bd9d3bb002e16a1970b90ebb989fbd4748c,13.0,0.1191,1.4018,0.0173,1.0,0,0.026456410919293807
03f32456290ac80ee5f52069d28597c1295461182d6c159e6e8cc72d35ffa37a,13.0,0.129,1.1439,0.0094,3.0,0,0.019896912819468843
03f389abb177dde54098d7be139bd095cf1dde1565412f8515c307d30c01b3e6,13.0,0.0,1.0,0.0119,3.0,0,0.034318058797687415
03f3ca273a4ea7dce2527e880dcf6cd6825b6407b0af7fddef032c7282d7ca61,13.0,0.0,1.0,0.0072,2.0,0,0.024603192604079043
03f4150a6951806bdeb63866135b041b1ba155f75c6be9e3b45a81091b6c4898,13.0,0.1272,0.8816,0.2482,8.0,0,0.22613078105331938
03f432eba6661fcdbf77ffd64c1c7ae836228d9e8980ee26927260548af3eed2,13.0,0.2922,0.8628,0.6712,7.0,1,0.6654825389790606
03f531694f2d0a40efbb57d2e44ba99805b7743439629c5aba6327b0127699bd,13.0,0.1451,0.9417,0.0348,0.0,0,0.08372036808340746
03f578b570315cb8091ce5cc1e0c6e7ac6a9ca9bcb779a39a40d484972f4bcb0,2.0,0.1343,0.9501,0.1023,0.0,0,0.10368752015303466
03f57e68add66331ece609348a265b78fbe29103d2a7d4a25579bcd86eeedf0b,13.0,0.2536,0.685,1.1978,9.0,1,0.6509321925103915
03f59102aa61dca890a3bc9dac2dfa7bb478cf5e48171c6acd499d02686c63d5,13.0,0.1117,1.7934,0.0052,0.0,0,0.03190250718296284
03f5a6ce6d2da924c92cd7b9877e0deb95d5d7ce70e661828a7bc56cca30fff1,13.0,0.4313,0.9256,2.887,4.0,1,0.9001226627775436
03f5aa80656661020100939a01b4f133d357265f2a504f76f4791e6f6aa6e228,13.0,0.1266,0.9703,0.0777,2.0,0,0.10020623030082997
03f5b78a977a4bff605648218a6db62ae36f22d741aec8c0901e1b50949f0b86,5.0,0.2171,0.8369,0.0916,1.0,0,0.21995214268304497
03f5d85aa3febdfbb9f05b1aa071609a7f73cc43a358ca88e48a9145ee27c42a,13.0,0.1911,0.8733,0.2164,7.0,0,0.5041003409484749
03f601b69c679d67d5da0e28c0e51f4fe9f4a7bdcfa6d1160d17a032d46544e9,13.0,0.2454,0.5396,0.3264,10.0,1,0.5913042160352323
03f61577e7dc4655d90b84b98c7113a28e8c4be7fd63addf821517f87522c4c8,13.0,0.1095,1.0733,0.1198,3.0,0,0.10880786934874774
03f61ba9d2e2d4ccf391662cde61304f7b9ad9700b6c6a3a8d24048380a11de5,13.0,-0.0298,1.0,0.0236,2.0,0,0.04488620859941838
03f62dddde4623ca680e8b6d29c0389e822beae5b0d709c63f3a6cce00b568a9,13.0,0.6023,0.9033,1.1948,1.0,1,0.6493182578237934
03f683db52f7411bc30027cee0e1f007045ba63c9842c2f42092e7317be2e35e,13.0,0.1261,1.2657,0.3005,6.0,0,0.3223336309972884
03f699a3a88268c4ee94a33208a9186817e756e573cd223a9889d62995c94ce4,10.0,0.1377,1.0125,0.1296,5.0,0,0.20176096249730463
03f70c81222e90427cba205e09eb87318113d6fdd50b086fa064e9b03c966e89,13.0,0.4349,0.788,0.5539,4.0,1,0.7045285636771879
03f745773c007beee145702f49e25f842faec078be0a367117555705210daf82,13.0,0.1377,0.815,0.0666,4.0,0,0.05175277575170958
03f7cb34d38d65669722945e8bc4b9f3ba1917f40327662758c90e7080714af9,13.0,0.1502,1.0642,0.0162,2.0,0,0.026531202330192932
03f7d964ff2c81bbabe4ccabac155e276a0bcba69d47dc73db27d96dda9beba0,13.0,0.0,1.0,0.0069,0.0,0,0.022280945636023855
03f7d9789317f1e931f35e94352424ed66265414d6eb596976b19e4250028f98,13.0,0.3706,0.9516,0.6349,13.0,0,0.6759707376590807
03f7da53208f42ea0915551b7a9defcd63af4409bc94d91896fc3889e81938c3,13.0,0.1317,0.931,0.0467,13.0,0,0.02899353786474247
03f82620f21706daf1c4b75ac8d64cc97ccd570ce14ddf0954874ec117455867,11.0,0.1216,0.9324,0.2889,3.0,1,0.23541772675676356
03f87a463548951e594cc9d6a743f51f258bbc43b0e6b28e563444b57ca8193a,13.0,0.5473,1.2287,0.2744,11.0,1,0.7604240812766592
03f88275107fb04a2b464db8161be5beb75ee1490881d655de6066bf0f4bb9b9,7.0,0.3655,1.1413,0.1926,5.0,0,0.6391852726157152
03f8f6a97f24e8aeb40f32a6c90c8253281483ec45cefd10806c2edfc73d6e6e,13.0,0.1644,0.8861,0.0289,6.0,0,0.020264373975389483
03f9379cbdc5ebe2f3e38e0860ab5741ed4a28136e7adca0990c63cf6cba4262,13.0,0.1244,1.464,0.9005,2.0,0,0.40320828697873634
03f947268d31a1bb1bf282c871998c35928b081bd93a6858061eba23b43cfd6d,13.0,0.0265,0.0,0.0086,0.0,0,0.03981275249726222
03f94a9fe22f19b32865be7476a455ef03e6525bc36dfa59ad50e9ad8b3d633a,13.0,0.0524,1.3347,0.0908,9.0,0,0.09889143536135751
03fa2b74ce48a696821723a9e399cea146da3bdebe44cde63ce38519e0ca95a3,13.0,0.0698,0.931,0.0518,6.0,0,0.02073909543062595
03faab97ffc2e8a7c139386d9c96782c30138d1e8a4da6593644beb738fe5167,13.0,0.1878,0.8764,0.0474,5.0,0,0.06317274110386653
03fac85fb8ad6c7e083108943be7b579826bc23411e6b54e4ecb278f3c626fe4,13.0,0.167,1.0172,0.0084,0.0,0,0.05292985921627105
03fad237d5cee07324cda41c377ce04f96f347ec746954a4c32deb6da1b6da67,13.0,0.1394,1.1926,0.0251,2.0,0,0.02177599921646661
03fad47dbc121181314b9efba15d772dd3442c665619edcad6e10f18ef681b7b,13.0,0.1393,1.24,0.0405,1.0,0,0.026318344283567673
03fae77b2ab6cc9cfe1d6c499a2c82846d42424d226be4e129219162265f5f7d,13.0,0.3041,0.711,0.7749,6.0,1,0.6710264871306406
03fb2285fd60035fb448574686bb8749b37639faa66f3476474c08ddb192ee01,13.0,0.0,1.0,0.007,1.0,0,0.025174868857605906
03fb40495d8e2cb8e40760402f3845337dd9d84235ec0719bb552ab30b60a2a5,10.0,0.0953,1.2733,0.4059,4.0,0,0.30327208928567045
03fb8f96d80c7cf678048cbdef24a62a6c1838cef1b211edafedf309c352af5b,13.0,0.1533,0.0,0.0072,0.0,0,0.027870838034722442
03fb906e40896b6526a1967f8a07e2f57d29d94b441c222f0245a570dd67dd73,13.0,0.069,1.2019,0.9355,2.0,1,0.44112594167560526
03fba7d4161a0c1493fadeb3a6d137138e8b5975e6acff3dbe96529328d05029,13.0,0.1896,1.6164,0.8201,3.0,1,0.6147537465468413
03fbb6d19195399580f0988ad31fa6076cb933280a7471485564baa306f29513,13.0,0.1905,0.8126,0.8807,13.0,0,0.5471220802852511
03fbbbed640085c5f84a018820b9b00a849e2adb9280edc1e8fbf62c931803ea,13.0,0.1549,0.9115,0.053,1.0,0,0.03223009945768839
03fbd041ade11fe2038bd87c57262e33ab7f23df63de632314492ce12ed41d65,13.0,0.0928,1.128,0.0477,3.0,0,0.02086507088484353
03fc0bc297761a33196aa4bb56ee9bce3ee1ddfb27b2ef42abf58ac74e2c7638,9.0,0.1787,0.9749,0.6393,8.0,0,0.4301815892052376
03fc2f84fa59974d241ddcd20572fecbc9b4ba035a29695a7b1f6c7097747692,13.0,0.1507,0.9471,0.0077,1.0,0,0.018883996360549504
03fc3abf156a48505969c163b65d60e219eb397283324a81ae2e2b9022dea7f8,13.0,0.0,1.0,0.0068,0.0,0,0.02219398911428473
03fc3b38b07de4a2b1323e0e609273acf60bcae572a64a1c15b52cf6183b3262,13.0,0.0,1.0,0.5249,10.0,1,0.2889494584786954
03fc6dd8a480373f96593cc34602a12bd81d0bafb643b9e365fa12650f0a470f,13.0,0.3298,0.546,0.1539,4.0,0,0.5750173847315135
03fc78363c03b007326f9cf310ade2d637027bf9823c84c4c89c67e5faac01ae,13.0,0.0715,0.0,0.1072,5.0,0,0.10292769873252679
03fc8b16a6107905c5d483386c3e6789e63db5dca8dd99c65fbb1d73575d2f96,13.0,0.1641,1.0585,1.4725,9.0,1,0.6743789899643634
03fca1d66a1d25045c5595d6c8a90aa63212d624b516448d75822a968f0961ad,7.0,0.0,1.0,0.0033,0.0,0,0.019980332496187008
03fca4776b14c95cd3fafbacf17cb5148942783a650fb2195b8540dd317c2454,13.0,0.1978,1.6064,0.3472,2.0,1,0.5828007027503674
03fcb615ead3e5546a2c135dc9644b60da0983c39aa42c27be692a0a56159a61,13.0,0.4256,0.0,1.0652,7.0,1,0.7358410551187378
03fcc93ecd0223ce0054a5cd990177369dbebf52716fc4edc892d46908d3209f,13.0,0.1914,0.7184,0.7103,6.0,1,0.5431821382302007
03fcfd3176ddb02d02074e3503fd7ac8a94c65e74b91150faa4d2015a831dedd,5.0,0.4504,1.3017,0.1454,1.0,0,0.5885957765284983
03fd11611f6c143429d05317e5a51709cdfd9943da990bb12ab406ab9ef88bcc,10.0,0.3973,1.145,24.1268,1.0,1,0.7850437056488829
03fd225f3e1c1fa9b734f35f67dd373ac81c4e66c87251ba358f53012bf0e0bf,5.0,0.1664,0.9728,0.4182,1.0,1,0.38122011700181785
03fd23b09d50ec78882f2130b70611c0709c20740413d72f2008d42128057192,13.0,0.2203,1.5536,0.0413,4.0,0,0.06036237253035567
03fd2b5a171507bd031b57cb2c8ba290d8a1bd67b04c48a261702c0ee5aeb469,13.0,0.2634,0.5561,0.2107,8.0,0,0.568062525862246
03fd46c34f32b0106e6002def2f51ace726b1e3f3f34d7520fa686dbbfba672b,13.0,0.1124,0.5411,0.0575,7.0,0,0.049613645262753095
03fd96b87167f98b8716b18601eb3cba60f6113210277db6ccbfdee9d790d4e4,13.0,0.0,1.0,0.0067,0.0,0,0.02219398911428473
03fda2f275d88e9aaaabde964fc19519976f568f0f82b9f834cf7bf6b49d0166,13.0,0.2665,0.8161,0.3615,7.0,1,0.6003370359167914
03fda519ad36733c72ca5c3d6bc4e737d8e792bc4455df374745e58581849c97,13.0,0.1579,1.0057,0.0131,2.0,0,0.025418962650540448
03fdbc72bb38ce83e2a332841a97500fb655327936bd6af4b98948ce23928f59,13.0,0.0856,1.1648,0.0438,2.0,0,0.023144712191399554
03fe1abb3e7e755e9b46fc323bbed5aaa87151bc0b40bdf29627b693c4b2677b,13.0,0.238,1.2493,0.0364,2.0,0,0.04877241416297486
03fe6663e77ae1860ea9eaf9b7b625c499db267b229439a5e7378b1efb2da4b2,13.0,0.1576,0.5452,0.1916,2.0,1,0.35410621361550004
03fe7141e43b8bea631a38b0c8ec3ccbe48de00a320571c14bf5af1b4d944be3,13.0,0.141,0.9944,1.8412,4.0,1,0.7497654437835625
03fe7d95179bf1741c78e1560bd537c7c6dc64409c038af783cd4c7093db5c77,13.0,0.0,1.0,0.6002,10.0,1,0.31510656576940277
03fe81e3ccb31b6ca90b4b52cc708f09943708266320f6adbfea688079bcf411,10.0,0.1691,1.0628,0.0575,3.0,0,0.08813952648129975
03fedb41343e55046b7babd824ae4c59393ac5555241d8e887c10cdc7c6b0cbc,13.0,0.0633,1.0958,0.0396,13.0,0,0.025667061810765092
03fedc2e431c251e3c8ad586039a1d00344534b2ca980cf7bbf1ecfea5d50c8a,13.0,1.1084,1.0943,0.1573,13.0,1,0.6888598918515915
03ff07c91d39b452679801261e173a7bf7a3311d8d864eedcac239a86b8008a5,12.0,0.1323,1.0959,0.0215,2.0,0,0.022045799134321444
03ff0d4da443805d296ff24f3826d1b4a606c71f94828663086b189513645e4f,13.0,0.0,1.0,0.0036,0.0,0,0.019980332496187008
03ff873109d616e5ff1d8df9c47428dfb50ad4711d42ea9c8e8fff06c7f36550,1.0,0.3541,1.0,0.8451,1.0,0,0.5780184775029936
040082d305cd9b8cdfcdee0af8a69c84b071870ffb5f4790fb740e63e7e96075,13.0,0.1715,0.9428,0.0349,2.0,0,0.026008122892551954
0400a6e5945623c34e366fd878dbb4ed9c8c618f7b9d4e4e868da97ab5a35294,13.0,0.4239,2.4958,0.9835,5.0,1,0.798359686735077
0400b524834c6c07b9543140224e140df370bc0e98e9d776b2d65bb8ee2cdd25,13.0,0.4925,0.505,0.0371,3.0,0,0.07551387177448322
0400d17e1d5f0ca8fc76f153bb92964e8bb87bf1ed182d3aadbf5c2c484c70c1,13.0,0.0993,1.0106,0.0222,3.0,0,0.020197343935351678
0400f545e971970e3e0055f73ab3fa1c10f61999cd49e89545c1e57f270924ac,13.0,0.0331,0.8266,0.0784,12.0,0,0.07502966776326384
0401253db0f145cf1d54e5afeb945d4fb08f4b178c462472b7c380f890be9a7e,13.0,0.0,1.0,0.0084,0.0,0,0.05971407759621131
040128fd4b2e9b71f004f789c4a0a10e71695b69de5a9811b4599ef5c8f6d9e1,13.0,0.0,1.0,0.0072,0.0,0,0.022280945636023855
040132a9ba01a98cabb351dd5113cb797c4706b93d62833a62edc4ef36bf0e88,13.0,0.6969,0.9261,0.1559,5.0,0,0.6836783819668356
04015a0cbf91a34cda6bae258d3825ea828bc8b6b359ffb7888c31d3f9a45b1e,13.0,0.2262,1.0826,0.2017,5.0,1,0.6021124417710276
04017125beab72e7da30b6cb35276460bd4ae6730ebf73205a798ede442b18e7,13.0,0.0,1.0,0.0105,0.0,0,0.07688026147883344
04019370c640e185ea164435f50eeaf4f157bfd172f1de2bbec33be514dc24f2,13.0,0.1355,1.2314,0.0289,3.0,0,0.019983186543468673
040195e4f20a91114db41e6d3d27cfb53051c7a6ad32982b628db4345d2c1af9,13.0,0.2034,0.642,0.605,2.0,1,0.5220885713120886
0401e9abb0d30aacd84b69d1936abde04817ca6dfe92de950b261204fef640f0,13.0,0.2004,1.45,2.0496,7.0,1,0.7791085743232031
0401f9d2b2d0188743b3605e9f92b96442055cafb36204694e39811bd9903fae,13.0,0.0921,0.8716,0.0696,4.0,0,0.049259797576334155
0402116eab9fcccba5debd33f89533c835287607d2ed1dd1806835adad38b546,13.0,0.1637,1.2055,0.2411,5.0,1,0.4601994186195777
04021282a619a3a8df0fd607eacd435a6796d9db24b959be90055d746f24cc0b,13.0,0.6087,0.6405,0.9854,4.0,1,0.7591267102080154
0402186bc912cfc26401104dfed4f55b3de35654e2e3d65edb3e4de0669da756,13.0,0.2829,1.5929,0.2464,2.0,1,0.6044049583988068
040226b19b412ad3ced14690f4d457020b3df94bbe2c120abcb257c744396008,13.0,0.0984,1.1038,0.049,7.0,0,0.021978488011741782
04022863560c0192cbf2f5a4cabfac43b683caa6858fe3721a69b723145654a4,13.0,0.1696,1.5686,0.443,5.0,1,0.5463294618198502
040235b17a83751942566f1b77038157ec9f5d55ad71c711105ccdc5302b7210,13.0,0.173,0.9451,0.0478,5.0,0,0.03380767720353947
0402921f8df776c3089a2d8a3de08fa6602b7f485b47ec1b26b19541296b5e72,13.0,0.5845,0.499,0.4733,9.0,0,0.7076194028050825
04029a32ae6112de8c49a2bedcd0f5831785301269f72445934f1ef7fcc292b1,10.0,0.1959,0.7945,0.0152,1.0,0,0.03619666884208168
0402a7d1fafec247ca66b803050b465884eeeac3a1a3a95c3754469434cb4dfe,13.0,0.1534,1.1234,0.0337,5.0,0,0.027630138882702382
0402c80edf04700e4c6b211c623bf08f2158120f23126ecf6848c23f3040440f,13.0,0.1698,1.0483,0.261,10.0,0,0.40261092790190645
0402d6648c2925d93a526c91537d59ea0896485f1f4cc35b3873d7caac83e0c1,13.0,0.0,1.0,0.006,0.0,0,0.020263886945132575
04033b9f107c9a74507518edfb461050cda14adf4f9e588881b656bcf1ce3b45,13.0,0.07,1.351,0.199,3.0,0,0.2649488546368371
04034b1c6acd6d4fb9de0f64120833b827fe8ed6af7f9d6a1f111a3786d0d5f6,13.0,0.1712,0.9823,0.7973,4.0,0,0.44844849691958516
04036629ef937bf5b15e6fb49f553ba657fd8ef80a62731560aca6ddb74a3051,13.0,0.0,1.0,0.0091,0.0,0,0.07006471872599379
0403850639ed982924365d26be4799744b94ab2daf6e15e43f849114940879e5,13.0,0.0,1.0,0.0065,0.0,0,0.020263886945132575
04038e76f27f883ec6b850a2ec5d5e3adbae72132a0e8e01e50f3dabf8a1bf52,8.0,0.1925,0.9314,0.3608,6.0,0,0.5099289440937503
0403974a6f66360ea46a5ad6a026f19ae691d27c785f9de108146229605f1806,13.0,0.158,0.996,0.6383,12.0,1,0.4800587896391977
0403a9a90ad575e2c9f077efce19befc5c25ad189f4d00df9f54a264c27e53b9,13.0,0.2625,1.0787,0.1515,6.0,1,0.5919756302884575
0403ba2627dd120ab1d900897857d1d7f02f3f4481c46bb2127164514955a089,1.0,0.0,1.0,1.6056,1.0,1,0.6219930835887117
0403c532b11533528622b8ed23c30ca82ee2ff7cdf23d200d3d6dbb91794d3b3,13.0,0.14,1.0918,0.0184,1.0,0,0.025403350124385982
0403dacbad5d4d13a2dfbc2b98f2d7d5379fd42f1f30108f7e42985687d20619,13.0,0.0266,6.4944,0.0044,0.0,0,0.12762819865245378
0404075bbcd0ce0fbb574418bd234b4584fda7192fb7e9816f39b8084931d421,11.0,0.0,1.0,0.0242,4.0,0,0.03179913382016662
04048fc34fe41b3d252217df23023ce191d73fdcb47621969b000964dce2ba45,13.0,0.0,1.0,0.3263,11.0,0,0.28791226716615653
04049b4a20187f6d2ad6aa2fff003a20d0068bc60b6bc421800248833fc4cc2d,13.0,0.3054,0.4781,0.0534,3.0,0,0.13036646499684898
0404c409cf7d4c2aed186817ea9760a186c94fd904f2977904f94ddf9c1476c6,6.0,0.2914,0.6077,0.0605,2.0,0,0.22237184540750843
0404d5d45a4c2a8ffe38260a549c5f192fbbadf7e93cff63b428d01872c07f79,13.0,0.0,1.0,0.0122,1.0,0,0.05165338435105394
0404f4c6ffbec9f4b2433a77719e7bf9794e70fb95c2bcb4374eb11ec76d4696,13.0,0.2506,1.0852,0.0076,0.0,0,0.043491747497489346
04051e27b3328d278cdb39ebd790ffad0abf7c6a81e0da56c8ea0fa3a7c8fd1c,13.0,0.2666,0.554,0.3449,2.0,1,0.5086754589878832
04058adcf2126e48127ef314e02e53a8c0fd43ff6a52166aa7c9bdc92729626a,13.0,0.2027,0.8564,0.138,4.0,0,0.515161016932833
0405edc322af292dd91e6f4a77d87942a0574a0f4dd4b42019cc5fa8148ae396,13.0,0.0,1.0,0.0073,0.0,0,0.022280945636023855
0406238fdec78e318a1fe127c51d7880a974f75349b4ebbd5d1c137a9521bf53,13.0,0.3772,1.2528,0.4462,8.0,1,0.7190317608940318
040640868bfdf00d105f1b365238ca85d38db0761305c076846e6529715af789,13.0,0.0815,0.9912,0.034,1.0,0,0.026289771323289537
040655011886dd5ffbbe2fb1ceabe395ca57dc8a4e6ed6792a84303757add63f,12.0,0.2753,0.6568,0.0358,0.0,0,0.08364647737274376
04067c2a6c13c53f4d88679fcfae88f3ddc4b095a7339c57f0443bcc6ca49a61,13.0,0.1744,0.8488,0.0245,1.0,0,0.02449655256666033
040682fa756740be4810f6f5c44d67a049d08b1c3f72cb9f9ef08f1bbc6e1d0a,13.0,0.1379,1.0474,0.0153,1.0,0,0.025697587580999902
040687bc792f28cecc4e26c1dde27aea33c2414620c4590cd8d0982c16864a36,13.0,0.0,1.0,0.007,0.0,0,0.022280945636023855
0406c1d88a53e54385d32a8642a8c9a68241b49b562c07fe378c5a826e00e467,13.0,0.0,1.0,0.0092,0.0,0,0.07006471872599379
0406edd2d7ce808965ecd977d4dc9dafd7fa3fb5b1928c190434406b6afd52f9,8.0,0.1051,0.9409,0.0326,3.0,0,0.018408765820096963
0406f3e552a806f3e24fbd4eb558d1c74eb660e1345561c23181350833756eb5,13.0,0.0,1.0,0.0088,0.0,0,0.0668791263085046
0407344292b90b2a9e0941a1b407e2b711ff54bfe7a608f81bee6019f197cd19,13.0,0.1891,0.9134,0.969,2.0,1,0.5458882167029714
040760a39b9d4fad6240625a4e42bb194c2515f7f76297515fa072f5612d7269,7.0,0.5807,1.2511,1.7666,2.0,1,0.8429809958617137
0407c5c405c45f8d59fe907b254fd2bbacd660d62843d537ac7271eb6f968f13,11.0,0.2631,0.4976,2.3624,7.0,0,0.7629059247953961
0407e76c4b6d65d9a9e7f25b9768011fe8517c3c03081a6255829153345f1e8b,13.0,-0.0207,1.0,0.0497,4.0,0,0.030004777123736944
0407eefbefb6008bc30ca84fa89d61ca5359485e41061d56ed485dc1f6f593f1,13.0,0.1345,1.8182,1.0526,4.0,1,0.637193321718861
04081dbfecfaaab3e22f89812fdb747113d5c3419558c3bae8567ab38449d274,13.0,0.1633,0.9119,0.0553,2.0,0,0.06033574708813381
04082a6ae1707b059d7beccfa86da172fb27d63bb0cf30df524177cd62f4b5b0,13.0,0.1507,1.1421,0.0327,3.0,0,0.022657940495467245
04084b78d69f0c6e2f0a221badd4d0c0445285b722d571614aa5152e8dd63b91,13.0,0.0,1.0,0.0061,0.0,0,0.020263886945132575
0408582582756e7d8d44204f67abae1fcf915483898fd9030759dc32ef98d15e,12.0,0.2081,0.8698,0.0907,2.0,1,0.2371378458754311
04085e0f53ead2f013c18f7809650fd0a6ddfc52d5e8351d491b623802da775f,13.0,0.4441,0.8377,0.3277,3.0,0,0.7014898955378943
04088765c090e743c57efb7e0bcc8e77afcdb5a3bf5e217eb02d523a3946a195,13.0,0.1228,0.9736,0.0252,3.0,0,0.020072211440532017
04089b5b1a0482d3cdb0e9bc782d4f42d55d4ff3a9d301b3ec5ddc7b4706601f,13.0,0.1021,0.0,0.007,0.0,0,0.017984380073908183
0408ab5bff6dfeead771e066703a143aeaf0a9b119e963bc8dd6b79ff99bee91,13.0,0.0708,1.3307,0.0568,6.0,0,0.0511206738460107
0408b47c0c4793805bd59c1d89b854f962fb79b32468ff6b86d26fab93eb5e1a,13.0,0.1646,0.902,0.0353,2.0,0,0.02498451032136014
0408c039f492b7faa3d95ee4b7a8b911c390b46c43c2c236fb55823ba4cdae78,13.0,0.2201,1.2693,0.186,4.0,1,0.5797290070289977
0408cac219635ff02f049425caf829c11e17f4a7bf5c0ff28619107ba420a2c2,5.0,0.3429,1.1121,0.4823,2.0,0,0.5977833702738723
04090c8b60e6d6354b3e0079eaf6485ce9a3c382aae01d56276ee15045fb6048,13.0,0.4748,1.417,0.1716,7.0,1,0.7343259294169658
040924cb9e60ca6f99ac0661bd81504e67c546823f81f495f0abd9fcffe2c339,10.0,0.0,1.0,0.0176,0.0,0,0.08224435074188237
0409323a68867e11dfeb3dcc40cd22a7dbe8624856835b25018c0190d33c7f2d,13.0,0.2016,1.8551,2.236,5.0,1,0.8028109573875735
040943a957ed3f0eec82b631c5373cb3a8c6fecea130a5166e34fc1f3d7e5acf,13.0,0.1607,1.0459,0.093,4.0,0,0.1973986522678679
04094b42a6137548d927da6c1b33e4868623936753b6a27b8911e19e940cc835,13.0,0.1662,1.09,0.0574,3.0,0,0.0875642703294799
040964cad29c2330948ccd05f8d10ee2101f7949a2dc4dd3629af20079026ad9,13.0,0.1351,1.0055,0.0403,3.0,0,0.02181529953474616
0409673e87526503a3fbf1ecda8a3f65c0a64d001ad38888462ca198a180d5b8,13.0,0.034,6.7277,0.3094,10.0,0,0.33383632101596156
0409677739c6f19a24252ed311f51f5cdffab483b33027af1c281bcb9777d314,13.0,0.3515,1.5421,0.4667,6.0,1,0.7467775068429412
04099245c510b9d777af1bdb95451387864a64946988d62e26eb18e6793a2d02,10.0,0.1921,0.9017,0.1315,1.0,1,0.38741845938089997
0409ac3bc5a57f5ec919199fa27e7dab6fd5b21a4192a3cf5f8aa68137d9dbe7,13.0,0.2944,0.3818,0.4595,5.0,0,0.6161507566684563
040a02ac2610115def9d6e9b007fc2d20a5782834dffd360ad533cd8288cc5b8,13.0,0.108,1.2378,0.0334,2.0,0,0.021912476463032314
040a0f0c1d53d0df8ea90de189eb32990b308720c8f6272bdb685fecf8ccca81,13.0,0.1615,0.9949,0.0082,0.0,0,0.03842054666192309
040a3f2197c65d087376b92f5ae1adfcca8706922df7c7010673ee2f4e8c4a7b,13.0,0.0,1.0,0.0058,1.0,0,0.0232289663352012
040a5f6721f7ee098a6f3930601f71119c3222626a3edb609ef5e62b30266054,13.0,0.0178,0.0,0.008,0.0,0,0.03155096134902497
040a7c73c8e47e9113727c06253f7ddd79d3d0ef1212b8880fcc706213a86382,13.0,0.1466,1.0877,1.571,3.0,1,0.6452729559880628
040ada8970e4ab81a41377e091308a24059434168484a632cde8686917326e94,13.0,0.4674,1.4127,0.1481,3.0,1,0.7204544332157176
040aebec1f5ecca8858d2072e576e479c135ca069916f0b5c610f4bb234e942e,13.0,0.1228,0.94,0.0374,4.0,0,0.018373022222245804
040b168a91c9ce5a4174caf370cd10e68d836a15097c1a67906960aa7f6f1daf,13.0,0.222,0.7329,0.4122,5.0,1,0.6078353539463963
040b1f951cea3c60429b7e09f56c5b07910dd935b1b89f14035eba4168336840,13.0,0.1069,1.0618,0.0388,3.0,0,0.02074258649153472
040b51716504c0d04e0612126ec7c04866e2587b2bce8bc4d8cb0a49d57bd3e0,13.0,0.1477,1.0781,0.0512,2.0,0,0.0336285960523079
040bd4bf2164f0556bff2d586660c65764ad3abac3f905ecc66d210a6afca677,13.0,0.149,0.8237,0.0176,3.0,0,0.023529450731837005
040bfc44facb67e8730cedb7da41361cd5e09a4ed3728c00a5b0721d9a2dcfc5,13.0,0.1113,-0.141,0.0935,5.0,0,0.07276314612519476
040bfd46ed5b8738c79733a040a9e879f98f045bf3059c07c12be8669d1fffe5,13.0,0.0854,0.8347,0.0468,3.0,0,0.01859727172555514
040c1cee80e0a5c95c150230ee61e6b584b2b7fece938cdd64ec95ee9ffe95aa,13.0,0.1918,0.8059,0.6821,1.0,1,0.5083912703530977
040c79e48118b1a2ae2415a756887339410488f91977b75298db44e949084d69,13.0,0.2354,0.4703,3.0789,4.0,1,0.8726110528210497
040c8a3ba201503e0c63bb47db338ff8a08c62d87cb1756212ca8ec0270cf10c,13.0,0.158,1.0412,0.424,6.0,0,0.43890102201107517
040c94dea7ef016c6a75316ccf5a2a1666b09dfae6af66d82deac6573feca756,2.0,0.1806,1.0789,0.0391,1.0,0,0.0492760607752102
040cc2f67f28633238f14a601cc98ce070983dd061e77673daad483ead9ca20f,13.0,0.2052,0.7723,0.036,1.0,0,0.03733581261884462
040ccd446fda845811f92ba4c13e625ac6e75e9468507e885371852a46dff88a,13.0,0.1821,1.4803,0.1288,10.0,0,0.2972471748568355
040d0b71850a710951a149c72906bf5d3e05a4ecc0dc9f8c0c70d9de26a9c373,13.0,0.2828,0.5736,0.019,3.0,0,0.04079552721865445
040d2364e49eaae4b880550285702a7686cab62e961a8c2419c11da5066f3117,13.0,0.0666,1.0291,0.0499,5.0,0,0.021408679913737506
040d87c664c26f0a94dbe2d96dc027c5bec2cd64e244d85f2676e4484c70a72d,13.0,0.0,1.0,0.0059,0.0,0,0.021280478197017946
040da124dc20036f3604cf8947ca0b68e53955f1f7bf11665729042972471b40,9.0,0.14,0.0,0.035,0.0,0,0.07305645454429686
040dad7ab6a355ac33b7da1e1c82737127da0a7fe2c1b756cd910e830cbc9367,13.0,0.1408,1.1706,0.8161,7.0,1,0.5593600365839652
040dd51323b544765c42f07419c1ba095342798a85e92d1c35e3bf6061cfd17f,13.0,0.3366,1.4698,0.3004,10.0,1,0.7159342099194138
040e53f7c703658c5eb40b9e771c640ede0498929b12e8ad1fc56e703eb7f655,13.0,0.1073,0.8474,0.0417,9.0,0,0.01909993854924983
040e81fe8b75aa2af4cfc9be43df1230c1106b5a79ea81b3e30340cf0caac68a,13.0,0.085,0.6281,0.0336,4.0,0,0.01690810433273664
040ec3a8559a620dd1f4bae8ea3194b44fb43c1875e6c74ec53ce10bb4bdb334,13.0,0.3636,1.1869,1.1784,7.0,0,0.676656722851052
040ec587e918bd74870ee0f05befce9b472be9cb3082d5fef4c7f8725c5ce5d3,13.0,0.1694,1.1521,0.1572,6.0,1,0.31989655317270477
040ecd75f7ab4dbb132c0db57625d2092687cb973e6d3a8669287cddb4e05981,13.0,0.1417,1.068,0.0203,2.0,0,0.025885160611516297
040eed6a08b6c50e7dbb813ab153e977609da23f184dd302e6b6e2efa8e08a93,13.0,0.1333,1.211,0.0176,0.0,0,0.05525146543645313
040f2e8251653a8a873ad9d04f0ece206eeb9ddedca9ab3021956e7a01ea0c61,13.0,0.0745,0.9943,0.0406,1.0,0,0.02737434231555135
040f54029bcd8bc208813219db006f2be9a865119169f985ee6975e7ea26e360,13.0,0.1616,1.0832,0.0248,3.0,0,0.023630041592825498
040f943a2ae9eb46f36d1bba7eef6c84b5913b81d398a7ec1f63838678208228,13.0,0.0732,0.5981,0.029,1.0,0,0.022996042440613415
040ff398101496ddcf2b37ee9ba8f4ebf3e78558eeeb616b62c32ea35da07a74,13.0,0.3443,0.7534,0.0518,2.0,0,0.15809857026680685
041043587776908c29a6f1608ca84d9ab4a87e21b515bed415b76fc7be8fdbc5,13.0,0.1535,1.1163,1.6258,9.0,1,0.6853442128025652
0410687ec3be5137ddf87cb2d6c64ddb4f2bb6156ce9d5d490bbf73a39eab238,13.0,0.2558,0.6991,0.0155,1.0,0,0.04286405886539283
04108faa988b2becf2efa2e896020f8cf48e119a071491aaca8551f2b16d39e0,13.0,0.1282,1.1904,0.4398,11.0,0,0.3771846460131698
04109fd0301d2731c8e6bf68aea12c532ee76fb5037df5e98797a20734fcabcc,13.0,0.1439,1.0646,0.0509,4.0,0,0.02663969963890097
0410a1984452c1993e1f6f2a1e6c54894772469a85db8c12247a7644585f2edd,13.0,0.0,1.0,0.0087,0.0,0,0.0668791263085046
0410bcf57cc96539b91233f3498c4d20f5360d19bfdfa0c88095cb42b318ba41,13.0,0.0943,1.0495,0.0478,3.0,0,0.02205535388857106
0410e861682914feb8addbab28d79f561e2e71c44970c5619f6f5c6376b80d6c,10.0,0.1207,0.6752,0.0312,1.0,0,0.022075874161898885
0410e953c6a0a72628ce96bf991ce7150e4ff2f96ce0bc1e5a00227816c26e05,13.0,0.0569,0.8765,0.0509,2.0,0,0.025335918871792536
0411599ff3851afe03cd6a461db322e7c7e904642d6953d5e4a6483f8bd19982,13.0,0.1378,1.2105,0.0641,7.0,0,0.06104296874798974
04115bdf17206021d6825ad79c85634be0054a3435cdc796fdabb191815eb229,10.0,1.0132,1.4876,0.2914,2.0,1,0.7791903509401127
0411abed1b358fe411e32f8d165b71ed1c218fb52ab6b571b70d19aed1fd6ddb,2.0,0.0,1.0,0.0141,0.0,1,0.07704350507592042
04120d96ba39533a0373e60d50bfb9a01ed4d954713bc7f60830bcb986b8d119,13.0,0.198,0.8588,0.0478,7.0,0,0.054203479109226446
04123d45d13fe8b8c8f9835c6caab32ce9040f196f9f33a1f050faf0a9252de5,13.0,0.1738,0.9062,0.4516,6.0,1,0.40723280592536454
041253c5e6db14fc98f4ab598672638693ebe3fb91822e7d7f31d46f6869a3a1,13.0,0.2022,1.2416,1.5682,2.0,1,0.7332799819737426
04127c02393e5a041dae98813a69a70b8b7d8cf670307282e8b10153925a46c1,13.0,0.098,0.805,0.0516,2.0,0,0.02252365476549799
0412a4527d3e314cc3a6f1bc0d7e16b544c3ecbf89a77fd0411cbe48a564482c,13.0,0.145,1.4547,0.5662,11.0,1,0.5370733839490134
0412ae7187ac3a673445a181b8a5199a1eb8dfb26d5d4e3c716c002469805793,13.0,0.1329,0.7847,0.0393,4.0,0,0.017571972492670923
0412b9ae2233fcde9526d5dbbdae12b52b99a5ba0bc9e5b7325467fa2c0d646f,10.0,0.0,1.0,0.0053,0.0,0,0.01978947117409603
0412d6e51d0f739a6a9dfbdcec2c43c26d07edffe796c1089e6a266c4832d2f6,13.0,0.0538,0.0,6.7098,13.0,1,0.7939340048701375
0412f26ef8781a5811b5348cd30338f0441a2f5ba83f5374e6acf1f1102197bf,13.0,0.5738,0.8775,0.0516,2.0,1,0.30301264514487036
0412fe93bfe1f95322b74bfc51c507e2f407f7d5bacee46614e110843f082785,10.0,0.1636,0.8222,0.0479,1.0,0,0.03246564320505794
04131b3464b6b499b371d2028115a895cb7937c34f6763f7b7cad628c9fa7f4b,13.0,0.1132,0.7824,0.0483,13.0,0,0.02574200344433732
0413220ed374ea26a32ae411d7e25914d4d919ed5f8026a0ef40a018171a712d,2.0,0.1779,1.0003,0.0093,2.0,0,0.032572266094152515
04133418f53b9225fedb71ab48b79e4e63f9a331904a93d7559def0879dc6e3e,13.0,0.0759,1.7606,0.0088,0.0,0,0.05967417137312903
04133a87b242d5a1c576ed38fad00c740dc224bb83d9b4cffbddbe535dc234f8,13.0,0.0751,0.0,0.0056,0.0,0,0.01593955253905294
041357be7f5205c90aae1f00a68f9134c04f74ca17c66d91f489af2bae05c4eb,13.0,0.1442,1.1744,0.9106,13.0,1,0.6348027017344816
04138594eb1baf73b83b504d7e530187a5359ab362176790a3ab4c861badf7ce,13.0,0.1304,0.9976,0.0348,5.0,0,0.020679840602728566
0413947ebbad77d354916b86be27d01fb766b81abe26f0026740aa4071e98929,13.0,0.0,1.0,0.0058,0.0,0,0.01978947117409603
0413a137e282b6e15ab2c58e6baceda1e9394cc7a6ae030127aa9284fa1da11c,12.0,0.2903,0.6126,2.3688,4.0,1,0.844697308038316
0413bb4944d7b691b4311ee9bcacae567d4fecb034ed18317be7051ece692d52,13.0,0.1258,0.9086,0.051,3.0,0,0.021724518057459518
0413dd48fcaafddc5f8f264d870074ee54a8e99940bd78a9a775b6e54b18d894,13.0,0.1656,1.2551,0.039,3.0,0,0.03608562327039384
0413ef2bd5684b75e12a65f5577c8a0041ec9f63ad26d63d91d18f09c56c6b7f,13.0,0.0888,0.8288,0.0411,3.0,0,0.018146275912048565
0413f73117bfb5915bd6d65e98779fb1962e2747e8bd65f5757b25a36a3be0f6,13.0,0.1539,1.1978,0.3618,11.0,1,0.49839892014272785
0414166a657acaf7d78a136af52864232c476586774d916cdc0bd0bf3a7aa865,13.0,0.1064,1.1712,0.0422,7.0,0,0.02103409153785505
041418a0e8625b871c669e038600abe7f3c146957fb55395576508946f376dc6,13.0,0.0,1.0,0.0069,0.0,0,0.022280945636023855
0414216f96b1207e7675fbe146aa37a1f6b65444e2f811f830c169bb24108a50,13.0,0.1582,0.9706,0.0827,7.0,1,0.1274269093867504
04143b121490647bcbdb6639dabe870897ee0949afe5af45a299d3be9efbb203,13.0,0.0709,1.1001,0.0334,3.0,0,0.019529030851547863
04143f2f7316ca56ead26636be36e787a5000e3f99c93ca18fd860052537f771,13.0,0.2062,0.8562,4.6901,2.0,1,0.7965996780176264
04145c958c8ccf9d0513ea875835578ad1a6cc707302aa318b808ca2882ab0f2,3.0,0.1452,1.0193,0.2142,1.0,1,0.31710428962440423
0414a880d4ffd3f71fd08f910f5e415489da068755584ccffb4af7e8fbd611c2,9.0,0.1176,0.8275,0.1082,3.0,0,0.10781849868799463
0414e791c3baac11871f1a8bf913e66eeaa30fed3cd953a38df6e6aec9c3cfbf,13.0,0.1599,0.7837,0.7905,4.0,1,0.44170898166895206
041561b381f8bc74db668683b2cf35e23b763684865cc7bec95a139045012c9e,13.0,0.0,1.0,0.0072,0.0,0,0.022280945636023855
04157e7e189752d476320937e2456771c0a55c55520cc5da62152f07a82edb85,8.0,0.301,0.5678,0.0808,0.0,0,0.29404921953551433
04157f73e51709fb7c2b7ae9d399bc649c68b6d60b7635d3a81af9063bb49ca9,13.0,0.1795,0.9608,0.058,1.0,0,0.12929031314197806
04163742e0f5c31db7c506c8a0e3fd85614048b4b7147abadc8b89cc38743c5c,13.0,0.2677,0.742,0.3252,8.0,1,0.6093539439024921
041686856168360cc3716f4f2f36de13b156929683abfc67c3ff90ba82a45004,13.0,0.1024,0.0,0.0029,0.0,0,0.05140727416546608
041688f5422c914b930cd245df7f555d977122a28b27b375bd71eb679683dc9d,13.0,0.0607,1.0157,0.0536,6.0,0,0.03777402157544887
0416a5a01fa6b5e19c75a898105500a17277128d723830e720150ba71c8a526e,4.0,0.0,1.0,-0.0072,0.0,0,0.05573669131486084
0416c0c8f7df12421cf070447feb61722adc0f165d5eb28f766b8dafdab3d836,13.0,0.1506,0.9922,0.073,4.0,0,0.10916821950260212
0416da233d8161470c0e660b472f8eec7eb42cc6cd6530566053ed5720025c60,13.0,0.0657,1.1228,0.0785,9.0,0,0.07312327373535267
041730c7218f047342b68146a6498d25f9f48d560f034d8b8e0d5399419e37e7,13.0,0.1708,1.2336,0.275,7.0,0,0.43947641519684405
041738a8423f211683f3db2ed457d6b22d2227c4b4b6b15c4565812ff6738ec1,7.0,0.3797,1.0977,0.4602,3.0,0,0.6664354725397437
0417614d3d7b6b4f0948f0ca857409ce0c904076300163e8c3850cac76b2a1ac,13.0,0.1737,0.8528,0.3085,4.0,1,0.37392804165257876
0417676a1b45b97a9ee440f0cb5761e3095efdb4823600f4d0efac594aa255cb,13.0,0.1007,0.8792,0.1004,3.0,0,0.07586971581812102
04179d8bee63d6f7e067bbcc39e2d62c4ed57120cc4fbd0b7e0b394212936dcc,13.0,0.0,1.0,0.0113,0.0,0,0.07688026147883344
0417f6b288172165fdff417c5ef99c9ddc63ee8445fa4d7cfe5ed4a9a184f2e0,13.0,0.2156,1.3061,0.6336,3.0,1,0.5863034942085513
04182f9f5601dc758be0e84e4f3658410d4cc512031de3a946e1beaaf53149fa,13.0,0.0,1.0,0.0063,0.0,0,0.020263886945132575
04183cdf833b2f27afe5da6bc4d2a92b519ddcf2165f18d45bd045e7338cf545,3.0,0.1078,1.2379,0.1305,2.0,0,0.12452326036246772
04183d448cf99c795e25bc2fa4b0a9eb728a1c896a471df50e142b53521920a3,13.0,0.2793,0.6452,0.091,3.0,0,0.3048833564151731
04186047ee1630b9a6cbe9af8fea8cff5cba2ed45a356e92584597d0a5ea4fd1,13.0,0.0,1.0,0.0065,0.0,0,0.020263886945132575
04186adf63f3c7c2b6ab8c4bee848ba328cd4430ee012d41ff310d9385b65652,13.0,0.0988,1.6414,0.2211,7.0,1,0.4037195889176979
0418addae89c0d24d2f5a87d1383286f47c7b0b56e32dea363847f44a3467ca8,13.0,0.0842,0.992,0.0692,4.0,0,0.051986262699195394
0418edd213f62d72571db11fee05247948d0c9ebe4b2b3132a265eb82593ae39,6.0,0.1383,1.0921,0.0245,2.0,0,0.022703791408942138
04190dc051e4e8e9cc88df5d7d2e7e6a2dd2fe4e76b5fd643bc7d3a9bedede52,13.0,0.0358,4.097,0.0145,1.0,0,0.05739298380854131
041945bee660119cc0e7bb496dd0c19b5689f1ca6ddc8fa390701962df7c1cfb,4.0,0.0,1.0,0.0058,0.0,0,0.01978947117409603
0419733b00b40be71418c4c0cbcb21b8656e615cf3d9d8d45d5953329b13dd61,13.0,0.1869,0.7234,0.0703,4.0,0,0.12257881344520863
041983d85a9fddd4d35b9e0d997a4d308660a64f02575441a37876b8699fa789,13.0,0.0,1.0,0.0058,0.0,0,0.01978947117409603
04199cf440e400da27cf5c1b9f2aab9abd33283322e9fdf7a14b4ca76669a5d9,13.0,0.1527,0.9266,0.0371,6.0,0,0.020302521269298254
0419a0539aef175efca2f0e825a47334818296482f4726630b5c7ffc8f50e039,13.0,0.1411,0.8569,0.1223,13.0,0,0.24703861188638893
0419bb6db32ec41f4c5f8cf6d03c690606f634e5f75e07f2f7cc19f3679f38c9,5.0,0.1404,0.996,0.0157,1.0,0,0.02473687432978944
0419c5f2b56d32f5769994aff81f557da0dc42b13cd6f0ce50c954c46d69e63a,13.0,0.2614,0.6346,0.4562,5.0,1,0.5971136708426075
0419e0c0924637dedcc6716617f88d7d79f3d9e752f5fb377c69acc2d1907825,13.0,0.1712,0.8768,0.0202,2.0,0,0.023189985859275043
041a0907ea6865c776a1c12389e29b00c0f9366fe1c8c80bf421502940e791a9,12.0,0.1504,1.0398,0.0184,6.0,0,0.021797027351307285
041a0d96a3b38b39a8ded9d8cc2d3956b9aeab4da877a850dcf5f2072ffb6983,13.0,0.1383,1.1547,0.011,1.0,0,0.025143057242235475
041a28f6a61cc0d071d09f5576c66063d494ea947055a39e5125fa0a16c6611c,13.0,0.9891,0.4968,0.3885,2.0,1,0.7036362639142887
041a428deaf10c2361db04c64ac4767b0a548dd0a133f8c04638db66b0cc2b6e,13.0,0.2864,0.6585,0.0226,1.0,0,0.05158224154453564
041a7f20b631695323187d5776883c70a1efc8a8f702b6770ed2d0c0be402f82,13.0,0.2452,1.2107,0.0628,3.0,1,0.23426977071027744
041ab32680d02990f7e8db9088af0dc85f28e00a654ef6d618b627b3b8264e31,13.0,0.0,1.0,0.0065,0.0,0,0.020263886945132575
041ac52a474b4447950f621a379856a142b195c5bb78cd99a07a564f6673ec05,13.0,0.1916,0.9358,0.3391,10.0,0,0.5017519601887982
041adb1c2c70a31834a6286c072ea844d8170711ffe5e23ffa02113264213e22,5.0,0.1504,0.8952,0.1629,1.0,0,0.25553281259346267
041aea00786c88adf9263f8bb6ceeb71c5285e07eb8cc31979652cdec463381e,13.0,0.1115,0.9507,0.0195,5.0,0,0.01753306438484896
041b248cdb1a506c2520c771332fd27f89261ef2dad2dacc983e13f5a38eac73,13.0,0.417,0.4122,1.1336,13.0,1,0.7359498968296808
041b58c7c7c19d1edfe1163f5d4a762ff4dd91c10d790de954e6b2113d6ab75a,9.0,0.3988,0.9551,1.0114,5.0,1,0.734037474764174
041b5a4935d60b43fa3f83ede2626e22f3405f7488bf9fc20ea7658febf7c4e1,13.0,0.1702,1.0326,0.0137,4.0,0,0.02401734857032556
041b88305fce705fb3bc0041cb9597350e35193af10b82390971f0c085c3732f,13.0,0.1631,0.0,0.011,0.0,0,0.057442150783797497
041b901e1d42491cc4bcafc57b77db443921992f4fb8e26d755d10a3a7e4d556,13.0,0.1746,0.8515,0.0533,3.0,0,0.03252052015975978
041b939d083a94c058dc40e1571ff5cea00494e51adc3d4b38ac0dfdcb033b61,13.0,0.2207,1.2526,0.1904,13.0,1,0.576306011942528
041baf2de290805d2af7e054500d5f87faea7d4b2afe662b8ae57cc43db56654,13.0,0.0525,0.4035,0.04,4.0,0,0.01877255049231216
041bdd806633f1626e600b828227565ddb5c2edceb7b44cad558b2a475cf8ef5,9.0,0.0,1.0,0.0104,0.0,1,0.07688026147883344
041c49770a31f04701b406688439911dcf89ccf8b4fbcc90d1f78abecac8fd97,13.0,0.184,1.1492,0.0119,1.0,0,0.03314721962403025
041c56fa463f8364aeffb66061a3db9eb43d1a0a097f27189cf42ab3a60838cc,11.0,0.1946,0.958,0.1069,1.0,0,0.25405703909004757
041c74770688484bb24500391490644ad5d2eff4131622f04947cad875526a73,13.0,0.0,1.0,0.0053,0.0,0,0.01978947117409603
041c8d8da99197f3bd9d95b7c1653a51b5449d329fb7de54f72d2165a208cb5f,13.0,0.2004,1.0476,0.3062,3.0,1,0.5396105965542425
041cadd55cebfeea16f5215ca1382355e6eec5d559db646939448dfa3860eeef,13.0,0.0881,1.9154,0.0052,1.0,0,0.045776143782590595
041cb2dc326d32c681fa9a4524c9fff1a7c6a90c4d31e0728ccf70b120818607,13.0,0.1623,0.9902,0.037,6.0,0,0.020897394965254553
041cd857857c62b635d91332981f4cf2a5175cbee76d142751c20c320df1b0af,13.0,0.1545,1.4093,0.4049,7.0,1,0.4933423759925512
041cdde5b538e9ee9bfe7e1719c88be7ab5e2e68365662330c2d990be0d96085,13.0,0.18,0.9809,0.0052,0.0,0,0.03351907316169742
041d06bf79e93d5e30b5a5e2b4781f91d4d04852c4c487863c66037bf8683623,13.0,0.0369,0.6992,0.0827,2.0,0,0.058172978024510186
041d0af3532a6b5fe9e8a00b7a9a7cf4f4c23f364d5296257c60e78f6159f674,13.0,0.0437,3.7799,0.0067,1.0,0,0.05608612000131256
041d24163105a95b724261af0272268978eadd0c00529a727fe4573bb3a1a312,13.0,0.1254,0.901,0.0439,4.0,0,0.01798438270846798
041d44c8a287039bbc1d0b54a097ab19281fe3fabd742161940905aceb8a2222,13.0,0.113,1.3068,0.1665,7.0,1,0.223683177618315
041d63ede01063ac5cbfca29a1ce21621a2056a77d4b15b57c7da34517559c32,13.0,0.4539,0.8394,0.2753,1.0,0,0.567180052923479
041d641b27519ca82978207b845cc6731d1ffff3c6cd9b6924851e57724bb36d,13.0,0.0,1.0,0.0048,0.0,0,0.019980332496187008
041d9c83c36449a7f89da403b18d74fcadc4dcf822a3adb5e909ab376708a385,13.0,0.3467,2.349,0.0488,7.0,0,0.28040684773523494
041d9f089e1df77620ec4be6ecfe44920e0be82bea211f7c8bc253a1af795e58,13.0,0.0549,3.2404,0.008,1.0,0,0.06259098044674571
041db0b8107549f84a5b877f0fd5917dbb7fb66c81e61a961ea98d38184aeeb2,13.0,0.282,0.6206,0.0277,2.0,0,0.04343664614510321
041dbe325fad4774faa712ac218fa660c61f0daa7144db61cc4bb504fd363d50,4.0,0.3224,1.0668,0.0979,1.0,0,0.37882191033664336
041dc70ab428871b0df17dbd805b64237302d26bb17d7e59daa9190f3b647f9b,13.0,0.0996,0.9115,0.0321,2.0,0,0.020432953766890142
041dd3287894a36ac6b91503c2b9fc18aeb2a4e12052a78043a53d6179a0ec2a,13.0,0.0361,4.4626,0.4658,8.0,1,0.3504934616860571
041dfc7dc881284e25667c76aea7bcc62a60f88afac6a7d8fbc126c050d7f321,13.0,0.1284,0.8177,0.5125,13.0,0,0.2966783888509823
041e1f5360fe00babab0571fb1378fd1faea0becec38b9b3cc532faaaf4ca673,13.0,0.3895,1.1451,0.7805,2.0,0,0.659975836034035
041e25ecdba16326c931e81221121aaa0ea14e08176cd443554152b555a2636a,13.0,0.1654,1.0353,0.0508,3.0,0,0.031093483186561865
041e360b82ea87a96e35b7965b25f94288433daf57a128c4ca82b91d0533c84b,7.0,0.2577,1.2767,0.2846,3.0,1,0.6174348547664061
041e3940571df32046de9fadee7f548bce22ffd171963afb2db595f009152feb,13.0,0.106,0.9228,0.0897,9.0,0,0.0834507826611983
041e532641c423188a6010da7a6d271657d9713e08d4949eaec6979d87e6f889,13.0,0.1455,1.3955,0.3165,3.0,0,0.45789628621555784
041e6dbf353f6d746d2bb2cd05608ab3c1a2f58d8270729b2c3b3bb32df7a9e9,13.0,0.123,1.1045,0.0386,2.0,0,0.021730140331296624
041e7cbbe0581bfb98da0c4b03f394380f42a81f916350f3b9d8e2fddf9b6ca7,9.0,0.7562,1.155,2.5711,8.0,1,0.8182748559666456
041e928d0e7680f49bd12b88f96a720564369d02b3f5a12f94ec6b2e425f79a6,13.0,0.1312,0.0,0.1921,2.0,0,0.21434914838937072
041ea017b85c5598cfde91cf2187f18d97c485ea6e5f6ccb5ec1412a9873b9e9,13.0,0.1036,1.4932,0.0457,3.0,0,0.024590522519983674
041eb8552004cd5a8447951b13f82aac5f7c7cc195518745ee102a05be4b8eed,13.0,0.1462,1.0693,0.043,2.0,0,0.033315719412310346
041ec7943930842432c4aa8f491f14d0885b508eda935a8041a3d4658177a558,1.0,0.3308,1.0,2.0043,0.0,0,0.6181605175404734
041f07c9be45608c3e776f7ab5c5cebd4e8afad6279b7dc3ec4dde1f23d8ecc8,13.0,0.0283,0.0,0.0059,0.0,0,0.01692002844720626
041f53990f870da33da091dee50f1ee4946e94bea91898582e4a473ee628b982,1.0,0.4139,1.0,0.1499,0.0,1,0.4567319086210015
041fa6802024f696431a3c5a45699ce6a615d01e1a900ca12e38dcab5c8d652f,12.0,0.2738,1.5078,0.3351,2.0,1,0.5991236957929665
041fa8321cae24e262ec2e9927a541c643c0912db0854c3579afef913d592294,13.0,0.1476,1.0198,0.0261,2.0,0,0.02663520000297228
041fb1bdc4f5d3c3113e0cf125603f1491646262b1d6e9188cda65d31551e312,13.0,0.2483,0.8499,0.1903,6.0,1,0.5944492596266057
041fb69b7ce8c877fa0acaa810fd5aa77cb64fcaabd645746ac5307b69172f83,13.0,0.1382,1.0004,0.0511,3.0,0,0.023812331274386884
041fdaeae68983130660c5f334d8e606e013a9399b447dee53a71cdaa70f82e2,1.0,0.4883,1.0,0.0684,0.0,1,0.4334562945278524
041fde892c104af9ef8e61f19cd9655aa666c6a5f067702ab50c51d079af7135,13.0,0.2443,0.7193,2.2107,3.0,1,0.8421544603629215
042028dbffe7a38a96a8e59e2d2be3d8e08f4253658af286a337a2aad27850b9,13.0,0.161,1.0101,1.4783,5.0,0,0.6195276913386011
04203faee4236512c66cc9b01abb23a5b75df860087a164a6df08dd106216e1f,13.0,0.1106,1.0597,0.325,8.0,0,0.2537383915762619
04204a58aca86b9d457d4df953bba43d8cdbbb868b31c05f4f5dbd5608383696,13.0,0.1362,1.5415,0.0177,0.0,0,0.058780838893293705
04205a0707301e2e7fea5f4301b4fcc4d93320954c72a195dc3aedb850280ac9,13.0,0.0827,0.0,0.0052,0.0,0,0.016543379783868096
042090f5641d9d1d748e1e1031bc3be2fe50c42605434b896c123207fcd25aa1,13.0,0.1362,0.8942,0.0304,7.0,0,0.02107542132017959
0420b86023b215b35ee987127c9e0c02135fb28e823ebdc6d558d0e2633bbff3,13.0,0.1552,0.9091,0.6336,3.0,0,0.4149163626326184
04212748c5e9354ca364e9e87e884c4af56494b7e98a435f76b879e04737d726,13.0,0.158,2.299,0.0133,0.0,0,0.07133196560261103
04216136685f5fdb1c3cee978a365b2dee9fce75e6e48af5c528d41def2b9328,13.0,0.0,1.0,0.0075,0.0,0,0.022280945636023855
0421bb42fdbb93bd3dda5657703da16cbc60f0404d646b7ff9dcff89739a8026,13.0,0.421,1.096,0.4509,4.0,0,0.7073993952236408
0421cd019b9e69f4a7036526e354ab734ed632b6b468fa50b2f3d3a4e500d98a,13.0,0.1128,0.4052,0.0464,8.0,0,0.01937405527778908
0421e05c948decc5ca866a4e51b8023d615fa7d6c881965dc5ae3748ae92efc8,13.0,0.1291,1.1261,0.07,10.0,0,0.0546289720785184
042215dc6a8373569e151256ee1b9a75c5711af02295c12243c4d688eac93a96,13.0,0.5538,1.0314,0.0669,12.0,1,0.4609869823368094
04223332d5b97e35e786c2293d3760074924b6d512488e3937b27a3551153770,13.0,0.2854,0.9457,0.2804,4.0,1,0.64639335359989
04228a3731debd22c3b3722e123e2e210470dafc8a5c6864703b074940a6d0cc,1.0,0.0,1.0,0.011,1.0,0,0.053041686427171414
042295a4a830372afd8026b2cdd107ce3d585f7c8d7d6cd0e49b2dab7c0223cc,13.0,0.5712,1.6862,1.2794,7.0,0,0.8077803280993744
0422a0d81b5c93a003bb83887d8fbfefacbf72235b21d122650be75098992d73,13.0,0.155,0.9581,0.0291,11.0,0,0.026104998653581818
0422e44eff6fd787e062bfb2c6f8854247c6951c86547a03316f788350276f0f,13.0,0.3865,0.4797,0.1135,5.0,0,0.4344765033555786
042329c4b995742606ccbed4341bdfe24ef33c0f812582cb59bdfb933592ddb4,13.0,0.0505,0.0,0.0062,0.0,0,0.0160504960188503
04234841410e0ab2e2993ec30ff8735dc4712850ba41c2926725cf00324a3fc1,8.0,0.1728,0.8425,2.0057,1.0,0,0.5538528859934303
0423577112892e402ffce7991ab816d4b3797cc7ded9594ae9b043b593dbaeed,13.0,0.0,1.0,0.0084,0.0,0,0.05971407759621131
04238afcd2c43ed1403a1eb0d29b1a40b38f19eec0c0864897d00c7c3def0799,13.0,0.11,0.9909,0.0368,6.0,0,0.018122606620105786
04238e03644ccf1119bd497a05e1885905a3b2d8816b90246b58f983cd73210d,13.0,0.2348,1.1951,0.1805,9.0,1,0.5906581351548856
0423c7a8f58a18b3c40a150301a1ec31006bd9777bd5ad0e81d2e24a6b92c025,13.0,0.0956,1.4171,0.0217,2.0,0,0.02379490597512221
0423cc44dbf31ba925d91d75f85d2d34bccbd855f6d98de4280348f117202999,5.0,0.2759,1.445,0.1503,2.0,0,0.5723459435085299
0423f3b4c3ebf2ee40f41d61924dc3626ef35c9243af668032807b0cdfc86d70,13.0,0.1331,0.982,0.3556,4.0,1,0.33386069904405874
0424435d018cd28620c9d4cc668d2a7f572001d63b7ba921a26168afaf484e8c,13.0,0.0,1.0,0.2953,10.0,0,0.2714944018114392
04247bcc8033cfba3a60b76067735a5cea3e49191fe9ac850e04582b85ebfe67,13.0,0.2406,1.7969,0.476,6.0,1,0.633852420008387
042494425af0e248f7eead28b5714e37775c4e65a9783268f6a3c29131c74590,13.0,0.2476,0.6454,0.0549,3.0,0,0.08786161401969478
0424a58125f02fad540df987e1ff5772fe96be98b38675f93b85568c4bb0f4ed,9.0,0.2738,1.6926,0.7389,2.0,1,0.6405536179011939
0424a89093f672c6253d14562faa725fb7ec663ab2737a3aa640028b4aab698e,13.0,0.1136,0.9437,0.243,5.0,0,0.21176434715782577
04252251e24d2d4fd4ff492c49c583ab94f025437fc85c9ad0625d5f6d6d26d1,13.0,0.1544,1.0974,0.1119,5.0,1,0.24585854221666575
04254299de88188cc3f7cd659884e8e165a4dfe97613abb0eca6f914212f5bd0,7.0,0.1595,0.9274,0.041,1.0,0,0.02927443491358718
04259daf0c48f3167ab1fa731ce76cc1f90f2dff1db351a63b2972a654193299,13.0,0.1533,0.9634,0.0925,6.0,0,0.17048317954179457
0425b72cf98255d70d0a741a2b07ae17c40038be886fa613a26318825233344d,13.0,0.3805,0.7908,0.405,2.0,0,0.5907087117972811
0425f94e3af7509600f18b12e71a8c8a6e13650eda1fb9d1cb08b9ac506a10f7,13.0,0.1349,1.1394,0.0769,8.0,0,0.14041162520658662
04262a923eee50a62c4052a9345d2c20fc1ca3eb891b3ea805787f0085c26a3e,13.0,0.4023,1.1073,0.34,11.0,0,0.7078352277476668
04263599594b0869f7c3f473f435768a1c52d71d953976cd5391d3838d4c0d58,13.0,0.1627,1.4043,0.3068,7.0,1,0.47883067697007836
04266a04e4c81df44ab96836183596d8895bffae5a73eeb83b9f820b1b2b5285,13.0,0.6008,1.2944,0.2315,1.0,0,0.6073348089657258
042697e314d96a5d97ed5eb7b44f1ab2e52da2dca211428eca5315279afa2dc9,13.0,0.1378,0.8834,0.0685,6.0,0,0.05740504852919387
0426c22756cbd64d2af6ed109a487cfe0c962ca04043bdc289d7a71ebedd5baa,13.0,0.1374,0.6257,0.0588,10.0,0,0.05497776881407783
0426f05f655ca1d55f2e17e2faecd75e10d94cbf760173fb4aad1ea6fdad4604,13.0,0.0,1.0,0.0099,0.0,0,0.07447578192254842
04270c2f1a6246bfbbf149cd2f1e650d4cb7ce5700c1159c00d6532779b36955,13.0,0.141,1.0312,0.0137,1.0,0,0.02615032109568954
042731455fb7b18b17af2d71192ba6a1e15fe3a0761dfdfe7ccd096e1557b30f,13.0,0.1384,0.7701,0.0315,4.0,0,0.017497489475729926
042731fc62027510ec7c632cb548d6fa02dd63db25829e29ce0cd2d232c7a7f8,13.0,0.4439,0.5635,0.2238,7.0,1,0.6201815960378161
0427425fcb1ac195498f153e0e5da7bd3d845c81a5b2e4a5f290258c6ea556a0,13.0,0.0794,0.8704,0.0433,2.0,0,0.022055567356783264
04275015a3ff72ddbf9f267aa1e3f8538ef3604432cc5ad5b894f3e1bc40c6c9,13.0,0.0,1.0,0.0066,2.0,0,0.025934011569596294
0427a23680f8268525c2d40c304f1becd856913ff078aa4d39a4c6df1ab35a44,11.0,0.2599,1.1253,0.1533,9.0,0,0.5764580695054179
0427a25a057876ca543271b90e56d19ecdeab6baa5a9a9fdd580a9b525e9c845,11.0,0.186,1.4356,0.0389,0.0,1,0.19967353140861566
0427adee791352c9c7a429dd3bedbd393768138859105c51df9f1eb4e46f3a75,13.0,0.0,1.0,0.0064,0.0,0,0.020263886945132575
0427b9f7bcca5c01b4a26a24fd728c10daf8258622a4f17e1db8f0a09a82802d,4.0,0.1224,0.8956,0.2872,1.0,0,0.2157783279753222
0427be99f44f8e9ac63285b49ef5d8a331f09681a6d36b8bbc5fa062b9404efb,13.0,0.0,1.0,0.0061,0.0,0,0.020263886945132575
0427ddd6ba0bada26a8e64c7f4f0ad079ef40af463abb83ce5aad1ed9f18dd0e,13.0,0.0,1.0,0.0106,0.0,0,0.07688026147883344
0427ebce4c70048fb96c1d75fac849ca1a8e7900cee5b45a17803de406235bf9,13.0,0.3621,0.4858,0.2347,7.0,1,0.6098502085629446
0427f40c116fbe32108847824f82c5e06c2b82e080e17ccab3e5c5ef75b3f8c3,13.0,0.0851,1.1467,0.0467,2.0,0,0.023144712191399554
0427f49ea416f87cf0e5017a388728167471228311245ac149f5c953568e1c4d,13.0,0.0635,0.523,0.0218,1.0,0,0.022892044767834064
042840015c0d130b31e1830c5cc8ad48bea2122472488e45657f3743cb10083f,13.0,0.1704,0.9826,0.0238,2.0,0,0.026490629124345744
04284e2e4f00799946160f2ab9f91128ef43a6403db1ca4cbfc2481331abc692,13.0,0.1067,0.9126,0.3835,8.0,0,0.23468233898102078
0428bb105f368a42c3dae384c3fc4edb33f9140904fd4ec63c948101af3b5f9d,13.0,0.1438,1.0468,0.0252,4.0,0,0.021814417550504332
0428bfb4656f78133af0cdb0c8599e55daff31ac55a3fb2c344778d431d9101b,13.0,0.1077,1.1826,0.0669,5.0,0,0.051498979201104154
0428c66ef7012487e2a71d407047e0010436e9b0f5db99a1c459466b36fd4e46,10.0,0.6359,1.6462,0.2296,3.0,0,0.7335947714701784
0428cf5d9be055d00227a0cd76a7f70e2161f228f7d27ed97f202e63b6b1181d,13.0,0.2358,1.6981,0.952,8.0,1,0.6362436758203535
0428d5b316c59940099f51e2c7e363ad0073fd4118fe33aa92b4caa862bb1140,13.0,0.0,1.0,0.007,0.0,0,0.022280945636023855
0429162c8cc90a8784f623990bd8c0712da45213b98a908d0602240ca02c15c9,13.0,0.1085,1.0016,0.0693,1.0,0,0.05007149891444561
04291ef91e9b8b541cb2932c55a2bd3f055127931adc356284434b2b553485c5,13.0,0.0811,1.2571,0.0263,0.0,0,0.05620706063335782
042931384d71199d39cfb6e4b9ffd89bdd580648437a2e7a975909e629b1fe45,7.0,0.2832,1.3125,0.4567,5.0,1,0.6808807920958376
042965b6eb249cf6a51551b83ad9ff1118e2de57c07ab75b3e1d1cb7c15c06d2,13.0,0.1159,1.1883,0.0379,2.0,0,0.021730140331296624
0429db6cf72e63c1a08de0355812dea098c33d3e0af4077485687342b12362b8,5.0,0.0,1.0,0.0044,0.0,0,0.019980332496187008
042a0f3c2f6ed89482fa5acfcb24df6e10baffe61908d330e8778cd8afe6a4a5,13.0,0.1362,1.1486,0.0065,1.0,0,0.016508110298493674
042a2598a451bbbb8ab95648e46333903f8ec6d12fb3a1bbd5cac66fdb076bf4,13.0,0.0,1.0,0.008,0.0,0,0.03828730443968284
042a55217a2672d2ff5b65b119ce293714051a0d2bc29085835c32d160014ceb,13.0,0.1447,1.097,0.0314,10.0,0,0.021240802560806717
042a81bae597726cf7122265ab1533e99866af050f9e54b204d2c16a00d46c48,1.0,0.163,1.0,0.1324,0.0,0,0.20275546654434443
042a887800b195524c13271165216b15fa573c6148227ae7c90534b1a258df04,13.0,0.1468,0.9477,2.9355,4.0,1,0.7795486795238223
042a8d034d141c58f3416bc0d56052246dd0c7ad4193a0ffa395fb136d32ef9e,13.0,0.413,0.7046,0.1019,3.0,0,0.43280129325095806
042abbe35d1a157faba88888dec0da2f75c5ddb1161ccaa2d674424398f2840d,13.0,0.1128,0.0,0.0149,0.0,0,0.047687053969463024
042b43f4a1cdd9ea4d1defc903cbcfc40c9e2bcd1896bd61a80d2c91f3b06ad9,13.0,0.2171,1.5811,0.0182,8.0,0,0.0468019184301365
042b59241a505c731ca070b67526e564f45ccc576638eac8dbe8f01983ca408e,13.0,0.1661,0.8973,0.0188,4.0,0,0.02212033749653425
042b5bf34a5f947187f88534160c65b4204f20c96e2a36c82bcf59dd9d2fcf31,13.0,0.2671,1.6356,0.0815,4.0,1,0.3009332131111236
042ba42eeaf29081d6af503816871f52fff4bb61b73b5b368d2cb2ce577f1206,13.0,0.2972,0.8801,3.1744,5.0,1,0.8820545522976304
042ba49ef73f9c9129c8bbab68b223e6830b2d9c43f0c1d02438c27c5b4ad098,10.0,0.5303,1.0803,0.4526,3.0,0,0.7217672198040465
042bcfcfddfcb614d4e920691a20f150c7ad169926734e7bf070012d9189556a,13.0,0.0,1.0,0.0073,0.0,0,0.022280945636023855
042c52ed5f2b3d6aabca8f417da1bcfbe5c1cc6e690912a134af3b6cc97add9b,13.0,0.0,1.0,0.0048,0.0,0,0.019980332496187008
042c6fcfc9363ba4abc2aa2a8428497ea78788907fc200f6abc971004216e492,13.0,0.3375,0.5174,0.7837,4.0,0,0.6513006349974845
042c78250a731f68a925d34c96686b91a3ff79786f7488fdb3d5059344faa48c,13.0,0.1142,1.0857,0.0658,7.0,0,0.04783882286297111
042c7976204bc2baefb36c5f1f6f7a8fd630f16f1a040a643fd155cd8b5ad035,13.0,0.131,0.0,0.0113,1.0,0,0.024659646992421385
042cbc232e81f20709b26be7748f5a167a13dce134a8ac969bbc85dc214e0cfa,13.0,0.2657,0.9858,1.2698,3.0,1,0.6876886160053541
042cde8e51f5bafbdea6dba2e0ff181c7c082b70a8eb6ecc7df6d95e39ce66a9,6.0,0.2123,0.9911,0.4906,1.0,0,0.5268399086169947
042d3a46b160bff4130443cedc590b66588784e873ad309a3ee2cd1f9dfabf71,13.0,0.1331,1.1244,0.0388,4.0,0,0.019190586428062217
042d54db118b8c1708669ee454e3c5eb8eda795c2c60fc80bdbbad88a08bedd9,7.0,0.2134,1.4363,0.0245,1.0,0,0.05020064449041135
042d5fa0e765c0c151edea1e59f09871fda8837ec61fb219d54e2ea5240e2781,13.0,0.0805,3.0382,0.0193,12.0,0,0.07656368918063167
042d63498f70c64f361e7baae4321202ce11da635ad620d672b3bd7b039a7e97,13.0,0.1495,1.0696,0.0105,1.0,0,0.02782875422107568
042de3fb139b76ef0ee26dcbec49f0cbe5f1291cc129fadfdc774dedbb22788d,1.0,0.0,1.0,0.0042,0.0,0,0.019980332496187008
042e90ccae407f5444549ef375f089ca0df8d4b12624af07683a09b2000defb7,13.0,0.4403,1.0529,0.1544,2.0,1,0.6143368562120908
042e9b246a4a10a1701e0910c013c19d626361d2235871ab5e7904ba81b42511,13.0,0.2253,1.5141,0.8608,5.0,0,0.6398891240483112
042eb16fc55ff41c42c9d9fb227af2212fd2772cbff23a0df6a71e6f1028e67d,13.0,0.2096,0.8352,0.0499,2.0,0,0.052480953144027544
042eb1ce9b0cbaccedf79e6e595cc0dd8ef47fa1ee7344853dcdfd710ef815df,13.0,0.3495,0.7041,0.1423,8.0,1,0.6172010592158036
042eb51a149c6f3164656fac9a7db37d43eca884d85e656df1131fafd40c4e70,13.0,0.0897,0.8696,0.0372,4.0,0,0.01709444608035774
042ebf6d5385fa7079ceee8fcfbbd29fc51cc0f08de26b31eff2197119364bbf,13.0,0.1425,0.6889,0.0519,2.0,0,0.056061389594092674
042ee7eafecf8eefd27dc6ad29b6b954041cd5f5e7021c1bbc07cc8ecb08c7bd,13.0,0.1751,1.5312,0.0132,3.0,0,0.029710262044096963
042f0331882981f748623f46b41535ca33457cef37ca87acbdab8e346bd8fb18,13.0,0.2435,1.2322,0.0275,2.0,0,0.054064358938072245
042f072278327ae498ad75f911f3c9506afd1d1ba5e50554042698315ba8751e,13.0,0.4683,1.0138,0.4712,3.0,0,0.7076100141960936
042f191a1a2e8c4bc2d338883bf6b96ee0700a51af7dcafe6f934da4f867f7c2,13.0,0.0,1.0,0.0066,0.0,0,0.023516553475718346
042f411a8b037d30413ac732cb8aab5e5734ab3c181440039c498382d141b7d3,13.0,0.9247,0.5587,0.6342,3.0,1,0.72356709337117
042f8b52a73bc17e211d98761c2ebaab2889cbde1ea659f3d55bc157d02a847d,13.0,0.1249,1.0364,2.1784,6.0,0,0.6249561921509454
042fe0f1d5925c1b92395ee006a4f2ea3c27176dced11680809e165b138d505c,13.0,0.2929,2.0071,17.7211,3.0,1,0.879233126039939
042fe8294181bc34b17bf469f690b7cfe95120ae15a74cb4ccca8466a83c45cb,13.0,0.0,1.0,0.6222,10.0,0,0.31510656576940277
042ffbd052125d453deadd1dadca942cb15d8d2e1a99b25bd72f02c88311d296,13.0,0.1265,0.894,0.0185,2.0,0,0.019682082560497284
04302d1f83c760b77c958208d4b4adb3a679f15d84d20bfbebce74df1f74300b,13.0,0.0,1.0,0.0061,0.0,0,0.020263886945132575
04305420dfcc6bae8a5943fde9b19a8beff5456e529a0e6bce15655d9b814329,13.0,0.2326,1.3561,0.1892,4.0,1,0.6073543370521112
04307e59789e510709662719842dc45da547bc600313b694f09b81746e700c71,13.0,0.1045,1.1451,0.0208,2.0,0,0.02200176179451158
0430996f8b93473162b8d6b7f6b25809c606f86e5708d394b45ecb686c2db97c,13.0,0.2039,1.0622,0.0383,10.0,0,0.04173766950751372
0430b59dde1556c92b9dc585be0927f5f099a883839f20fa565ea9a331eb3176,13.0,0.5568,1.0891,0.407,5.0,1,0.7307213838480301
04312ba6f56bde26a8832e49e54ede3b0f357374e01b3c4f8098bf1f4dee35f4,13.0,0.1692,1.2394,0.0092,2.0,0,0.029306448954262553
043184fbd59f47775a16a611a4c7deae5fe7aaa70d7e3fbd3e37f8c68ca9f96c,13.0,0.224,1.4955,0.6907,5.0,0,0.6323544379315755
0431f44bf6fffdb6d3ed74ac9464b31bd85598640f2acda70f8604d9ffd22d90,13.0,0.0,1.0,0.0091,0.0,0,0.07006471872599379
043202bd2684e506fccba570e8283e2b29600327e691acb86083a6856c5f3b7d,4.0,0.0,1.0,0.0055,0.0,0,0.01978947117409603
043204967cc57f35a73b0204c1841fea90ec8a4a5934819bd8dbcaf468efc302,13.0,0.1786,1.2579,0.0142,4.0,0,0.03792100452739059
043215a88b9df436d4c6ffd2c153753b38710fa26470f157659afe8a0ecbc8e7,13.0,0.1072,1.2623,0.0263,5.0,0,0.016936315275928367
043249758529e022b48866e760b717ca8228f43702371d1a11180f60c85cf4e0,13.0,0.1462,1.0665,0.0402,5.0,0,0.027556157386056622
0432b9864a6375f7fdd6dfb814c7af3d2faa764935f5a2a918f54e60f45fd238,13.0,0.5252,1.4443,1.1346,5.0,1,0.7960797053557915
0432dad826255f7656910ae156f8ede0166dd3fb3cabb693e20e4665646a190a,13.0,0.0496,0.0,0.0066,0.0,0,0.018589849246624084
0432e85cf4e35ab90296bce4da928b1b9957707ea131bea98dcfc6c7779f7ca4,13.0,0.1575,1.0271,0.0474,2.0,0,0.03341159789603674
0432ff340f96bc5b17f228a45b906dbedeb7c0d188211cb62a71614c5f1fb47d,8.0,0.2633,0.6585,0.0818,3.0,1,0.24374483657548665
04330e5b985bb043d58f78fb0aeca0a055dd39935571d3a645086f9db0085bd5,13.0,0.1392,0.8484,0.0207,4.0,0,0.016978622956145578
04339042f1798710748abbf2d7f54bb24c1be2862402fba8c2c3a11af748a70f,13.0,0.0945,0.0,0.0097,3.0,0,0.020374021543872592
0433bbb3b197320057a564ebcfc358e77d49b715d5ae187362887715240f08c6,9.0,0.349,2.3539,0.1345,2.0,1,0.6567436988831006
0433dea3024624156909a9ff816b1a48b0b5c6cb517644b55122c2ec44d72ea1,10.0,0.4352,0.5011,1.5102,3.0,0,0.761890537182868
0433e4cf4d1df06fb22129e7cd493ba2ec31ff6dbc6a33d99ae9d599891410db,13.0,0.5075,0.7708,0.1468,1.0,1,0.6029060185164243
0433fb22ff2a0ea9d0d0def5e9a91581537403f1b4ee5c8401d2005abf9920ff,13.0,0.1518,0.8207,0.0288,2.0,0,0.022186525206859486
04340b47db2ab2c02f4b9bbbee7274625f9a5eee7737bf1bdcc265357c52eb6a,13.0,0.1124,0.9584,0.0752,1.0,0,0.06555232810224262
04341213bca37a21def9865e5d845be0263cb45611827579a858d34f1cee6a36,13.0,0.1516,1.028,0.0325,2.0,0,0.0268837683988518
043434cf0ebb014dfa27410c57fc6598ef06e32030d09359fed4b64cd1242741,13.0,0.1286,0.0,0.0204,1.0,0,0.02175150669048484
0434380849e8ab60d02ce46a28902fe9c1f8bedd995b9257ab07c7b4fde93b23,13.0,0.1829,0.9531,0.0109,2.0,0,0.03659795256432829
043454cefc6023382909e2b798fa468f1f99d58d9d908018dd35b5432e16f30b,13.0,0.1145,1.221,0.1048,5.0,0,0.1281737416869477
043467cde219a9eae036094751f8c36dc1f2649441f524889c66b03aafb8bb4e,13.0,0.1173,1.0678,0.0406,8.0,0,0.020776610596705717
043468af0bda2f99a36946da09dbf65e4431688c2d11700c497a6f4565bd1828,13.0,0.2468,0.5765,0.9499,13.0,0,0.6497670976167066
043487a0e301a9bb07765a2d64426c62f8d3a0bdc75a9b8c9f3044c6c8f9ce8e,13.0,0.1758,0.9283,0.0699,5.0,0,0.11365356349577355
043496886287ce48fabce0cb13e57e7e92e5704ad090861ad83616937bdae7d5,13.0,0.1209,1.1781,0.0566,5.0,0,0.05022556347561077
04349c6175c8c8ffce3df967f4c9a07038eb84fc2f866f9c4623362c5d98491c,13.0,0.162,1.0946,0.0382,2.0,0,0.02855679275005718
0434a1027526394822b196bd2040498a8836e100e898f8487e4d6a5e9d47cf6f,13.0,0.4762,0.7522,0.057,4.0,0,0.25149917765660507
0434c32fe57d19460db2db7bd381540aeb14b32900df7d4f0017f3ed7a5ee917,13.0,0.0683,0.6501,0.0987,4.0,0,0.07780121406303053
0434ee0c655ab1cced04fa217a3d18f7e17f566b45a63c11bd4fd6a4ec899a5e,13.0,0.0796,0.0,0.0054,0.0,0,0.01593955253905294
043520cd1bcaaecc577b9a66bec08fce94bc68ca2db2fae33ae4adca74bf0276,13.0,0.1404,1.1115,0.0241,3.0,0,0.020447287044621686
04354233e0c3127f19481cf69e0cb748c38e51902fbfdbae3bfbf6ffd610bb0e,13.0,0.3152,2.0018,0.2836,4.0,0,0.724045175284854
04354fe83afbc1f2836f3443d5dc19d5a286f1cc37f1fc7b6d8bb343c832e8f7,13.0,0.438,0.5504,0.128,7.0,0,0.5552204203958298
04355c32abc589d4f80c59e0c99c3639b6702603bbd709de8a83d77139c759d5,13.0,0.1348,0.6387,0.0757,1.0,0,0.062253445435684826
04356e4316c674e322ed0aa5c21fa1fabed8931ca5e1c53e4553b0d84ff3a14b,13.0,0.1618,1.0559,1.7227,2.0,1,0.6373042654659339
043571c35060e5903448cb359adae07eb0809c444f00ba697ed9a7187640fe7d,13.0,0.1418,1.0476,0.0078,1.0,0,0.02230073725217241
0435892d5996115b81137c885d3e001cb8ccd38ea33fa2a024463ade43e1874d,13.0,0.1423,1.025,0.0497,7.0,0,0.025077475872873848
0436021a13c0d24757110a4eadbbd8ab7780a502e4f37099294b580c06a2281b,12.0,0.3262,1.8895,0.0532,12.0,0,0.2648955715828036
043607ce99bce67c9bb6f70f39ac0b8f921404c0be3c95f65a22d3e8cd475d00,13.0,0.1297,1.0164,0.0354,6.0,0,0.019876226033593028
04361503245de8a21cd0a418c04bb05b323e72d33872d076e8990925c6b5d032,13.0,0.2688,0.6321,1.0693,3.0,1,0.6610712554116026
043632b2effa7d5bed9781cf0a9d0cbb567c4de634621068797289803d697148,13.0,0.2185,1.9805,0.1081,3.0,0,0.42342608555612704
0436e9b52fe8710dfab2f2cf87c087668e216b8b70a940c1aa4f2653ad636487,13.0,0.4715,0.7882,1.2426,2.0,1,0.7627628411192482
04370cccebce56b4c360b3e33e5d645b5e0a0b2ae3257b18a4440403787faa5d,13.0,0.5902,1.2321,0.0504,4.0,1,0.2819280659237949
04370d167bd679101add267858f20b7bcde4b203091b33cc7b187eee9941b220,13.0,0.1218,0.9858,0.064,1.0,0,0.050537716466542267
043711ec4f229f5398389a50a807edf3b2db320e0e329b935fc384d737c99013,13.0,0.0486,1.2868,0.0218,7.0,0,0.02212157159966517
043765096884438e8f6203daa9128d429abe571eddb9c98a272621a4ea8ab3d5,13.0,0.2235,1.1653,0.3733,7.0,1,0.5974623569349217
0437662e7c79b87a7e08852fb4fb14ca5dd96f463f06a71706157ed5fcdbc861,7.0,0.4585,1.3691,0.347,3.0,1,0.7802397177158135
0437cc18f664c136fd62f8cd5a090613e34d83f4dfade52b02dd69ac963c9b1a,13.0,0.0441,3.7441,0.0155,2.0,0,0.05064485328785733
043816f09346efb006d2e4c285e2ecf60b0e96e4bf305e5dc2cfc2bc49cf64c4,8.0,0.3303,0.6012,0.1864,1.0,1,0.4845698732020927
0438721defb3dc4f8ca52243c4502e5aace7de703e2a9c2edfaf8cbd1f378cbe,13.0,0.022,0.0,0.0066,0.0,0,0.0189286165990548
0438749c7470a7287196f1cf55ec28e5193b8a39b0e2256273bca7017ce8a0f5,13.0,0.0,1.0,0.0087,0.0,0,0.0668791263085046
04388df2352cc36b79d15d47d0ad80857287cc7dde9929558d0172e70d8e708c,13.0,0.3984,0.3943,0.0599,2.0,1,0.44759546617090784
0438c17fd238859f6660ece597d69fd197b3e1a9763f96571bfd169e0d58bdc6,13.0,0.1786,0.7917,0.0154,4.0,0,0.03337216100327572
0438d5ce48cd7fc9bc3d29ded1fc0188ea8f44d0104c55836fb46742f5888a02,13.0,0.0808,0.0,0.0052,0.0,0,0.01586070891224611
0438e9898601e52f416fce7d04bec5142aec8eb8466237380b15e163a55e2bd2,13.0,0.0169,0.0,0.0043,0.0,0,0.01569832901850119
0438ed3877b0e40bb111ed6d6fb43222a78dd5ee17e3056411b23ce0f13a4f96,13.0,0.3,1.1804,0.4039,2.0,0,0.6074865368077728
0439019f36db9ed3dbbbae4fc5112a42cfe0f836ee7f94892800d4d0a78bb1c1,13.0,0.1764,0.9891,0.5265,4.0,1,0.46556751137053504
0439bc5143cd5657b1d3cab2ca2bb816bddd8ce2b6f24a284684843fb063753e,13.0,0.1226,0.9292,0.067,8.0,0,0.04955104951179708
0439c071ae6deb00a87c64e517ee125bd0e7c64e298313a8a8e303716e2e2dda,13.0,0.2568,0.7532,0.0587,9.0,0,0.16191767229309995
0439ce58e49842e5cfe3af935ce69141fdb992484939bd18f6df659a88e6be48,13.0,0.7684,1.3207,0.0264,2.0,0,0.1217505744263974
0439d8c7bef806375c24991b37aa165259bf9502d42388eacf6ce43f282accdb,13.0,0.1075,-0.0744,0.3254,1.0,0,0.16645448751086356
0439fb18a9cdcef78a3e462f6e0e651b9df02af3c063d8fb418faa9975d629d8,13.0,0.1382,3.0209,0.0429,1.0,0,0.11863635598147326
043a2a9eccd1d51d031219eddcfef7f75cc2d922dcce18ee2256c81c82c5e72f,12.0,0.5604,0.8321,0.3456,3.0,1,0.7165942601764587
043a5097bbb7229333e77877f3e040bba3023e79afed84f0e98e7733e32686e4,8.0,0.0,1.0,0.0124,0.0,1,0.07704350507592042
043a81e27835e8009f2d9d81a6b7d354444e6ccf4a7938203f55dd95a090bee1,13.0,0.275,0.6294,0.3191,2.0,1,0.5378428639106516
043ab4f49a1f7e240731be8408b20b7b2d88805952aea012600ff4de7d90ccfd,13.0,0.2087,1.4137,0.1085,4.0,1,0.44028317584665794
043ac4973cdfb1876f080ea373581d9037bad9d18be60d0923b3e6d5d8a223ab,6.0,0.0872,2.0229,0.0725,2.0,0,0.13610303852583
043ae562a37cef30feaa78a933759712508a9723de41893ca58a2775386ed294,4.0,0.238,1.4065,0.1635,1.0,1,0.5765533103318468
043b19c6cb795a2080f46f4847d974897ebf491d5238aefa878403cffc94f3fe,13.0,0.171,1.5073,0.0222,2.0,0,0.030191056932924464
043b4d0c92848915b7c67f225dd5a9f747c5b0d73ec913d45fdf3e003c7d5e21,13.0,0.1168,1.1828,0.0743,4.0,0,0.07769790172983183
043b6394949df1bf257a0ff411551b56cf65a4b2ded55782f483fff124e7a85a,10.0,0.32,0.6375,0.5778,5.0,1,0.6371183857775093
043b64c1becbe31aec025e8781724f727b3b97122413d10d97b673b72143387a,8.0,0.3331,1.1058,0.2261,2.0,0,0.5870389744295007
043b785ca6bf32841ead0b3bc8a0a7533d2620e8e864c71b04fe0b1b53b1de72,13.0,0.0266,0.3424,0.0436,12.0,0,0.024317198247833703
043bbd9e17b916ba001d03c44288eb47dd0da2ad7c9f22762a6062c287434baf,2.0,0.1214,1.0758,0.2619,0.0,0,0.21636424744669636
043bc972880bd96bef65a4c2806c4269297e824d5e568da6f8b9e01676bf7bae,13.0,0.1486,0.9547,0.0216,1.0,0,0.025291431269728642
043bd198ed022c6ae514496bbbd673459373a49b1198477e0bb5961a0a6226e3,13.0,0.0709,1.2712,0.036,1.0,0,0.028502126827935875
043bd614390940a73e143b0c52d66a13da1cf0062cd616e3a15ba02be37716f7,13.0,0.1523,0.9579,0.0203,1.0,0,0.024179191590076157
043c072a0ba72822016949323e16f0831fe3a75b07bf9bff3b38740d7280c64f,13.0,0.0,1.0,0.0081,0.0,0,0.037720949013385574
043c19827a914e9a93c8ae382642835db113b2bc3e149c4932e5aaa07e2394d7,13.0,0.3632,0.2004,0.9686,3.0,0,0.6612579086082525
043c43e1c1911a21cfb8f9c3734814de75ac4a56ee254165295029af8d2a2404,13.0,0.1063,0.3931,1.1198,2.0,0,0.3811434331188061
043c46c6cedabd0eff4fa2626dda6f09bbb05099dc633a1087bdc06ca83d07e8,13.0,0.0,1.0,0.008,0.0,0,0.03828730443968284
043c58e075211b9066dfe1a20bb21a43be9cda93fee77b469aec64ef709a3858,12.0,0.1689,1.2954,0.032,1.0,1,0.03207958668805891
043cebc8f7cbff826029cbdc119e5775a7be54aff760d72c0df50e2a97325e98,13.0,0.0,1.0,0.0058,0.0,0,0.01978947117409603
043cf0dcde1ccbbb76f06fb8ef395c3401af20134f7ff1fa9e101c6e80d763ad,13.0,0.0256,-0.0508,0.0323,4.0,0,0.01954348531290319
043d0abcc5a811fea8eb34dd844d32fb18e3e9aebe7d90528c9a706ab90c6dda,13.0,0.2791,1.0131,0.0893,8.0,0,0.296232581325909
043d1db03e59f094ded288e1fbbda46b67a6cd0a19c49c77fae3df22b978eaa2,13.0,0.4133,0.8783,17.4339,7.0,1,0.8773558335370499
043d4dff4f56d1d73381dba797f45b5e7031e0ad46ce21eda02578f4e6a0c919,13.0,0.3459,0.9496,0.5251,2.0,0,0.5848009322539691
043d55dc3345ad0ec20594992e7e583a09b25c6e2ab8bf3a930010d090b69f50,13.0,0.1161,1.9658,0.1699,3.0,0,0.3374469535704888
043d5ed3395770ad98d47645e19dd5366c853aa1bc22ef29fb31707483d9ac28,13.0,0.1144,1.3259,0.0188,1.0,0,0.02560408835005225
043d7a52a6f4e195c2a196e8b91c56696ba75e5e28fe14f525b12c3c402bbdc0,13.0,0.0877,0.6822,0.0449,3.0,0,0.01859727172555514
043d7f9cbdd2b005fe8a8d5e26064c075b78568094b8e757723b1b5a29f30647,13.0,0.1964,0.8782,0.0301,2.0,0,0.03289426438547845
043daf759c135eb6806b61d8390acf326cd189c133132003752ca5f6b7cb0917,13.0,0.1846,0.7818,0.0208,7.0,0,0.03374788884579452
043dd837b7f6f030a01dcfcaecd7553767b2da16e625716a8a1d4903ab40dcf0,12.0,0.0897,1.9887,0.9354,5.0,1,0.560147611062923
043dff8fa4127d466191bb2dfcbdafc10a91bf8f753b3af549d6c81bc0a8f0e4,13.0,0.2085,0.8092,0.089,3.0,0,0.17239653741323938
043ea161daaf108ce6ee64df754219f135c9fe533ec5d3d31b5afce11979da45,13.0,0.3274,1.0377,0.0664,8.0,0,0.26430491634857567
043ea8e70faf08fb621431afcff32f6943891131ab08118e291c12febe4171f0,13.0,0.2666,0.6051,24.0446,13.0,1,0.8627008128320688
043eccefd630bc91823eb7fe44ce7c2babf0903b228523e537a69967e4f7404f,13.0,0.1859,0.9015,0.2738,4.0,0,0.4618145582771872
043ed8716f7525d36de005bcffd9e5312be8ee905c17f1f7bc93e98c0e4f63dc,13.0,0.1335,1.0501,0.0291,4.0,0,0.019687107538434268
043f1b03db8dfec114c6a21635873c57442a186d67179fcb01c11295d0750090,13.0,0.1239,1.1266,0.062,2.0,0,0.04688923267675345
043f1f5e6accd8e2ad8b463ab694c2d2220e55e71a175472cf973c93639d01c0,13.0,0.1592,1.1506,0.6457,6.0,0,0.5206734396392971
043f200bd5c66924ef5a97060837e96c2b509dd6336f4d05d2ac0b3be8ff7e0c,13.0,0.0,1.0,0.0061,0.0,0,0.020263886945132575
043f398c188175431426d8133f1fe6c03b42e1a8cba76858e5bb1febbdc4e44a,13.0,0.4228,1.8752,0.0567,4.0,0,0.4223932749218376
043f4438676d9fa4e59f7b372562d054420e77ddd4a1b060fbee78a01f2a0f37,13.0,0.1227,0.8141,0.0319,4.0,0,0.017235233617935993
043f5b14d0907fe5c931b6da50e10fcb285fdd70d84c8fbaa25bd175af787dba,9.0,0.0432,2.8905,0.0155,1.0,0,0.044641718474357404
043f82c6eca6116d04adc5b1f7681654b12ecf8deda6dc9ae8ed0c4711e73e45,13.0,0.0,1.0,0.0054,0.0,0,0.01978947117409603
043fa50b4100802fe40425b95a09372a0f547fe3107831b780a5f6b33f25a86d,8.0,0.1591,0.9997,0.3473,7.0,0,0.3984834055685169
044009c7a03ef55838ffeee9061890367016332ba35f3f7d1a91b8a9bf079079,13.0,0.1631,1.4425,0.1092,8.0,0,0.3047086462226239
04405fd69eda882fb90350b1ec3f61fb0f333105c12e37857d2e66803c594e62,13.0,0.2299,0.7421,0.1908,2.0,1,0.5608286160596421
04406b39b49f1e8beefb2869b589023029e1f16677dadd077d8bc462a3c79478,13.0,0.134,1.1446,0.0197,2.0,0,0.022045799134321444
04406e2f2264ec2f6e297c84b989a05f524729e1c21bb907fc8f1b514f28d337,13.0,0.2445,1.4561,0.0283,1.0,0,0.07311811599305328
04407754425396b9612a5cd1197a942cd4e492bb1fcce69219e009298d69cd29,1.0,0.1719,1.0,0.6283,0.0,0,0.397250519207582
04407e8af3030899fe45b49e685c94a79a702b44ef5405895a4f298b57ffeed4,13.0,1.1369,0.9321,0.1638,12.0,0,0.6800852602864237
04408c7714cccfa7c236e05c79ebba0ccd15fdd8e2efe78a612f20c6a62ca1b0,13.0,0.1085,1.1728,0.0624,4.0,0,0.044616170580007324
044091f586190293ffe6ad2c79def3d7170afc8a0f9077587cfe04dd034c3932,13.0,0.0,1.0,0.0065,0.0,0,0.020263886945132575
0440ad6322a45b8f580c2c1b5ee3cf4240a0288e24feed076e76281822322afa,13.0,0.3248,0.9529,0.0777,4.0,0,0.2853595567711003
0440af62771188f8694c1fcae6e77ae4abd03922fa159c494c1aa7fb6aa6751f,3.0,0.6647,1.5081,0.9419,2.0,0,0.7725668574825303
0440b4b40eca572aefad2af0f4b8d6c267cf90eaf1dbb36b7e816233560e396e,3.0,0.1787,0.958,1.0273,2.0,0,0.5129156385442567
0440c3b9a64c2c4ace7ac1373bff4ed6e2dd0268f9c9f10dac636584a8d244f4,7.0,0.1408,0.987,0.0811,4.0,0,0.09919279409424137
0440c434ea87345be59cd35cc792926bf382d2b4987b4917864944913f40b534,13.0,-0.054,1.0,0.0368,3.0,0,0.030621960000038327
0440e1150e0be0e97edd40fca4cbf04d2c7809128279956126db2a5c486494f4,13.0,0.4719,0.5402,0.1022,7.0,0,0.4387758492209262
0441733dbdb2727a4956f43767a43bb639d3fccd40c24b2f60f341a90e53679b,13.0,0.0238,6.601,0.0119,2.0,0,0.17714175179208802
044186646b5b684926768ed88ae62a1e734a5021faa2dfe4c99a680a0b7fc256,13.0,0.1646,0.9728,0.0077,0.0,0,0.029163479782851037
0441e8c4d5d898cc87019a23f2e4af2d961946cc96790d8407ddb2180bff9409,13.0,0.1567,1.0152,0.0157,5.0,0,0.021603897674372426
0441f153807c6c94b9446bb87ee2ceb75a8ed6acba57bbdf04953ecee6fa76bc,13.0,0.1785,2.0012,0.0343,1.0,0,0.04158080069729718
04424365187f7de21b1d582da0666b0b1ae166d3d095e69048b2d83daae8a91f,13.0,0.1422,0.0,0.014,1.0,0,0.03348692342917735
044262c30d82035194bd057933e15f47342126de4d2973349f5a8795233ef994,13.0,0.1818,0.9155,0.3101,4.0,0,0.40177437189501825
044263057d497d904665c32639053d2c5f993ea224179822d939034bb524d994,13.0,0.1404,0.0,0.0085,2.0,0,0.02239418892316828
044268e07036ffa7a2039afdad1456797d30b18b55727ebe2fa12d0ab75caec2,11.0,0.1953,0.0,0.1796,2.0,0,0.4044494767094847
04426b82f8e1b89efbcb5a334a6339a36539cd8a2cfb61743ff6cbf2285119d9,6.0,0.1554,0.9939,0.3086,3.0,0,0.3820969122593111
0442a301ee20ba02df1dc0ef4ec5b69f244da139de14b6ef5e70c01549ce6969,13.0,0.0139,6.98,0.0855,0.0,0,0.2823250662511339
0442d4bdaf71ae80fefaa37105a5943f209ceea7ed588b54c400ac677d0c7149,13.0,0.0521,0.0,0.0039,0.0,0,0.0158453878420306
0442d6544b1f2e5a5b66c609c9f5d42611d918392d19e0e3eb4e1fa71c6467c9,3.0,0.0976,0.8614,0.1155,0.0,0,0.09695709650319083
0442fe94d6ca77e048b43539bd244f794b9f6c5e1f325cf1b4392b8ceb53e36f,1.0,0.2184,1.0,0.6125,1.0,1,0.5403295840552159
04430be58fb5cf5d073c80f61cf40ef2c8e1eace6bc467ce5ab5845f26cd0778,13.0,0.1062,1.1234,0.056,1.0,0,0.03742022606804948
04430e7157f2f5a89fada259bdcf3a8b3226f8f79d631f0d1fd18b702d78175a,13.0,0.1142,1.4046,0.0376,3.0,0,0.019920292946132723
044326716d713d1b98966baf6f0ad03f57d9f90c543bf4e4e97c39eddb17f5d6,7.0,0.4052,1.1271,0.0961,1.0,0,0.39648357692667446
04432d172ad6747313d0793727795554a0ffe25455d096924843290fc6d27290,10.0,0.3076,0.5303,0.6059,2.0,0,0.5659504083149606
044342b1d7bb3ebb75b2224a1fe14b59c1234c25c2d0c6dc489d1d11d8e7a50e,9.0,0.5515,1.3261,1.3639,7.0,1,0.8276323284643626
04436468be2668ea4497bbeac9b0f998c67c032b2700d7fd94bffc972bf340ef,1.0,0.5374,1.0,1.5112,1.0,1,0.687379088492247
04437d660cb1a808f1b4b4faef02b80426b5c065fb1a5a27cf7cad606578f3aa,13.0,0.1545,1.8664,0.0554,2.0,0,0.09885936746499277
0443cf5f572b8c0054b87d2baba91352b48090adfa7dd7239e230f50230712fb,13.0,0.2325,1.3678,0.0174,3.0,0,0.039400748989182284
04442c690e64e1afd4bb67cbb5cd928ca21e90496038edb2ed2279dfff201deb,13.0,0.1557,1.3272,0.0332,2.0,0,0.024964538745088395
044453430fa0dc73bc6e02028c3d4d25e1ddbdcfba83c960005776eee40b9bda,6.0,0.475,1.1365,0.1324,1.0,0,0.5521751887786585
0444aa0ee26fb37cc7d8fd28c31d6b4b49fdd0354ecb719b6cb28e739c4ce73e,13.0,0.1418,1.1119,0.0526,6.0,0,0.02231927947380136
0444ce08bfcb8b55ba875d63d2371e2747eb7580e252e18021b470886fe6bffc,13.0,0.196,0.0,0.1277,10.0,0,0.39981348763370517
0444d867fca72754928cab01777ae730d39fa6a8ea50fc68669ae3fffff6f6fe,13.0,0.1894,0.9298,0.8773,3.0,1,0.5531982876671698
0444eb3bc3bc17502d4262fb9db9065352302578280812a7b15b3a982c2b7159,13.0,0.1681,0.9195,0.0233,2.0,0,0.021852695463577074
0444efec47d062a850051715d80141105fcd63ac721fb7cdf321172f60bedfd2,13.0,0.2562,0.6752,0.0113,0.0,0,0.055038706583771815
04452ca1ece03bea04aafd0915d526917614d38e109435d64bf3d3cbb4747252,11.0,0.0,1.0,0.006,0.0,0,0.020263886945132575
04453298f25e69e8319335841339d69a36a4620a143758cec8e76a12158eac5a,13.0,0.5655,0.9681,3.3263,13.0,1,0.8818396481084819
04453d6f271ec51987b2e604f6302a8f9dd7062c4683ae862f5da7a090596571,11.0,0.4235,0.8108,0.3634,7.0,1,0.6984769607259524
044540a2c48898113c5294dbc5ef455d7666a7a51fd3487d7b20db5a49f23903,2.0,0.1095,1.0064,0.5157,0.0,0,0.20754724363678892
04455f66083c01c7f3732297d170a9a6dbf6dc96de8329f9f4282135610093df,8.0,0.0,1.0,0.0048,0.0,0,0.019980332496187008
0445670ea3eb612c0d32fa6e7957ce7ced1569e2a52ed89a80fa9c5e83104499,3.0,0.6405,1.3233,0.1917,3.0,1,0.7246859073286006
0445a93a84b75f0b78d88304df8df3807d9c07298d0528d57ee200a5dc9bf7f8,13.0,0.1011,0.957,0.0365,6.0,0,0.019588381789051156
0445bc32e0eaa6afa53351dc91904a09220e93543cbcb6b6aad7651b8efc5f23,13.0,0.1752,1.0494,0.0318,1.0,0,0.03218326351511867
0445ddc60942f73bd75bc1072ae2569504f98efb4e792e1fdc3707d4b2a69498,5.0,0.2649,0.7963,0.0214,0.0,0,0.05808516583424763
0445e1b9f5c919e31ca8d7858c9a7a0a38e618486c97c5badc50fca45fd06689,13.0,0.134,1.12,0.07,13.0,0,0.06003382705602712
0445f987c7bdc2947f73ea117105b08475250afed95fd8a1334a75b6e3c3f1e7,13.0,0.0,1.0,0.0106,0.0,0,0.07688026147883344
0445ff0a61637fdf9f5bc4fe004432c402a81bbcfd21ba3a82a9f73dda571950,13.0,0.3705,0.0,0.9369,10.0,0,0.6702145087060503
044611d2f68538f617379216d66febf6723c383a4d002a0f1f3478740b880a93,5.0,0.2113,0.9646,0.1371,2.0,1,0.5407790977249017
044615a9287a4e6368884ee0d8a88b91f152ba659480c2e4062ae9b71872d44c,13.0,0.0761,0.0,0.0103,0.0,0,0.04613329822139441
044668033fc6693c6c158f54dd885a54bc261491482dcd9963fb66ec4dd12c12,4.0,0.1923,1.6427,0.3434,2.0,1,0.5934660400375723
04468125f3ca6b302d19d497dd3c7a7fb53a39ba92636443c6c172fbb5486d0e,13.0,0.3652,1.1876,0.0458,2.0,0,0.14289338057430148
044693c4fc98ed1e83705ca652d13fdd691f8ca4003270e649a74ee5c7f69fd9,13.0,0.261,2.1139,0.1326,2.0,1,0.5989029290306671
0446ad8082d67b0812403db98e2d1cbc5979c43e14502e15b6c3def42a598caa,13.0,0.0318,4.2831,0.0071,0.0,0,0.07056310023167925
0446bb6a0068243dbcf7820989ef0c39a657b995e0a949abd368d098de0dfc86,13.0,0.5892,0.8612,0.1979,3.0,0,0.671540354706919
0446eb20d5817f2e6a0eb700b54d6d98b9d68937d9ca9edb9936ba1c8557a309,13.0,0.0,1.0,0.0117,1.0,0,0.05165338435105394
04470a71762b8a0568e879b5db05c23f2d42303fb7941802783f15ce49efb876,13.0,0.1234,0.899,0.0367,8.0,0,0.018777001359535733
044711298ecb3e237f02f03168cf75882aeb9649f6b674eddb8d464024ef920e,11.0,0.4483,0.8903,0.8659,6.0,1,0.736575334555376
044711f286a03fc2b0af729819f6fa79d9a7a124fed5740046c1a73090d6fb73,13.0,0.1196,1.224,0.0695,2.0,0,0.04890783321047401
04473d14fa6bd9c93280beececa76fdb32ba032465b2ba404643ebe4001a67ad,13.0,0.0959,1.1204,0.1431,3.0,0,0.13367239813608073
04475802efdd1dbf6cb88c9da385ea22dd8b80458d2afcc78f181d3e18d01425,13.0,0.0574,1.0149,0.0505,2.0,0,0.027994878768432204
04475d85086a47cc5935668632d1c1fc3c33ae248d8383d69acf5b7f73b1c568,13.0,0.1826,0.8467,1.9242,3.0,1,0.7777619790836415
0447be70869a52f130d804a32ddd4c8421c97ee847f973bec346ecdc84a419f8,9.0,1.0168,0.8189,0.2078,2.0,0,0.6342112500927901
0447c0935f597220545b31324a2e4300e267ec1583b64acf82900469d58421af,13.0,0.0,1.0,0.006,0.0,0,0.020263886945132575
0447dfa868c4e153f7300244f927681538a6b4bad422d51594721f92d23b9a71,13.0,0.1325,0.8807,0.0219,3.0,0,0.01860600273389207
0447f4a89abf1b1d15e0560c4a6764c29b2454091815191c2af08500b27989d6,13.0,0.1864,1.3709,1.9152,3.0,1,0.803316534319015
04482dd613104f1ee1b74ed78859398d4d076521f3df983a8285bc25e383d023,10.0,0.3877,1.0839,0.1776,3.0,1,0.6474458647757629
04482e20251cfb77d7e05acde904e5776fb4dc542dfd72d654565d113a8257d9,5.0,0.0,1.0,0.0126,0.0,0,0.07704350507592042
04482e4dfb5cc5a9671f639640709b23c803be58e24889e286ff82ff0400a684,13.0,0.1512,0.975,0.0069,1.0,0,0.018279611694355567
0448385b3c87467421fedf3f21027314041f698beb1f35037004db76f6ed85c4,13.0,0.1135,0.8007,0.0321,1.0,0,0.022075874161898885
044841b098bbdefab15f88f6fe39b3f2ccda6625d4cae3f52e4cfbfda103ee25,13.0,0.148,1.0605,0.0213,3.0,0,0.024593829993809217
044856d4e58d7ecdadab94fedc9f050c5e77f390438ce0f214e1712465cea7a8,13.0,0.0,1.0,0.01,0.0,0,0.07447578192254842
04486b732d286ba65cb99c664c4e843680a3e43a1eafad178f0a000bcd612687,13.0,0.0758,0.0,0.0105,0.0,0,0.04613329822139441
044882a16b582eaed479c4dd61c22cb139c9716c4d019564de1b2a549d608097,13.0,0.0,1.0,0.0073,0.0,0,0.022280945636023855
0448b7e9ad0780f847b8868aca66a3847805d61d46a4ccf150659fa8e0d8d1dc,13.0,0.0139,13.0,0.0149,0.0,0,0.1306350900457067
0448eefff4575e8d0bbc2b129884a132ebc9888b40eec48333c8c0b6b3bf0ecb,11.0,0.091,0.0,0.5246,10.0,0,0.20521056838131888
044921274e470d23a6062480375acea848465ea1b53357e30e251dbed49243ff,13.0,0.1697,0.9146,0.025,7.0,0,0.022819789717291816
044921bdc60af7cee4904be12002a68ab9045d9fc3cae15497e2dc911084ea7e,13.0,0.1951,0.8514,0.5535,2.0,0,0.4846669771117113
04494137c2e12e9308ccefd952a5f94f20dd47ab2d7dbbe20154e05c4219db29,13.0,0.1285,0.9462,0.0597,3.0,0,0.05084779333558628
044951c4a9faed70ec56308e0c14bd238412f33c3f029d84e5582f2eb00d015b,13.0,0.3388,1.4016,0.0579,8.0,1,0.34653898972495445
04495c9af1cdebb40a5c3cf6d719e2416ac67ff15c7dfedb7b9ccec27c534235,13.0,0.31,1.069,0.4053,3.0,0,0.6610402098387388
04498ad41bae0d69a7b08c9434c557bb77f3f46816b77d24fec397eea6e80ec9,13.0,0.4733,0.5094,3.1195,7.0,1,0.8525257403180357
04499b661bd69495245a047bf04d1c16ed74a95c20a7dd6e9a4c390c51278e39,13.0,0.1082,1.0115,0.0299,1.0,0,0.026484978981225905
0449b9cdf87bb4c490072c4d502fe559a55e72299c1d2b019bbd6490f7ac3c84,13.0,0.0352,2.2282,0.1244,1.0,0,0.27536542502604167
0449bcc30af53b3fec3053cee4097aa6c7aa0e45f921aeaed4a47f5a96e12449,13.0,0.0802,1.1175,0.0288,4.0,0,0.018771112163335248
0449f9dca09d51c284e0bd75b79a48711a57c006f0412858371814e9317b2afc,13.0,0.1605,0.9953,0.0572,2.0,0,0.08911500929267482
0449fd41c473781dd6234b94b88899cc140adf38ba7f25b51f5ae1fd157ca1b2,13.0,0.0782,1.2616,0.0235,4.0,0,0.018041251740736362
044a75258add0216c281c7f1f8c110297b186e383ae8069032d086588eccf1fd,13.0,0.5805,0.3912,0.2416,2.0,1,0.5811009356863686
044aff9bcc4ec78490a5023a9cdf3c3a729e09192791d4d6d0171b185eb28379,6.0,0.0,1.0,0.0082,0.0,0,0.037720949013385574
044b128042f240483472e629113255cc339d2854f48aa65bf43d3ecff8b593c8,13.0,0.0221,3.7849,0.2533,10.0,0,0.38186777443440634
044b327f48e422cf55ebd37872e7e476a43416eb93c9af3c4d25b2d9395e8ac7,13.0,0.2847,1.0573,2.1093,2.0,1,0.8224558419399625
044b9629664d93103d57db0d96f47b6efbebee88292e0dd6340406b491c1bc33,13.0,0.158,1.0759,0.0152,7.0,0,0.02338834168381332
044bbdf0cabcd5c36410394c30040943793a1da190fc4f14a1c8fcd87f48f557,13.0,0.0576,2.3264,0.9556,2.0,1,0.6333193230301335
044bf2b68044b59a708e92229782a9383716e1d939d2f27c92fb4ca1cb41540e,13.0,0.0,1.0,0.0053,0.0,0,0.01978947117409603
044c57bce1d0e771e60202dc473b24320af6b6d19e3af172716aa46db9830ab6,13.0,0.0,1.0,0.0101,0.0,0,0.07447578192254842
044c7d1a52cbf53a0cfc79149fd4f505a81b61394fff3b106b6889dbeed32eef,13.0,0.1206,0.9454,0.024,6.0,0,0.01958834522396848
044c9e964ebb858041c3e401e2c263fd01dd20df6a509bffd20b9320e217eb9a,13.0,0.1374,1.7995,0.0107,1.0,0,0.03083706963080017
044cdb4139630ab9892da84643d0eb5cf16b3d2045101a2c311794983dfaf0c6,13.0,0.2597,0.8164,0.6707,9.0,1,0.6156972789097954
044cf6000e3345c47b2e5f260de590cba8d1470b4347f287b04171684bfc8d78,13.0,0.1595,0.8469,0.0272,5.0,0,0.020592241140611936
044cfaddabcc44c0f77c893f37bbb83ccb726d389f11d43cf55eeaa64c80eb14,13.0,0.0,1.0,0.0062,0.0,0,0.020263886945132575
044cfd08739df80837575893a3b1a89e9ab820c1758d0c52189edbe737b0ccaf,13.0,0.1581,1.3737,0.0501,2.0,0,0.03675759704463506
044d78e0e9f5cd7b740836c489e231591cebde1030a15d738f50207c65e5c1f8,13.0,0.0,1.0,0.0053,0.0,0,0.01978947117409603
044d8c2dc8b0f78603ca8f6aa83f3c8ac0313f27ed24626a440b87c1ff9d5eea,6.0,0.6602,1.1873,1.742,1.0,0,0.6185717248323654
044dd3ca2b7ae48bc6c0ff6e2df8a3f09c13ce8df0d8cf9c7916f3c6ec948e6f,13.0,0.175,1.4863,0.0294,3.0,0,0.030521790955836393
044ddeeb0e1cddb054ea2c3e1f37c9c2b251d52e5139c8d9f806c55c596f09dd,13.0,0.296,1.0001,0.0597,5.0,0,0.23221074188160615
044e08a008d8f89d121d6e8e0d547c966ccdded97f022323ff5de6f55bdab3ba,13.0,0.0,1.0,0.0065,0.0,0,0.020263886945132575
044e1be9f7f87a1bda459379085acebb0ddbd25d70a1c9036f6ce4b6d9a8eed5,8.0,0.1928,1.2487,0.0746,1.0,0,0.18933014841808338
044e2d26d3c8f4c570e62f62eff28490cbcb6e025b7d4564d84fe06dc46401ac,13.0,0.2904,0.9014,0.7297,4.0,1,0.6720427582084375
044e2df2a3155f87d6c38163d1daaeeb1006fb8b3d55ab470460a614e446fa7f,13.0,0.1488,0.2177,2.18,13.0,1,0.7263817332958337
044e32ba4400abfaae7dd0fa2370ad919c1d7021ae1060654212c6910e86a935,13.0,0.3531,0.3937,21.2902,5.0,1,0.8814086417206864
044e3c0f814978c085eaf18320882c706ece4d4dfb0264081c1d505a557a2af0,13.0,0.3444,1.8758,0.0113,1.0,1,0.33035745524826005
044e3f6708f22e36e74d14a9249aa3e8c1a07c0cdf6de1bdd70b6c975792592a,13.0,0.1244,0.973,0.0387,2.0,0,0.0219548396889645
044e5d1c88e38f0aa3c93284a6bffe0c3f832bf23990deec03855d8e32c5e096,13.0,0.2003,0.8842,0.095,2.0,0,0.2405649191893952
044e65d870a3cf1fe3b169d5ccae79de2832f3b010a1e6a4f73936ef24382d30,13.0,0.1288,1.1696,0.0235,2.0,0,0.02178033377719586
044e6b56be8b2cd9127313cc140889d3cd0f8e7b4f6f5839091fcc9fa0be9686,13.0,0.1354,0.7215,0.0249,1.0,0,0.021684829130299624
044e93103d0bf2f4ed7ec66028ae6fe3dcf2b0532172c3cc1d211187ffa6c7ae,13.0,0.1262,1.1698,0.066,4.0,0,0.04772605587478909
044eb0c699b97c84a5ae301c394901552c239dbf3b13b37bca9264b32e3e6556,13.0,0.1731,0.9583,1.4808,3.0,1,0.6245023848005843
044ec02a47f9f83ecca6179313dcbb5ec5333db6c2519d680188f501ad5cc5f7,13.0,0.0,1.0,0.0049,0.0,0,0.019980332496187008
044f1a45e7b32f8544eaa34a0b938b9e82ece28f5cd8f32a8add3e777156ba86,13.0,0.5118,0.8394,0.0661,13.0,0,0.397198956424499
044f484501f8da143b148b8803cc817635a14c65e44e1095ce8e7907231e66d5,13.0,0.1902,1.4818,0.2761,1.0,0,0.5227536459772459
044f6672264caaf7fc67f4a02251650f9f5d575b3ebb545f70ed4ed1ddbdfe82,13.0,0.1359,0.8769,0.0571,2.0,0,0.06990260620779978
044f677da3f5090fb15d0efbf519493ae5ba01ca56c38eb8020ae542d2fc3c82,8.0,0.1855,1.3917,0.3827,2.0,1,0.4996448607469807
044f887ef1388a8c7c31e22d14f8f69415a8cd45c1fc4d30dd2cf84f31d0ac50,13.0,0.1054,0.0,1.808,11.0,1,0.7238308237859479
045004dd83c2e655d31fb39b85291d80a954820228ac737732ea8d06fd859c2c,13.0,0.1608,1.0132,0.0233,1.0,0,0.026147964599374914
04501af8bbe8f29c56efc25d85d77092cc70fc5e0880b0cd152534660d274448,13.0,0.0,1.0,0.0037,0.0,0,0.019980332496187008
0450272e6906b26737595e88a6501b9241e5fde1f242e57f075fb27ecde6e458,8.0,0.1818,1.1202,0.0538,3.0,0,0.06907319612881518
04505124996e84f410db0b6b90433538c7a1ae745e4256fb41dca687009f9115,13.0,0.1274,0.7708,0.0302,4.0,0,0.017235233617935993
0450a8fddb550eaf8c61de03a98d3c8e38f2228ce567a51e87f5bc86ee4a054c,13.0,0.2495,0.6926,1.6211,4.0,1,0.8021349110256797
0450cbea9b76a9d9acafcdeb02ff235cc5c815ef92f84c539759dbbcee45dfc1,13.0,0.2671,1.1326,4.1751,4.0,1,0.8883081338488581
0450dc574bcc5941b3ab1e004567defe47049268da4f72c35205d7349e5517ba,13.0,0.0726,2.1338,0.0095,5.0,0,0.02604914675392097
0450deec1f1274caeb2a9b7fb0ea775d194132547d847aa011bb8e1200757d20,13.0,0.1754,0.9462,0.1831,5.0,0,0.36134926279223245
0450f5053b580d47ce0b3ea997b21a619cf368905cbd5768ee96fc47943034fb,13.0,0.4206,0.5839,1.2539,6.0,0,0.7494914820328964
045131d86dffe1c169c65b3556c4978d1f24e29fe2050c76fde9722aa3a0774a,13.0,0.0,1.0,0.0087,0.0,0,0.0668791263085046
04514e1afaaf8316fe2a62c6d9bcfc2092b27c7c8270ee2ba753dd29fd2b762a,10.0,0.1441,1.2131,0.0202,2.0,0,0.023922251557518922
04517963664d63f333f58abb15546013df64e15bb4e915d11d947eb20652f9da,13.0,0.1622,1.2591,0.1244,9.0,0,0.25469751913755173
045179dc714b51266629e07dae2db791ca648a1dccfd24329e333e97fef157a1,2.0,0.2563,1.0632,0.3688,0.0,0,0.35406975104627614
04517e6b816f96b0d36f211df7e6a3806a9fc1ad272bac5dc10b18cac257f246,13.0,0.2164,0.5789,0.2454,2.0,0,0.49066863166144453
04519d241927c9627c2d373b27690ed63c932c1fc8a835cae12bdda1b1452525,13.0,0.4431,1.2327,0.3273,1.0,1,0.6591799167179628
0451c19f331ee1d22484694fad66b939cc498b29cca14f82e221a77672be4096,13.0,0.1274,0.9084,0.0278,2.0,0,0.02003570488328813
0451c405b6eea830a85fcca0b9fa000428e23b3a743930473a04ae95a2718071,13.0,0.2174,0.751,0.0164,7.0,0,0.035511023806257834
0451db3612813136528cdcaf872b4f8f8d2159615bd88bfda49207d2d6b3f601,13.0,0.1465,1.0956,0.1174,6.0,0,0.2671726062081057
0451decb020366b05c9d72f4713e63cc4febb67903d427f4abb99478b53031f2,11.0,0.058,1.408,0.363,2.0,1,0.3957150361710612
04528cab3c188465d74181ed5e3f195719b6fe9a0b783cb702797ea09cf1b7a2,13.0,0.1303,1.0325,0.0594,8.0,1,0.08367557169582528
0452d8625b2990d73035cb3acb000e3f8c7fa01c89018b3602ec1c5276866a1b,13.0,0.1009,0.9444,0.1088,7.0,0,0.12376802347929938
0452dffeb4ec4d52eeb54c4322bc51ea2992b6820d8364528e325cf7540f1e57,13.0,0.0,1.0,0.0074,0.0,0,0.022280945636023855
0452e265416b1956bc66e94309fd952809a2c46eb3cc0e87713eeaf1fd45a5c4,13.0,0.1117,0.8325,0.0683,2.0,0,0.04463585524965283
0452e5bef63531a081bad5fa75731a0fe58509248e22cc97e19d368772aea41b,11.0,0.0,1.0,0.0334,8.0,0,0.034930297454424164
0452eab0c07f6535f9c3e475fea129cff7fdd0f8834b99cb94665cf927516b78,13.0,0.1369,0.9548,0.6713,8.0,0,0.3519378142474979
0452ec77dc1d2d06aa61fbc2b71b5a7cdd40dbc06b571e253a8cf46fcc5fbae6,13.0,0.0588,4.2596,0.0111,0.0,0,0.12777136163983788
0452f72465700d539594ac2087a336e5d54b49a44b438d935a434eb5ded3ae8a,11.0,1.4353,1.3124,0.2613,1.0,1,0.7207096397659282
0452f85fe036e473b428fcb3b0c8330766b85650b700b5c179ecf934c4b05999,13.0,0.0,1.0,0.0087,1.0,1,0.04702208224538105
045354a3ddc2a65beddacb85079a02dea261b6434b7bc1eee287d83a55c1ba55,13.0,0.133,0.7317,0.0364,3.0,0,0.018760251662952823
04535bfaee9f336564392e7aa28fbf3a39792e96e80ca36d441dad470517ae51,13.0,0.5475,0.9819,0.0825,0.0,1,0.4886836779894481
0453c06810311bbf474802b839b583b2a74ae20fbcbb97f27f5ba094b385b639,6.0,0.1365,1.0197,0.1216,0.0,0,0.12641986540468944
0453df6debecf17160f88743c47a2ae401d77d9c3b17fb8c031461b31beffa48,13.0,0.3612,1.145,0.2603,6.0,1,0.668932142042759
04540448ff70732fb6e4f105f1d740208be6accbc7fdd79340a1b4a19b2868dd,13.0,0.0,1.0,0.0061,0.0,0,0.020263886945132575
045404b0e4b7d53887020c660de78410d11d20478f91de7eaebd6c7d0ab51c4d,13.0,0.4236,0.3709,0.5546,3.0,0,0.6386384656503264
045433e135647c1f9e5327937fb1bba53a493244e43b3d00d3a478a105d81def,13.0,0.0956,1.3333,0.1904,3.0,0,0.26499312899591476
04545ab57d1adc540ec1c56a479e240e3ca299b3a92f8260fb38291bb3d998f6,13.0,0.1246,0.6394,0.8369,7.0,0,0.29041419225612913
045479bbee5cd5dfeb2fe8148e5871a68703094cced23762075b11605bbe94ab,13.0,0.1283,1.0118,0.4522,1.0,0,0.2636615223502174
045481bd45c4b0afd02b674f5b5248dbf8263acac88d24ce93cbedf911a3f4a0,13.0,0.0964,0.8514,0.038,8.0,0,0.022398183249680095
0454b494aea83334f71d9c654261e478218b96ebebcfe2c1bac929c9b66e2fb7,13.0,0.1118,1.0733,0.0254,2.0,0,0.023119163386051144
0454c94acf6aacfe03188943713bdc577d0c1ef26e46c204ab5aa68194f3dd92,13.0,0.3807,0.351,0.1157,1.0,0,0.3736363644720423
0454e069f133989c5fba3152153367657b8d4bb6e519657b6c430ae749145a97,13.0,0.3221,0.8257,3.5196,12.0,1,0.8685766347508082
0454eb6b96b9041c995f7cdd6f4673c8dbd784ce37defec47d9bbf6468efe735,13.0,0.0404,1.7833,0.1512,2.0,0,0.2517322614150035
0454ff41f0cce743efb0720185c9cfddb8fa2f9628c5476bbf0cc4dcce091a10,13.0,0.1015,1.8892,0.437,11.0,1,0.3860340869190618
04553642d676ffd3b4ec9a1c57ce16ab50866781dd3762632882c239582a5bd0,13.0,0.3492,0.8075,0.7797,0.0,1,0.4484903200429566
04556596fd96428ebb4b66acaac92c1ab989a3acc1d00b323552f94ce8a9046b,13.0,0.1202,0.9666,0.0395,3.0,0,0.021000795676173106
045569c3330edcff16a0e0cf03d08e569004ff570b8fe308304c13bbf07bfaf5,10.0,0.2048,1.2904,0.677,9.0,1,0.5682577315594631
04557d84f7addd9edf50b85b63cb33c247e37b87a8aa61997b316dfc30a27096,13.0,0.1347,0.9795,0.1169,1.0,0,0.11181942450213056
04558b8067cd80d52cc59c37474dbf392a4199322d18831fbc00aa3f08be1e51,13.0,0.1456,0.9782,3.1332,2.0,1,0.7584042792492326
0455ba3336fd3833b8bdc3a9ab55978a9829e872d0c02f3d7611fb05b971bd90,13.0,0.2686,0.6373,0.1108,6.0,1,0.3658822774998949
0455cb0a27efc240085809cda73974f63ff2dc1a950046921aa32edb20f12b4c,13.0,0.1154,1.0593,0.0467,2.0,0,0.024461447187560905
0455fd39406813d7df0d308d2008ef1be5921f3af6d4a31a7cc06792d7a220ad,13.0,0.184,1.5024,0.1271,2.0,0,0.30828463259024164
04561e15e9e9bc61e785b75aee9e36a0e80f7fac03ccdd83d19551d4727a02e8,13.0,0.1635,0.9745,0.029,0.0,0,0.07335431056210923
04562166dafa7e829a89ccabc8b179aa622ea08203cceec4ba0155934c5198ed,13.0,0.0,1.0,0.2456,12.0,0,0.2701496248565523
0456955fb9c360d8bc03511ab8bdc7c0d06a2fc6bc2ef1cf3f8c712d4d66b4fa,13.0,0.1207,1.1668,0.7783,5.0,1,0.3844631078461156
0456beb8baf22d3b491b25219d68c315113fd1b5d1f3e1071ec0597d56f5cd81,13.0,0.3238,0.9783,1.1054,13.0,0,0.663062980044727
0456f97bccf4ccbc159ae5c64c3bcddfb7369f13cd36f02295255bff2d5e64fe,13.0,0.1774,0.9807,0.0151,1.0,0,0.030216526314148187
045713aa0ea3233504cd5d3cb663a4a3f4866566b62f995945b1a6c6f88c45fd,13.0,0.1167,1.3936,0.031,3.0,0,0.020499825256152668
04573a1205a0ddadb27df85dd6a404806f416ab040f9b5ecd1360c21cbf00cc5,13.0,0.1862,1.1846,0.1947,4.0,0,0.4866693125028111
04577822e660aa4b06bc911f9ac3149b526bc822567f1092cfc472d58a5219a7,13.0,0.0819,2.1587,0.0143,2.0,0,0.03720118204851177
045811357a08833131c321a697c9f29f19697f9f5394d62c43bf5be5f7a6c9a3,13.0,0.0942,1.5645,0.7362,7.0,1,0.48690963875719184
045816d96b3a79a8a97769d91ce8e0f23a710be393ddcb0982fc605110b7f338,13.0,0.0,1.0,0.0106,0.0,0,0.07688026147883344
04583d2387d7134f8168d9271447ca9f69511ad3759486aed94917c3c2967f3c,12.0,0.0,1.0,0.0061,0.0,0,0.020263886945132575
04588752cf2015d9501db70f7ff3ad44e443df2f4f0eaeda64f0765925f33b5d,13.0,0.0045,4.0034,0.024,1.0,0,0.06171429799211532
045899b69b93bfee74a702d342c36d391a15b41dc3c5df7e0d9a947cc94249cb,13.0,0.0525,0.9159,0.0753,3.0,0,0.0712555787695209
045911093c12516ab7fc77b491793a205f428c8336d1eab0a47a2dded54f6c23,13.0,0.1437,0.0,0.0074,0.0,0,0.02531231351522367
0459166565fce8f4bdcbcc6bfa0405b36fca520f6aa8d476946a6827f5076e62,10.0,0.1798,0.7579,0.1291,5.0,0,0.2634713641835371
04591e8d0b080527fdc15987e0a9e3d41ecd466b1eca695862440d4dc2f4f7dd,13.0,0.1905,1.1033,0.0095,2.0,0,0.03128597422554255
04593facc0db8ddae121cb909b031b1ab62c8e8efcee5bf6a29eff8956a39ceb,13.0,0.1253,1.0106,0.0708,3.0,0,0.05484027062113557
0459543f19f482baacf87f0f6faad68e2fb54599855f87f6ee1521000d88dfbc,13.0,0.1377,0.8619,0.0731,4.0,0,0.06803111438741552
0459ce08397260d8cfeb4e08b84dba78a8b78d44a2f2e42ef3345c058f124b93,13.0,0.2228,1.1492,0.0522,2.0,0,0.0826770818141828
0459daecd6ece98602fc1c8446b8c649719c1ad15681e3120349d929d38863c1,13.0,0.103,1.1776,0.0286,1.0,0,0.025203611029386043
0459ddfeeddc81392b2e3960b2402583fa56d8a80f10af13f5c73bb4454029ad,7.0,0.3871,1.7204,0.0258,1.0,1,0.34338754726459614
045a13030f78a7ecf0219fd6996be5092a9796ccc4c50496f5c0cf45f7149c20,12.0,0.3723,0.8711,0.0142,10.0,0,0.057995021176611906
045a20582813196e198ddff99d74c136bbcbc2590aa23b820e5607f07f004b35,13.0,0.2157,0.8965,0.1135,5.0,0,0.3404118348935109
045a51af3850387ba7366adb74ed29e05daa56153888bc87bd50ea17fdfb9693,13.0,0.1635,1.0117,0.0057,0.0,0,0.028336829829066476
045a6aac653413072ffc4bc9d4de4c2905e95f6e234e2bc3ce3e4333f5074769,13.0,0.0,1.0,0.0048,0.0,0,0.019980332496187008
045aba7fce271c4ad693967432c28f0b5123f6d9e864c813a91a433479a75c8b,13.0,0.0,1.0,0.0077,0.0,0,0.022280945636023855
045ad019f9d3835e644730d7c096224d2d24dbff2e1981035475a0e16810be91,13.0,0.1218,1.0801,0.0202,6.0,0,0.01900254197479808
045ad06ee8feec6a30d2a2a9ec74fc6ed82f78b0b94670ab4cfea817d00f0be2,13.0,0.116,0.0,0.0156,6.0,0,0.018876178367573365
045b45904025ebea19cd3f9af1f6c5ce908d8dd5a32745c57101f99f25f75aa1,13.0,0.1169,1.2155,0.1157,1.0,0,0.12184885170560544
045b5fd737a6245cd4186618ac79974e5cad57dba5b0793feab42697a6c94fab,13.0,0.0649,0.0,0.007,0.0,0,0.017565738014278208
045b776c476030af8b0b8b1e5bfb01fd15556038b8601529d9c0df2006d37153,13.0,0.0964,0.3827,0.0356,2.0,0,0.01934173774919831
045b8c34665169506114a089bcafff83394488b5b324f175cbceb2161519d9bf,13.0,0.1762,1.4056,0.053,2.0,0,0.054464852304265614
045b95fdf45925c93e82ffc0cbc678ea8d96f367d80bbb91f5e04c529db0f611,13.0,0.1757,0.8974,0.0723,9.0,0,0.11248375630130618
045b9a7c08b10d41e3575d35af5c5758d6e0a00abf19b62b78f4cc29b903d8a3,13.0,0.1431,1.1198,0.0282,5.0,0,0.020599283592962793
045c007735c346010d51211e0d9602d38bc808ab360623bca01cfff3d52848c2,1.0,0.266,1.0,0.177,0.0,0,0.40314859730079156
045c0ee55eb149378686157af8469135fd32177da181c038c592e193dcc90425,13.0,0.7112,0.6378,1.617,5.0,1,0.8038573187397007
045c5c1e17d0208c10ed25b9e92fcf5ebc5601e1bd7209cd3b852a7c8ac92bf0,13.0,0.2315,1.4456,1.393,10.0,1,0.7347677414353706
045cc38dd2f4ad10e44f27f721889af44002dd89ea6bf940ecf8afd213e945d2,13.0,0.1703,0.9522,0.0025,2.0,0,0.026500674357300066
045cd0856095a86b0e6302ba3d807807a7eb0bacb41a8a48d1663c5c8ce79cc0,13.0,0.0,1.0,0.0044,0.0,0,0.019980332496187008
045cfa41acdd782a658d19046ca7598e328faf3cb32b04872a8d94a1ca0f85c3,13.0,0.1443,1.2575,0.564,10.0,1,0.4857717075905409
045cfc093579ac7721a703ca66ae99c1d1933855d8f318896cdc4faa2abe8c29,13.0,0.1217,1.0991,0.0598,2.0,0,0.04644133806372122
045d3be1366c9bd946418ca6d24de3946921af239e346418d7e0c4e6a1f6f133,13.0,0.0838,1.8355,0.0061,1.0,0,0.022433380644851383
045d42a6848a503cbd64084a2c4dda9967a598146a5ad9a9a4dba3829edcfb3d,13.0,0.2544,0.7547,0.5549,3.0,0,0.5952593298946188
045d61821901fcd850cd7f7e5c50ff62a3dc1a7eb31e054c17f44b9275f62943,13.0,0.0,1.0,0.0054,0.0,0,0.01978947117409603
045d725d061e3cae0be7696c695dcb31797e087d8a4b6097bd61877098ea37cf,13.0,0.2084,0.8046,0.0937,2.0,0,0.24796959438633728
045d8c471729cfd1ba95fedb4966c3bb653fd55c9351fc34dd8b27019822d562,13.0,0.1338,0.9216,0.0725,7.0,0,0.06443091070341303
045db8f7812b93648ecd96b4cb718e6e64c2d83edfd63aed387b3e376d651789,3.0,0.1363,1.0267,0.0113,1.0,1,0.027096083416227507
045e440f7cb2cba2b3a9531ea49ec2b039a5eeddf59920db7055415d9f493b1c,13.0,0.115,0.9487,0.0361,6.0,0,0.019411502704083837
045e722b961f5dbf150ade0120974134b1e7ff127e5d2a5aa38f9e5bb79d8970,13.0,0.1745,1.4585,0.4242,6.0,0,0.5004997191196788
045ee0c3e351c4d94a88ec0a5c61d529cb4e9ec0ebf9f30332d2dd7a037e7870,13.0,0.1405,1.0307,0.05,2.0,0,0.027231473054418035
045f1d868a32b39a755c7a636942ac2f2bded70d5a40610910285ee9ea68abe1,13.0,0.2013,0.9991,-0.0009,1.0,0,0.051971850741553895
045f29163551a641f10a589a0dbf495029f565c978349b99f3c2da19241f004d,13.0,0.1437,1.1456,0.2822,5.0,1,0.4225425530682518
045f333dee636765728c8a0465167016113ecc6da0b8e0853158c513840085ef,13.0,0.1141,1.0378,0.0291,6.0,0,0.018506239902214276
045f625cd61c67300687ddbcb84aeb06f291d89d1cb6d00644a41c78394b1e02,13.0,0.3853,0.871,0.3691,0.0,0,0.41308701546799215
045f870999dbc8cd9d6757713452201c2d0c0ccf47ef1fe6dfffa99efcdbe335,13.0,1.0361,0.8208,0.651,3.0,1,0.731951074701113
045fa17853431f7380d9c30c3a6bb07c8cfe1aeacaf2cbf13dcb2f89568db488,13.0,0.1281,0.0,0.0184,0.0,0,0.047687053969463024
045fc01aae69a806f59db3ddd410b66c4dc2922089467d385b8cf5c5bab4deb3,13.0,0.3065,1.1251,3.5234,13.0,1,0.8751442565108077
045fd206bbd7a5afa851e8af1c7922db8bc9485856f8aa98310e249af69eebd6,13.0,0.0,1.0,0.0128,0.0,0,0.07704350507592042
045ff41a650f74d1f5c6fc707db5b85607bd06aa4702bc5e06315d22810704a9,10.0,0.4117,0.9514,0.2467,3.0,0,0.6539030772257709
04600ffd9d1f1ff3ac610d2cd8bd6d9efa5eb5ee4c2e1b720c4131ca35d685a8,13.0,0.1615,0.9797,0.3451,3.0,1,0.3993897163092612
0460145f06fcc30c9f25b7f578e0d9110e537d6d7b140af703f36ee58e838500,13.0,0.114,1.0676,0.0425,3.0,0,0.020832622567413358
04601b1c36efb232831e73a3c6a4c270c47dbb87ec0cd520522bb1a081bb35aa,13.0,0.1127,0.9359,0.0343,5.0,0,0.017218781413021023
04602959fe27329f6ab82fc21e0c132590f55167a733814ed52e2972cbff2dd6,13.0,0.1016,0.9652,0.7969,3.0,0,0.29355166266194227
04606034d921faa1f3cb2cae3b0fec7372a4468334698d7390e7aa29dfc7a6e6,13.0,0.0687,0.7364,0.0186,1.0,0,0.022892044767834064
0460928ca08ee5bdac843d6f6670f9ddba76859021a5b04f24ed62b98d9fa1a5,13.0,0.3208,1.2835,3.0057,4.0,1,0.9012107897059407
0460952c84be93008867ad762052836c6c825ba940c25ee117c75b5fd1593b1b,13.0,0.1309,1.2872,0.044,2.0,0,0.025078596394614846
0460ab5207307c89f3a2ad09f6aa73405102cebfc2fc213075ac1462537f16c1,10.0,0.2404,1.0635,0.0475,1.0,1,0.18863034269203738
0460dbc57050e2c514c030ca9f6ca64b972ca339ef50696f07bde177d5da25b8,13.0,0.3028,0.8038,0.0196,2.0,0,0.05186694840768766
0460fe3116cac83ade62838ccc2090ba1ac8191ac6e9503d6ba74dcb0dc8d3c1,13.0,0.0,1.0,0.0056,0.0,0,0.01978947117409603
046106a443d06e4908f5cba9b51bcc972a7ba7e728a7ff7abbfc2cf0ad4544d7,13.0,0.2016,1.1446,0.6463,12.0,1,0.5740560790927851
046107ce8f4e9af641c2e37757ec0f85071f172d0986a09509101625a6ed3f33,13.0,0.1213,1.398,0.0058,2.0,0,0.018173155263537258
046142d6392d6bf986ec43f379c25f9a21470cd990be18258ba51a5ba04636a0,13.0,0.1372,0.8482,0.0307,2.0,0,0.019219902230383227
04618fe5fc817d25d36b9b412e43f32d6ae2ced02747040b970896ce59aabf05,13.0,0.3343,0.807,0.0348,2.0,0,0.06357069395186193
046241964aeab456d4ce388466ce1fcbaf14ae37fbf9aca2c6f8c959edb93a30,13.0,0.1466,0.9174,0.0656,3.0,0,0.08232552860828397
046272fd60694adc7ab0435e50755897f1b9e34bcf47337f46cda9832195de51,13.0,0.1966,1.2435,0.0083,0.0,0,0.049554640211814306
046278a49b90e8fd6cc31a46e5a8c525ebbaa365f83d53df9f39b4145a29d4de,13.0,0.1533,1.2296,0.032,4.0,0,0.024152307317107612
046293c084febca10c3260ca161d63f1aad2520b0aae897510e739458df54af2,13.0,0.1309,1.0554,0.0595,2.0,0,0.05458760867489021
0462ace68e4349136fad3911f3e84986fb6cee53117954e1abd2f0f1d3c6fb28,5.0,0.183,0.8716,0.0135,0.0,0,0.0569603599260823
0463077b2b9eb0c852ae891949b79dd7ae835900bbfe81b1c43d8de7896c4490,13.0,0.1815,0.8781,0.1269,5.0,0,0.27090458226386016
0463155bca7a6a6430410c7dc02bbe8d7b93da021641ce51fe7b7c3c3be55ae5,13.0,0.1527,0.8644,0.3844,2.0,1,0.3536715125780618
046320301a04ce09e79c8bcfafe8d6d7e65fdc22b44b3c3614f3d638ef291996,13.0,0.1696,1.0394,0.783,3.0,1,0.4766528632239183
04638865990c152a1f344a6b7c80576479501d88593ae83ba12d4aa031f9cf05,13.0,0.145,0.6862,0.5784,3.0,1,0.3957878501764693
046396c379132b677e3b9d3857082cc70e63a71121d8ed6326e1659dd25e2c4b,13.0,0.2684,1.2099,0.0329,2.0,0,0.056776172281678534
04639cacfbeca1769952b4313d9dfd3bc64e3fe87005685ce15f9a018016d918,13.0,0.1224,1.4345,0.008,1.0,0,0.024284948584428364
0463b47e5a1cec4c89d9ec3425b13b435ea6bb3d9c481eccae363346d3e4c381,8.0,0.1298,0.8082,0.0598,2.0,0,0.04860470023915907
0463c6d3acab8f6c15d26ce44810dfe297a1417b26fb90e0e4b68ccf5162f86e,13.0,-0.0649,1.0,0.1984,2.0,0,0.22390215138474504
0463d27f8d9213d25087bc5bf5316ec5ce27cb79f646509046d523117f0fce06,13.0,0.1145,0.9788,0.0545,6.0,0,0.031451444783677146
04640740ecdbf24e7aff8d900d615f124bf842500d1b5d16ac165b19c5244440,13.0,0.167,0.7735,0.037,2.0,0,0.023707818375651408
046408a3258350deb09dc787d420fba466652c1199f7f4e1762a84020c506792,13.0,0.1201,1.2019,0.0432,4.0,0,0.019704452406162917
046426861c524c280874ef590a55efa1da69ed3242ff317ae9d43649589d2876,13.0,0.124,0.0,0.01,0.0,1,0.04475723851767974
046430c0eb0ffe53067ced83f982a2a9dd60c97bb605169df36ce1dd6a38ba3a,12.0,0.2359,1.9851,0.7873,12.0,1,0.6311992666359783
0464393b31e27bb32ec3600cf678a91cc3be0359966c90e53055f1d724928adf,13.0,0.479,1.1933,0.2498,5.0,1,0.7155638405431297
04646b219a7b6a66031d58a3c6721cc82e3f1a0784b06f9d81a4e759d96ea413,13.0,0.0939,1.2615,0.0343,11.0,0,0.02025620928653588
04647842f1a802e3602d9afc1e0ace2b26b98f3c70e6b82677a53d6a7e1d0926,13.0,0.0,1.0,0.0068,0.0,0,0.02219398911428473
04647ffa0b597996e87feb6228b294787019b6c10e07692858d65c178737012e,13.0,0.0939,1.5453,0.2319,2.0,1,0.4236076745531471
04651662f3c796e0be24f76c8b8b2da7303134622bf8a6335052c88733989e7e,13.0,0.165,1.4139,0.0182,3.0,0,0.023797824512750712
04654132e4b69ae05eea90af9f381be3b84ef5eaef4160f1f8913db209d01b46,13.0,0.1409,1.1037,0.0916,2.0,0,0.1062085974790141
04654bc3b2880ef7e3aa8f88c184693c18453c3013ee83452185fedca5e6972f,13.0,0.1606,0.9395,0.0111,0.0,0,0.051419945494220735
046582205b9f3376197f76808b698750e3903cf1cdcf0fb6f9805c3fe375ed24,13.0,0.114,1.1628,0.0258,3.0,0,0.018919208763127738
0465a13923fd361af04f5e90017a4910cbb42d14073cbf0a6d68c3a762bfd564,13.0,0.1221,0.0,0.0048,0.0,0,0.016483832609227048
0465a58c4bc5a159be6fc2162f57b9eefe3d869dbb1613056dde1ce903a4c4ac,13.0,0.1303,1.8409,2.2121,5.0,1,0.7359863904594955
0465bff876dacbd2fc305795af82e11af677d68fd49c8e8aae522bb3775b9324,13.0,0.1092,1.6839,0.2469,3.0,1,0.397408120445807
04661d9df6e1da5d1c7b7a46c5d83aa62ed6c81b1b8cc5acabaafaf04d7b18e5,13.0,0.1793,0.9403,0.0308,1.0,0,0.030813873327803453
046635f7d5bb740a9245cf509e6d3aa006c8af9e9b525b75686073a3a3fbb7f4,13.0,0.1739,0.9219,0.0699,2.0,0,0.1011480206672019
0466620c64c3dab609e301cfbd3c049318d6ed6f1cd7208b7b840d69f5bcb4b4,7.0,0.2319,1.2948,0.1633,4.0,1,0.5919825888152254
0466956065b1980f250f33ad185e8265c6826677fd8eb427d221004088ae3ac8,13.0,0.0723,1.5445,0.0203,3.0,0,0.021858826557043583
04669914910a4fbe71b68859dab5b1b63268b050525d80b5212256ec942aeac5,2.0,0.8948,1.1509,1.6722,2.0,0,0.7325724215673718
0466be26101aa5fc3dfc412787d310e33821092c2cefc3c4e1d5896b382e72cc,13.0,0.1123,1.0954,0.0236,1.0,0,0.024556188070350024
0466ebe4b06653deada12c448201b183915cda5dc0da207f3663f803ab0ed4d0,13.0,0.1585,0.9439,0.0356,7.0,0,0.03441675039856102
046764180e087954c9e03ed096936578e2352c635e0215c8a6373dabcab3947e,13.0,0.1667,1.0095,0.0249,3.0,0,0.02846748496087595
0467c938e3be4daf363fa8c6dfd4ae884e99760eacc50c0dbc4de083fd8d0e05,4.0,0.0,1.0,0.0101,0.0,0,0.07447578192254842
0467f2fad6cd404388d5f165619fdeab1d7176d3f84bf9bd37e1bbd0c9b68d23,13.0,0.0199,-2.6672,0.0178,3.0,0,0.02073450744886421
0468145470bb21b0c443bd826bc67af59d5475d60b8b56f7eb41b130366e4735,13.0,0.1527,1.0652,0.0372,11.0,0,0.022798062809122773
04681eeb6fba9412f02c88ca5c0394b3ed558a72283048a2a8fe8fd7ebd01a1c,13.0,0.1053,1.2225,2.1477,7.0,1,0.7366729071332452
04681f24fb5ca09edcdbf3b54d90bd08374ec885cae4d30f928f1f5d5fa81011,13.0,0.0984,0.8706,0.8178,4.0,0,0.2836984929887023
0468386df4dd5a608e21b4ffc7bae9904bd3270ad55e1d89c79866cf9f6b3e88,13.0,0.16,0.9444,0.2115,1.0,1,0.3526087733113604
0468da7b0cb8f75d827d0d3e848b0f0d05bf3e985635e9f062c74c8ebea95530,13.0,0.8532,0.7887,6.1843,6.0,1,0.8716553561241877
046925a595015b63564fa3708bc3c7fcfb2a6ef81f3bbc7c97e1684311a554d9,13.0,0.6793,0.8238,0.0805,3.0,0,0.3264955148872843
04694868301be115eccf53bb802bd1bcfba53eee72fea7fbcca8810a45f246cc,13.0,0.1611,1.1358,0.0217,3.0,0,0.02155766920627283
0469582cc12848a893400b3f1bb69ad6ad93f8cf393478dc5629b2de8a1d1aca,7.0,1.0683,1.7409,0.1101,5.0,1,0.6277313440427928
04695b8771d17ba7cf8f09f12ff55de26131f59b38cdfbed93ee7f09c1b3957b,13.0,0.4381,1.0275,0.1843,11.0,1,0.661664747893138
0469baf12312ce3647e36f104324d7da87895d52e7b0a1000bbddc9cca56d0b2,13.0,0.1124,1.8598,0.0068,0.0,0,0.03413307530957088
0469dde98cc68b6c0ecdaf16ac2d18c3ef5cdb8e6533c4affa2ba14b6eceb2c3,13.0,0.1412,0.9704,0.025,2.0,0,0.023169766083541207
046a2abae0318238f8dc2653cc96c9630089c714bce1fceeed6b17812a6c51ed,13.0,0.0,1.0,0.0055,0.0,0,0.01978947117409603
046a3dc998010381de9de46e95fb56117cb5f50589b3ca59714a67279aa7fe4a,7.0,0.0,1.0,0.0101,0.0,0,0.07447578192254842
046a4a8534e276b2c514dd4f07037cc0f1649a00b1eeb89ae219e18855ed9607,13.0,0.1612,1.0882,0.0089,2.0,0,0.025254639381871
046a6a7c1a2ae96c1b94ac9f8c9a7f7e104e5c4335265e5c23088d71e3ad96d7,13.0,0.0315,3.683,0.0261,2.0,0,0.05010667947673781
046aa7b846a7af8bc7767f7e41a89ee727920f8257a0b6d0f2351bbb9a696f5d,13.0,-0.0119,1.0,0.1061,13.0,0,0.1664685790050765
046abb078f62a0c29f9cf908aff0e511d211a1486544fd4b4d0a5c5fecc33a2a,13.0,0.0987,0.9067,0.1288,3.0,0,0.11604902377024892
046acf602d3d7e16bf05a95c64eb869679a36a69c3695d5118d2313a0b33397a,13.0,0.1279,1.1325,0.1463,6.0,0,0.17378806972070204
046b1efa9d9e2c6713fc11dd604c13c4ea07bd3e579751f09984f49c1075dfb9,13.0,0.1918,0.7977,0.1226,10.0,0,0.2878130894236595
046b27e0dccecba5d94d3e9b76b931004156d5cd24c74baba338bee1a1e5c7bc,2.0,0.3163,1.0038,1.2019,2.0,1,0.6185323564688722
046b350b539b276bfdf8c610d9586092e2acf022bea7047a26053a30fca2587e,13.0,0.2157,0.979,0.008,1.0,0,0.03977904064607658
046b80540f72c39a6069f1c82ded7e94326b40fc8579936329e82ac536650f5d,13.0,0.1767,1.2244,0.0339,5.0,0,0.049394407653663555
046ba1aea2cc14bf6b9c699bcba5b34ebf946e59f813b3af6c7b936f6fc40f48,13.0,0.2995,0.5887,0.0409,8.0,0,0.09363887883695796
046bd7d4d7dcbfdfba80ee291a6377724868167a89979023eec4322869f879d3,13.0,0.1387,0.9889,0.0241,1.0,0,0.024775982281448627
046bdae9ece7a639649db5fef9fe8f69f1371dc95fe88ee87109cb4e8283be4e,13.0,0.1215,1.0498,0.0867,1.0,0,0.06521362658348417
046c038342583d08492a26966c9dc433e3d4571365d46aa60a95f12bb6c56bc8,13.0,0.0,1.0,0.005,0.0,0,0.019980332496187008
046c190a2d637a36226ad0340b325e80e2b763791319c436be5bdced157dbc80,13.0,0.0605,2.0854,0.0415,5.0,0,0.026054717132321725
046c2753f717fe72a126dfb6ae15c5758f97c2dd49f9df8cbc78d400a1268975,13.0,0.084,0.6211,1.1641,7.0,0,0.5141410462773116
046c56beecc4e190d14a2cc438a57adb4a47ce794e1b852d709a2498160a1a2b,12.0,0.2727,1.7369,0.0205,0.0,0,0.11241861736972851
046c850920d64bec66d36e0288bc29c966a28605451300241c2135577a6ebe42,13.0,0.0403,0.0,0.0086,0.0,0,0.03981275249726222
046cd1a54d37a04946e2a982338c16c9b2361efa40833815cdcc3c914431e649,13.0,0.1575,1.1592,63.0814,13.0,1,0.833973531391627
046cdae6f5afb7f0a91560d5aba2eb4a4a8e470ded8a3cec76a9ad744e2b49ee,13.0,0.1742,1.3175,0.1665,2.0,0,0.30138164266985634
046ce56a26dccc106749f51ae75e1783e73c7d95820d211833b761b126b26469,13.0,0.1501,1.1997,1.6379,3.0,1,0.6796968823570352
046d20aa651a61b14dd944d818eb80fc34df791b5e22fac37e724a8b6fa069af,13.0,0.1722,1.0392,0.7865,4.0,0,0.4692811723549532
046d2d5ae7c70fb6a62a1732658e6b06cd493c8d9bc6748a092b58fc40d12ff1,13.0,0.2213,0.7817,0.7884,3.0,0,0.6045034870681129
046d2e47a3ff9280f53a78c172a29d3835bf5e9d74359382d95c3deddb425a59,3.0,0.1231,0.7547,0.5519,0.0,1,0.2695766582609775
046d303795851b3f761045333c374f17f09de3dce41fb376d2e104eed380c3d2,13.0,0.1897,0.9055,0.0855,1.0,0,0.18994420892287692
046d3874b725ce79377bff9ac25c95eace0f0ec256203b3b309caaea1f25bfad,13.0,0.1568,1.0346,1.2,2.0,1,0.5606518022951544
046d43bcd92484b25a36433cfdbfddb9820068911833dcd3e25e26a5aa1502af,13.0,0.0628,0.9563,0.0138,0.0,0,0.050631368698195664
046d58d5b145573b65fcc50f5078fe4ff20c223bd065c2d4f2afb61462cffddd,13.0,0.1629,0.9846,0.2039,5.0,0,0.35999229511015957
046d854523e76194f86b2ce0f932bf3768de175afdd092b3be88b0b1720a7503,13.0,0.1212,0.9878,0.0379,4.0,0,0.022558518369838753
046dcbc75ea3843def490a5b744428565256554914a57d2455255cc8074abaf5,13.0,0.0706,0.8735,0.0385,4.0,0,0.017846260121299428
046dd3e16f88d7872d5d8f6ab90deab7042b74eb69fe6f0a1dd647db6182b7ef,13.0,0.2006,0.8486,0.114,2.0,0,0.24425124689602687
046dd4c73ea587b343556e116fcfe2d959cc5542104da40ed0f78567e0bdfafe,13.0,0.1688,0.9939,0.1994,3.0,1,0.3478906545028941
046e170409675f36b36121c25417f437c5e2393423fd96b5a6d2ce464baf106a,13.0,0.1662,0.7864,0.0122,0.0,0,0.05573502805137008
046e2160d09d21ba6bbea55f8079ea5bf14c154612b878b1cd276ad39fafe699,13.0,0.0,1.0,0.0089,0.0,0,0.06958473545680527
046e2f59079d6b2f2e7d061516514d75e36e06829d0ac558e69aa14e2748923d,13.0,0.148,0.8961,0.0255,3.0,0,0.02411316957064931
046e864746cb97674fa2d6f8656a24ef6bca27fcafe88cad3cd58eeb9bdfdc94,13.0,0.1298,1.1915,0.0503,1.0,0,0.028555746238434473
046ee9c2bb7d59caf66d3c81c775934f3af6fe1635e05aae601ea584ef2a3a49,1.0,0.3373,1.0,0.3322,0.0,0,0.397426973968761
046ef06b4199e8f056ebd4b7a3d12840e92ba2416f852ce7ffbf00c1fcaa88cf,13.0,0.0,1.0,0.0098,0.0,1,0.07447578192254842
046f2728ab8f28f8bb11993ba4691f0ea5bf17ee00d32cae36da53d5d38d7524,13.0,0.1498,1.5616,0.0323,1.0,0,0.030017866250823134
046f6b00f65c26a857c078a838e93891d5ee491881e4e9aee4edc59c6cf4a41d,13.0,0.0961,1.261,0.0358,7.0,0,0.020358442252605316
046f80c7b40c52cf44b1ff9d45d609c72cfb768317f9be55e4b7a3c82dd1af0d,13.0,0.0197,2.6071,0.0184,2.0,0,0.042372864926870396
046fb2f1bd8d940bdfcf69e64e4eb6f617d8973e9b1d9949ddea4fbad4dc8c4e,13.0,0.1406,0.9489,0.3099,6.0,0,0.3543205681811931
046fe046637894555abf6e8ac2431510ae1014369a77c32a32f978a2b25f0f6c,13.0,0.3358,0.8704,0.0229,3.0,0,0.05470760794126818
046ff77ae9b828b610660c9aa63866bc07b8acbbeb3c88f1a6643f81008974f6,13.0,0.3766,1.1892,0.0478,4.0,0,0.18820092397066607
046ff9affdcac44ab885bca3054d82b42ca715e5a6b26aca5a46112f8a5e6ac8,1.0,0.2958,1.0,0.0367,0.0,0,0.10423918521714395
0470206778f926afd7333d18b5de02e72746c9302c24bb129b3ccf47b3add4ae,13.0,0.0702,1.3712,0.0336,1.0,0,0.030145244006568806
047022f5b1a9c0f7fa709c88e5da6ef2ba89b8e07c05fbe9a1072bf5ba69fba4,13.0,0.2106,1.5759,0.313,5.0,0,0.5955465588488107
047027afe3d52f23d5d4fce8e1be719a4f7ebf245da8ca08ddb849cd4ede7328,13.0,0.2344,0.4087,0.0221,1.0,0,0.044016585458488494
047040c0286a6636c7dc147b3237d1630c59e34a79e2d28fa24cc1fb76c0d6e4,13.0,0.2737,1.2775,0.2234,4.0,1,0.613854041400781
047054fa6ff8659faf50cca08c197da30dcb9c499ac03da2c9884b7603d93555,13.0,0.1447,1.0295,0.0121,1.0,0,0.026661356845295053
047062a51feece439cab27fcd7b438a5046f972731d8cab95e434ee8fb3211af,13.0,0.0,1.0,0.0075,0.0,0,0.022280945636023855
047074699d828197a821171cae1bc35823fa412d1ef6dd52f9a6b266429422e0,13.0,0.1665,1.01,10.1922,5.0,0,0.7491059402977126
047074ae046efa4f0d6ec46c437bf16b7d770e4149bc976cd3796bb5980f2dcc,13.0,0.1431,1.7001,0.0273,6.0,0,0.04098805799980505
04708afd38122f293d9fc42e7f55e503ab1c1835e8604599524a7dd2fc3c80d7,13.0,0.3847,1.2167,0.6102,4.0,1,0.7138513715523347
0470a0e5247f8e8ef65ee37cc63e4652f808934fc3f0a6766b6a48d05d7fabe1,13.0,0.0,1.0,0.033,1.0,0,0.04767295126663748
0470d63fddc6210a316b3afa9683bcca427b9a9206aa140accad4124d8aaad09,13.0,0.2065,1.4859,0.3764,2.0,0,0.5538428106611604
0470fcd228dded13ccf9d3596bd33f45de3d29202db05a6f29bf063b16a5dd95,2.0,0.2842,1.1494,0.2438,1.0,0,0.5393870140145715
047106edbd002a432602154728471eba4fae932e317cceb803f1449ee5e51fc0,13.0,0.1011,1.1223,0.0381,9.0,0,0.01976320667794551
04713b11d069eeb38456a4a439f31727d2339a63cc0cb1281a017bc1da5da2a3,13.0,0.14,0.9344,0.0285,5.0,0,0.01887365082782768
0471645bccdd4231e7625eac79412765df4ceea4bd570c9211514014583c6899,13.0,0.0,1.0,0.0064,0.0,0,0.020263886945132575
04719d71eaf44db0f61c897c539d6fba8dc5a962b8bb66ad99561facd688d0ae,13.0,0.0,1.0,1.3879,13.0,0,0.638214193184616
0471c2d49227e2d6be35c165748d501e77a56745a6c7e4c40570558071495c80,13.0,0.1669,1.0024,0.5064,10.0,0,0.4302387168001537
0471d2b26feacad8725a8d8b8465f72283cf2021baa9046d31ccc61262560cb9,8.0,0.4412,1.8041,0.3261,4.0,0,0.7826903238773868
0471d7854e74dd3cbf6c05d537966ed7ac190e0e9e1a8ad3db2bf97174f2cf04,8.0,0.2288,1.2677,0.3224,7.0,0,0.6123543805652814
0471eac16eff6228b1704c5bf5e908f8d44b927b52b604a2db6148464e7ada54,13.0,0.1742,1.0512,0.0393,2.0,0,0.04257451052978048
047219076573acab3fd42aa24532e8135ac6591c792de9d2cdb35409fc78cec8,13.0,0.0,1.0,0.0052,0.0,0,0.01978947117409603
04724ae36418004fc8b435ab531282ff1f18f6d0cbc87a19062e03ab02a2318a,1.0,0.2452,1.0,0.0049,0.0,0,0.050889362090052154
047258359016ff7eab31573c9ca79c65362ef98f53bb7724ce05ef72d03f62a7,13.0,0.1595,0.8947,0.0974,5.0,0,0.18170346198212944
04727ac2b1d29c58a56e20fd46ef061a398a3792019a54a78b22b6bf0825a9a4,13.0,0.0592,1.0322,0.0324,2.0,0,0.025464953249566342
04727f1c44df7f17cd78d577a9136191b95ecdd13cffbc6b9d55098fe1d46261,13.0,0.2128,1.1716,0.048,3.0,0,0.055932221973248326
0472a55a75e24ca8708e1c824c50b5aade5fef609d29e4b2ecf180d759268b14,13.0,0.1579,1.1213,0.2686,7.0,1,0.41722083526256265
0472ba7fc3c6e75c56c69dad6c984ec5e2ff6c1b1729c0cb9aa2083ce2ea1ccf,13.0,0.0,1.0,0.0059,0.0,0,0.021280478197017946
0472d40b29de75f102805a1d9658be7678df3fbf12b44ce9343d3a9b38121ff1,13.0,0.0581,0.813,0.0406,5.0,0,0.018596647628053135
0472e3f4f4c27a68b61906f1400ea5b82a4a2419678c30c05dfc40a7a057bafd,4.0,0.2619,0.9098,2.3708,3.0,1,0.8355102105602047
0473304bc13042779206c11e3c868ebfc2243fd57ae9952b227fd34322ca5efc,13.0,0.0,1.0,0.009,0.0,0,0.07006471872599379
04733a311782e0ac41b9d47ed070c8371e3664d4474573959a82c21e4faeba39,13.0,0.2053,1.4093,0.0096,0.0,0,0.06598000194817427
047353cb3c0f971965b8c4e6d0716c2418a79052890c694642ada48cf6a94336,13.0,0.1551,0.8648,0.0193,1.0,0,0.02243109364445224
04736a43fb37c94dc6bed9ec2258bbcb45e1f1fe0cb14e9fb0845e65bd991f6a,13.0,0.074,1.0042,0.0439,4.0,0,0.021106152873924814
04739482cc22323902b4e3ba851efd343a55a52820da6c116689949d56e8062a,13.0,0.1593,1.0782,0.0467,4.0,0,0.02672519566563292
0473a54093205014c537bf4044a8231d0dd04676b26cfcf41dadc8c2f958dd6b,13.0,0.1759,1.0145,0.0097,0.0,0,0.06116666199541268
0473b08a2fc2f017f19ea99b7c6245b8dcc5e4c10e92fb29d55cdd95fc4579e7,13.0,0.2056,0.6989,0.4466,3.0,0,0.5269072902328052
0473ef058f19b244597dfd57046783fa42b7a3ad8d8ea052fdcbcc90946c06a2,13.0,0.1402,0.7891,0.0484,3.0,0,0.0201484935659844
0473fc70ef52d9364b288efce749d001e9418d97f3a582da617911e9af499448,4.0,0.0,1.0,0.0146,0.0,1,0.07704350507592042
04740697ca0459d8af9683fce0ce734517811fcb64ce4eb492050f86cb7b81dd,13.0,0.1643,0.8984,0.0486,10.0,0,0.02919916485088801
047433e314d565f29cc0dd0d3d199504127a7f2533f199975b1e06d636d91918,13.0,0.0,1.0,0.0056,0.0,0,0.01978947117409603
0474500ffc5ea9d430cb4a4af09782c2a1c398282eefd26b7c4ab2a97333c223,13.0,0.0,1.0,0.0044,0.0,0,0.019980332496187008
0474739ead2c787e41b8e581a4218781f6118b79bb2893c7cfda2e08064e129a,13.0,0.2008,0.8521,0.1483,1.0,1,0.4706642715653342
04747e084d152fc9f48582fb26d9f7478627cbacd841439137fb598cc0d53bcf,13.0,0.1226,0.9899,0.0418,6.0,0,0.019212756094475845
04747e577e95104dd6eb4d27bece62a77beb5d7c25ee59780cb7d9d5e6051c0e,13.0,0.142,0.9662,0.0285,3.0,0,0.02266183955186626
0474829b954d79e23090d733571168ef5302b562ebd6bc1981bcde7285f4754c,13.0,0.107,0.2009,0.0318,3.0,0,0.017985503337314065
04749e0994364531305f05608e52c7214c8e0907d29a4e65fa0a23fe4e71cfe1,13.0,0.0,1.0,0.0142,0.0,0,0.07704350507592042
0474c0ee0bb101c9e9b3f1064e195f39c78838a140221896de2a66a529d8145e,13.0,0.1958,0.8508,1.4479,2.0,0,0.6690217129728444
0474c48b3b837e468513685c7c728d1c04c94a70198dec6319d59f93b35ffd12,13.0,0.1622,0.8988,2.5329,13.0,0,0.6999109146506822
0474f49435cfb31c200bbd7a6c10f5c5f5dd8657f12f4b0639857e7274310582,13.0,0.0759,0.6142,0.0223,3.0,0,0.01825330280427491
04751f548d6485ae80fe0c80ca5896990cbbc4ae9df6f54099e235440bdf3561,5.0,0.2272,1.029,0.4393,4.0,1,0.6146016753811365
0475319ffc9911110106ec5fe2ba0414ed98e1f1038c329f2d6d814b2b17b5c0,13.0,0.1934,0.895,2.1577,13.0,1,0.7866576604424815
04757c09747972db5160f883985480e013fb66a2be2bfd9cf2f487384961dc15,13.0,0.1832,0.8117,0.2112,5.0,0,0.4296466519440584
04757f305ec0e498d5e0b165940cb76370772f865441f87a7535e22ecfc2e9ab,13.0,0.124,1.2915,0.4321,5.0,0,0.3087782261495428
0475909096c15b95bb466f1c3893f3c536213d6a382663c5331141e683a445be,8.0,0.0,1.0,0.0078,0.0,0,0.03633201737750049
047591e893b709d455bb7be61110afded4da63a3764e57a499a5dde51ecc3382,13.0,0.1236,1.2739,0.0518,13.0,0,0.02497947746330766
0475a2a0ffabd7bfb7a9c1f7bea1aa30c39a723ec034e7500a98ede432287657,13.0,0.1904,1.1336,0.0115,1.0,0,0.038356754068627374
0475e9753f0b7da0add6c55cdb9022125eaed43aed4676dabdb04db94461140c,13.0,0.3424,1.371,0.2315,2.0,0,0.6204499224780747
047612a6efd8f893b322a6e1854d3685d0f62ad5fc45f0025926865756ae8a32,13.0,0.1181,0.9742,0.0417,9.0,0,0.021099923034624116
047655ccaf87610d56486610a28838daff573bf3052e21f7a64883470504dece,13.0,0.2731,1.0982,0.2228,13.0,0,0.5986452957152931
04765ad33d1fbede6808325ed7e8466cb71f48b169bd04bb1708f9fd62476031,13.0,0.1647,1.027,0.1324,2.0,0,0.21377743814292582
0476a2fe4aba57962d4913b5a4304902d5bb308f39f987e454c0a14e7af51311,11.0,0.2133,0.9856,0.1665,3.0,1,0.5566765938901682
0476a40909bc85fd29a111e1defa1d50cc7adcb574cfd3a60b5586c417fc73ce,13.0,0.2158,1.4467,0.2736,6.0,0,0.586810634781384
0476c901bff615e508d3cd31955342ffcc6cb384b98206cc5b2e4d348143a6cc,13.0,0.1315,0.9846,0.1942,5.0,0,0.26652700510097604
0476d0ac08d5a0a0f32431c26d9217ab4d947e3c2cefc3b87f6fa1c450b9b2b7,13.0,0.0,1.0,0.0053,1.0,0,0.0232289663352012
0476f1b4c616a0d07ac5306c0123fe241fffdb9b4d584fcebf280c41b25c45da,13.0,0.1572,1.1002,0.2617,2.0,0,0.39639497611221436
0476fd923bc1c5ded241389699916a1bb05dad6ef13e9551e0e75bdc058edec4,13.0,0.1684,1.3602,0.0352,2.0,0,0.03173516531747174
0477042abc15db072e72546dc0dd727f7a223f97034219a6ff401f9e60fadb09,13.0,0.9747,1.4919,0.7987,3.0,1,0.8043173688757759
0477074db4f773ffc3a6688ec5badd3a6f6c9f705c31ce60150e47c15c081586,3.0,0.1943,0.9722,0.0621,0.0,0,0.20535752970918064
0477607cba91d3fee36427411f2b84e32a19b5a4ecf934053546573878f76892,13.0,0.0,1.0,0.0102,0.0,1,0.07688026147883344
04777e30a7de9301da3c1ccc909a3b1036f9a2a5e65a54037157b2ece1a9f73c,13.0,0.1631,0.8959,0.5977,7.0,0,0.41834444824425765
0477d3119a4b3f1eabb99f0c005e085f612eabc697ec366b40dfbb398d8c7e16,13.0,0.3639,2.5828,0.1592,6.0,1,0.7338521107289404
0477e6386ab684ad6535ea834c2af74be6b3b7e175ef9b4b61f08cb0a01cacea,13.0,0.0,1.0,0.0044,0.0,0,0.019980332496187008
0477f3b1fa278da0dd3b39d292c9a4175ae186d2dbadfc8d6fdaead269364ab5,13.0,0.1768,1.8929,0.0078,1.0,0,0.032662198724277065
0478243eb834d229232b544747291f9ae0f5f6bb5f9ddb4569e1aabfa07bbb97,13.0,0.1394,0.7545,0.0446,5.0,0,0.018035953093307234
04787612a1a4ba8822cd83d1567cd672e0de4f27f5941cdc0ef60726d8c62b31,13.0,0.2024,0.853,0.0147,1.0,0,0.0321308357478974
04787c5ba6c8df61b323ac3ff47d6682d86c6bc38b5e654126a6e026b6be38c7,13.0,1.4962,1.3826,0.1113,4.0,1,0.6596118545994866
04787e9272e1e8e60ab6c718dc4a3ee0cb1535af1841fafd77811879bd7f42ad,13.0,0.0,1.0,0.0064,0.0,0,0.020263886945132575
04788360995c8afcb26918206ed836bec33e10471d1675c9dde39a19fed34c57,6.0,0.6971,0.7996,0.2569,3.0,1,0.6916343141286891
0478aec3ae7d250b03aad63a2cb0414abdd1a2c176a239363810ac16ec92197a,13.0,0.138,1.9561,0.8028,7.0,0,0.5116558730431202
0478e19dbd85101453a3e6c025df5c57ad3bdbced4bf46f099da5f481265f2f1,13.0,0.0999,0.9018,0.0273,2.0,0,0.019962959318243954
047921685939715792fa5404da8b0c3751fe76446d1d1ece56e0fe4d3d24c6bd,13.0,0.6968,1.1465,0.0148,1.0,0,0.07036581481376428
04793adcd7ea3d1e92b91d2589c6833a231a8cedf032d4e7ae72f0c8c26c362d,13.0,0.2142,0.6563,0.5099,6.0,1,0.5634178654910721
0479525ac9e55f6f9b5e358384f2bb3dbf35ed4a22901139ff7f708914a12bc5,13.0,0.1355,0.9486,0.0135,2.0,0,0.021369823954673028
0479b3bf7532691ca01b2719af6ab8e30185c335599d0761c21650f884b4694e,13.0,0.1081,0.9434,0.0275,8.0,0,0.020313881074309436
0479c652cafa90dce0dc351eded14b6d395ab358e8e797938439943b78711eaf,5.0,0.2639,0.9109,0.184,3.0,1,0.5942973764063177
0479d0687836d3d44507ccba4605bca09f8879aa28eaf4bdd5e772b6026627a1,13.0,0.0621,1.1385,0.042,3.0,0,0.020373772363705113
0479e2f5396c9f95d3b31ed58f409e6af2e48d12c0fc28fe4c155e6ec90877d6,12.0,0.3971,1.6347,0.0428,12.0,0,0.3012998112851012
0479e3c409161c85e06346c7b0dd8895501311705f8d6db494124630922789dd,13.0,0.2092,0.7473,5.7612,5.0,1,0.83315627379368
047a109aa246dfb8e0803756c141aa4a6be057a8c92285c5b7e5982227e410aa,13.0,0.4201,0.437,0.7098,3.0,1,0.6785981381783336
047a2b6a7aaf893efc5cf100c2846e98238a96fc9baf87dd590ef5f49df0dc33,13.0,0.0,1.0,0.0057,0.0,0,0.01978947117409603
047a6a63189f69d5578ed54e84f8dbd1538d995a411d6bc4534f664623026d2d,13.0,0.1215,1.065,0.1248,4.0,0,0.12839878067236266
047a74ff1cbbc14de5e5c33e6fd2e690173732f6072089ed8c98f8b4199e20b7,13.0,0.2441,2.0362,0.5983,11.0,1,0.6158739087437359
047a7acb6a0771b39b44ffcceca71e0d7e721d8ee91a2153b405940158582269,13.0,0.1505,0.9296,0.6796,4.0,1,0.4314911066557038
047a7f9e5a89e989a522b502c7a9c219287e2835751cecd0f1dec890ad33c105,13.0,0.0,1.0,0.0043,0.0,0,0.019980332496187008
047a8b461a4694e1498d94255c8e3933fd2ee1956f5d2fdba03159971c908142,13.0,0.0991,0.6388,0.0564,5.0,0,0.041109387336435814
047a9acf7894857c1dab1331707f680d703bde88d2fae11a3cda8e8b123a146c,13.0,0.1414,0.0,0.0109,2.0,0,0.024583286806177322
047aad366cb65bdaab891ebf95ffb736d08969a90aee5fecc6218671b9448fe8,13.0,0.2768,0.6611,0.0294,2.0,0,0.04652080786876384
047ab882c606da7e2881742bf582c8f8e1554fa7cbbaa0612ace2cf344cf809c,13.0,0.2582,0.6476,1.1946,10.0,1,0.6526215128987408
047ae4204d1cd40e96cd2020430ba4215c8ba2ad916e5c900cb0fbbeef836670,13.0,0.1255,1.1036,0.0368,13.0,0,0.023623610276653148
047b0f34ef80331955ed4257b0e98cc376e2be2234565f00e376783f3952fe19,13.0,0.0,1.0,0.0071,0.0,0,0.022280945636023855
047b4ab6f6dbed0eb18036b0ec35b6a33dce01300f62acbfb7b9561c3c40bd0f,13.0,0.1091,1.2212,0.1761,1.0,0,0.228683699400173
047b567967ad81ae1ec2936e7943a19085564d486c002fdc1b09dda8a3193ba5,6.0,0.2136,0.8854,0.1091,2.0,0,0.2836536781066978
047bd7b0a4f657bdac2e9b9fac198b767e924bc43b20e8ed8b90b684a731eebf,13.0,0.2789,0.974,0.3202,5.0,1,0.6117403930129626
047cb4df53928dc807a25110305c793e24db6327ab5105b04fa49b589bef7ac7,13.0,0.1344,0.7619,0.0466,5.0,0,0.018006967586060855
047cf8f19fa274f249b474f5ce1355cf5673db54f413559e847f2573aa59e183,13.0,0.1295,0.0,0.0076,1.0,0,0.015008432031860388
047d016cc4d233c799fce5770578e232e258fa4a8320a2a7670b7fc9945b867b,13.0,0.2308,0.0,0.3337,4.0,0,0.5600727327898076
047d035251455e0aad55d2e4351e3a64ec659537b8f74e75bfc6cfd84401de06,13.0,0.0225,0.0,2.9438,11.0,1,0.806952195780296
047d0a406fe695323acbb4f41ce4b6946cc8d9a3a6e8574f4a0a9f375ce3bfee,13.0,0.2409,0.6807,0.1404,1.0,1,0.50838956955639
047d3c9932c7d96fe4898a693f33debadddd5f7f7045a58bbe2e9ef704af4a9f,13.0,0.186,0.8952,1.2137,2.0,1,0.6015373100854977
047d44945b3e388061abe0181727896bbda3e52d78a6ec05974bf323296a67d6,13.0,0.152,1.1122,0.0315,2.0,0,0.023107033572628083
047d665118d608b275e56f90d80a696d985cf79f97a3222982821ac0f21f7829,13.0,0.0816,0.6678,0.539,1.0,0,0.20947629860386102
047d6f9e49ee4904d5f35d4b59d26c4f0f51562d6a270bf303682b93b71b3756,13.0,0.2808,1.1982,2.5461,7.0,1,0.8224765971863282
047d72e6d03b605bbb12c91434268ca921873e9af1d11775583b186e0ab1fc9d,13.0,0.0986,0.0,0.029,7.0,0,0.02346086330762959
047d84edbf769a0f1e815f5f2874fd4c3bd404ca9b93aeab885986b81d41e077,13.0,0.0,1.0,0.0051,0.0,0,0.019980332496187008
047dba27707b8f67650aead7748e554c047b9900416e9c5dac6145cdc55e8bd8,13.0,0.1959,0.9992,0.0509,3.0,0,0.06329167114271281
047e0529189a4c0ce3d259fad4a9bf4770814137c1ab0d9b52cf2ddb23a72724,13.0,0.1029,0.0,1.4796,11.0,1,0.6560416059864442
047e65e4600b912be71d342fd359d4caaaacd8b634f3923e1801e04f3f3a767c,13.0,-0.0023,1.0,0.0376,6.0,0,0.0305236707806902
047e74f25250770334d3dc80320958b58cef9204341c7e695275988f5acf18ce,13.0,0.1398,1.1692,0.109,7.0,1,0.2880445128778401
047ec06967816b92e099217b12fa945ae697803816b578263faee6f6c5210268,13.0,0.5145,0.5806,0.6053,11.0,1,0.7235653437777448
047ec9ec3d81f3d4235ad10b110356b339982f242b433b19575a4787c0f34088,13.0,0.3502,1.0275,1.0313,2.0,1,0.6336056254753576
047eef8e813b25b84b89222efd73f63516597e9a3bedf46c51d1ef6b91467dd7,13.0,0.1676,0.9919,1.8518,2.0,0,0.7141212742493497
047f001b38eb2032954ac0672d58a45dc0ac157106142c6bae5f7218747318f7,13.0,0.1215,1.3908,0.0328,3.0,0,0.020499825256152668
047f23c876b94d02f1425a6b343e2c2d32125d2b56e792281f5a0f63bc7dbada,10.0,0.5959,0.4434,0.1912,0.0,0,0.3465878118697918
047f381a567a327eccdd6c48f1b869dd04017eb662205238ea98d53ba800b621,13.0,0.0,1.0,0.0053,0.0,0,0.01978947117409603
047f39e42baacc699898b8f71e1c6ceee03566bb30d32ebd85a4eb2fe89c5af6,7.0,0.0,1.0,0.0147,0.0,0,0.07704350507592042
047f5bb5ac868238c743ca154bac9122de69e169a2e689bf8b4b7786ebc55c15,13.0,0.2092,0.8661,0.2137,2.0,1,0.5383300560968048
047f7f25ce47347339cd8e93e9c1691037390cfaea1bd3f122f088b45b6f98d8,13.0,0.3773,1.3852,1.0636,3.0,1,0.7408288249196585
047f8d006788bb41b4443e722d9d3a4666ecd8124c53669c9df9df742dc0c9ff,13.0,0.3362,0.9404,0.7367,4.0,1,0.6702124724056243
047f933cc315863d85a5a5439c43b26dd2fb1427bcd137f3279e10b480c6aec9,13.0,0.1123,0.9865,0.0328,4.0,0,0.017738846925041817
047f98a826ef8d89b96e1cea2e61123a5acb51817cfdcb0fc613d63cbe360942,13.0,0.176,1.0769,0.027,1.0,0,0.03073199230149455
047f99ba8cdbda512eb39043f49a8ae58b7443251993b6460e13b91414d2b517,13.0,0.154,0.9319,0.0283,3.0,0,0.023390657968002916
04800fadf787a71307f280cfaca994725a972b5de5c566b04daa7ab623221398,13.0,0.2715,0.8483,0.5425,3.0,0,0.593468280128371
048018b2158dddef2e58e3b9360c5714def9a9a5019ab5dc5c12a41c2456cf0a,8.0,0.3183,0.5391,0.5745,2.0,1,0.5603902714526056
048039f4cb1d06ebc4e943c7405f60b14a574368021a00aca8dc843f20897b7a,13.0,0.0,1.0,0.0073,0.0,0,0.022280945636023855
048057d08d52903d0b88c7910aea81aa849dcd63eb9433657ef69de6959ad38e,13.0,0.3641,2.2043,0.883,5.0,1,0.743653396583971
0480bc7f3d939b98c6498773f3b231fcdf4cae41093cc30d6c59aa8d61acaee3,12.0,0.2305,0.8198,0.4431,6.0,0,0.604459531554927
0480bfb46455927e9b88a0ae6ab22c0eba8d16f5cac0b4cc82a3743442289f8f,13.0,0.2767,1.0157,0.1207,3.0,0,0.41866370644231565
0480d055fd8041ca02e6ed85e9e1944cdb74026ccd765badc6c158665a6ff2cd,13.0,0.0709,0.9092,0.0271,7.0,0,0.021017053305481828
0480d5b3f2e05d2463ac1228348c92e5048b707b4a9dc9b644fd2ce35cea700e,13.0,0.0375,0.0,0.0042,0.0,0,0.01569832901850119
0480dda3a8c8c122a23fb9bdd18afec83f6b7ee93afc346071c15c95558f6995,13.0,0.2274,1.3241,0.2009,5.0,1,0.6125549679581159
0480ea57125b76e01a2ae0c53ddeeabe3814fc689ecffdfb89f16c54c7f700f4,13.0,0.177,0.7558,1.1653,7.0,0,0.5934556839754894
0481010e3ede061be6d135f855163be53eac4eb9a8c5ad25c8ed7d6bdbd8276d,7.0,0.1445,0.8681,0.0314,1.0,0,0.023087126166432638
0481098ce2adcc496d370f202d6cfaa6d2030eb1d016c847dadd263dde82c83a,13.0,0.3391,1.3923,0.0681,7.0,0,0.2976445134348001
048115ce9b0df85dcc1a23b39e0e2fb0c931e1b3b40eebacd08e2d4197472435,13.0,0.1666,0.8949,0.0165,1.0,0,0.022485500867765316
04811628a9d88c333c866dfd0c6f777066227e53267eb6b3ae7cc4346454859d,13.0,0.0129,0.0,0.6563,10.0,0,0.26344311413606414
04812cdfee1a92b2879788958b261fc7e92889034d7b7949df4337b9d2b494a1,13.0,0.1444,1.057,0.0257,3.0,0,0.02378436010589583
0481419bb58e0a502e1066a149b4734c5da74e15a402e7fc2d8b407c26c7c30f,13.0,0.0848,0.0,0.0056,0.0,0,0.016543379783868096
048148c8ebcc862d2b8d300f221146f9926920e64894f76a34184e77cafa983e,13.0,0.1572,1.0151,0.0381,0.0,0,0.10460517809048119
04816467c96499b958c6600235be8c4ea99019cca9a2c38bb5275feddadb6019,8.0,0.3459,0.725,0.817,5.0,1,0.6751702431726465
04821e819b0c6b5aa1f2ae041900844ac18b6bed59b3bc2c01e846a6859dd3cf,13.0,0.1335,1.3449,0.4871,3.0,0,0.39520825672237014
04821ea0f628a5b2c81f7d1cb5fa033e8264ec57f5d63d713b28ca80b201f62f,13.0,0.0598,1.7085,0.0387,4.0,0,0.021378252148931506
048227e0362e19456f95d24daad7112886973844b8048253be8f74b92e00670d,13.0,0.1497,2.8401,0.3763,8.0,0,0.509164328161188
04828c8d130608076b65882cbcd7708d01e2255fa093b4ee6b90d48e91c2b72f,13.0,0.1392,0.5727,0.0903,3.0,0,0.08387276689263434
0482c77f031c6c1c9b0d319fbf46619e052503ebbba8d3264a6b8803b3b8db81,13.0,0.04,1.1973,0.032,3.0,0,0.020556776984864245
0482e233dab33bc8e7f90c6780c39079cea5abd529f1de8f2e26fb6023cb4c0e,13.0,0.2724,0.6756,0.7481,2.0,0,0.5506269619184079
04830cee1052cfe584ccaee6dfe104cea6932b0fbdcbbdef6ef87ea52d0916ea,13.0,0.4576,1.4885,0.2317,2.0,1,0.6542726949059459
0483132931b5dc0681bdc4fce0e06af0ee34bc699a24e52428b9379894c3b13b,13.0,0.3374,1.0802,0.6945,9.0,0,0.6581177861070842
04832a28844b31a5857330ffd6de41ec1b9b5e691b7058f30b37466d033c4d17,13.0,0.0731,2.9331,0.3512,10.0,1,0.4055497220416287
04834483733a7ad3d5a956c4534b1d2eb493194b249acc46a04a53dd635ac593,13.0,0.0792,1.8091,0.0503,1.0,0,0.05374180426942884
04836638a304e89d3a129f98e27549983580a164ae6c799b6cb8999ac5b5c5c6,13.0,0.1467,1.0658,0.3678,4.0,1,0.4320925050588027
04838e50b316dc934c5fd63a0d505ede9dadac8732a850468344c2c7f9b0112f,13.0,0.1383,1.3667,0.014,2.0,0,0.022926587981873033
0483b556c55f17203c0f25ca719cce0f91ff2a27a3d1e26eb17726f3b6c575a0,13.0,0.0,1.0,0.0054,0.0,0,0.01978947117409603
0483b59d52e096b6601d861ab00de47f123be93153ce2c5b2c7a75157ef6c011,13.0,0.0064,15.1327,0.0208,2.0,0,0.24596442473254865
0483bf6de405051cc42aa560415e2b9b9243320307ba1d23bc9fa1108dd08931,13.0,0.0,1.0,0.0057,0.0,0,0.01978947117409603
04843b14cd194e166affd5979b8be56b1724dc2464b67298ba414c1f6b1173b7,9.0,0.3633,0.7859,0.8275,3.0,1,0.683365013075842
04846cb681f6b3b8351fcb7f346679e202cb0ba8658cff358b56ca3a4392cfa3,13.0,0.1787,1.7746,0.0418,5.0,0,0.04997136148508299
04847497ff36566befd65b6ef303bfc0b8bc3c7f4aff75c81d4fb335f4faa83f,11.0,0.0,1.0,0.0241,9.0,0,0.034848996641416025
04847c82038b29726693b890f288dbc988b2426bbea7f88f6af4330b5450bf80,13.0,0.1067,0.9202,0.0302,6.0,0,0.01722517647108844
0484a9ddd5ed3260d354813e832baf5d22f5baac414000e9529d93c37eb182bd,13.0,0.0944,1.4019,0.0272,8.0,0,0.02107136846549762
0484c8c0da37627b3d13537a82917c56c6a69e33e3de3c9f8fa22794a0a8b00e,13.0,0.1207,0.9123,1.2562,6.0,1,0.5606668669582957
0484c9ec8ef4b1668cc4fb24039f1dfd4a3ebb76eeec58cde193e66186162a50,13.0,0.1164,1.0315,0.3275,10.0,0,0.27097007492429176
0484d9468407b625d49875bc87c6986734db0fc40abdee3ef4562f134a0aa034,13.0,0.1769,1.6844,0.0453,1.0,0,0.05120894942031437
048504dde4a604cc525cb665ce03654c617ac48561389840c56bd01b3f81aed8,13.0,0.158,1.0477,0.1743,13.0,0,0.35306077104872663
04853439845bafc3d838d34dbc1f617b8575b7d13942b07e1e3f214670f617b8,13.0,0.0,1.0,0.0059,0.0,0,0.021280478197017946
0485c6b208fd77e32f40b05cc220890056d5003ee7f604e90acad4225950d9d7,2.0,0.387,1.0731,1.9332,1.0,1,0.7328216122914759
0485d0cc64b4b79691424baac939061839e88d89a3c6192d99e606ed8969f0ec,13.0,0.4717,0.9004,0.8012,1.0,1,0.6494168684423623
0485e52fdda30fc96849a79008204da6c25fdd031babbdaf577ead9594830c18,13.0,0.2335,0.9909,0.4365,9.0,0,0.5961429365242267
048600fb9bdf789d26a6f5d87264f91e53482ee9437ba98bd1eb74211cd5b652,13.0,0.7879,1.6424,0.2141,3.0,0,0.7303449762484421
0486801c66ee141c82bac990277ad551d1918a5b2e51dc1e3ce5c7ea3407a8f8,9.0,0.1752,0.9714,0.2475,2.0,0,0.35336520777856184
0486a08acdd07f8d7c651f1f479a37aaa45909e70ef62177a8a43cc1df7b87bd,8.0,0.6405,1.3661,0.1259,4.0,1,0.6817027169623381
0486b701d66bbe9a8bd73c3e4e9438796d9881ced11ae7851e8de7309a8aef0c,13.0,0.0,1.0,0.4829,10.0,0,0.2838873399085123
0486cac72f4856dd9487ed0ef1117a386f3799b884cd3385d6e96c448a34b8ec,10.0,0.0228,5.0922,0.0651,1.0,1,0.46911851584106024
0486cebf685ab65218b48cd4c6734ac990c9fb6ef0d39cf1563ede8147002544,13.0,0.4541,1.4338,0.0959,13.0,1,0.5744270107206313
0486e7b4b71a60d14d15421f636568cba7faa254fea2767caadc5a19fbdd9b52,13.0,0.0925,1.0286,0.0176,0.0,0,0.05526002408923605
04870a62c00bef84c2739940faddbe43d178193fbc6f55a838ac1656d4a071e1,13.0,0.1446,1.0979,0.1425,12.0,0,0.29034136575828134
0487106d4e1f96dac9ec6d45a67d7bcd68196424bbde0d8d6aaa16e252ee992d,13.0,0.0855,0.9364,0.3573,5.0,1,0.2424109500038906
04872211ae7b70b8fce2fbf8f27bca850755828d76083b266ee4bfc9d44fce0d,13.0,0.1503,0.9562,0.2513,4.0,0,0.3660704514812679
04872d6840cfbeb61cb77b4e70e82f6b49ce844ef67139f57701b7ee3fe5e0d2,5.0,0.3224,1.0641,0.1768,3.0,1,0.6319802975648507
0487338b69e31f9b1c157eba68ce821dccc9d89eba102c7c6c999601fa0375ce,11.0,0.2382,0.5969,0.3599,2.0,1,0.5135529867527634
04875e77154f4860cba2d31fef2673c573c3a3ba2c424af6f6d4950c1afe7f18,13.0,0.2009,0.8926,0.0109,0.0,0,0.05927131552697602
0487baa91cded6951bf2d5a8e69e6e42e23f0c692ea460884be891dfbf0f02d1,13.0,0.1564,0.7653,0.142,1.0,0,0.23313388618188952
0487bdcbda4e7bb9ae4f79a64c1b8bde869f3d1f230b7783e700fdce6fa401d5,13.0,0.2666,0.8274,0.2881,4.0,0,0.6126803827471189
0487c67443b0add13b0a937011ff32b9025eca7a5848891bbfeb72447a0703ca,13.0,0.1367,1.1145,0.023,3.0,0,0.01969643229537755
0487c8799d607c6f814c1899faece83e7a6da91aaa9e89077d14f41dcb165eda,13.0,0.1379,1.1903,0.0447,4.0,0,0.0199319256552612
0487d1b3dd5075e9c0143ce39548c03d18dfaeb0c5f1c5fbfa9d46932dff5809,13.0,0.2558,1.1654,27.1823,8.0,1,0.8421227873147865
0488187b0c0897350ebf08340fc4ce59711e1ee56c90bf24a42e948fdab84433,10.0,0.1801,1.605,0.8091,7.0,1,0.5610941295806476
0488380c1e11c36d10dab522faec6597f56304c0888790db8acbce24270b5ced,13.0,0.2971,1.8191,0.1937,4.0,1,0.6901313986998571
04886d7e2c708ee358c5aa300b53b1d4da1fb90b28b9281e29f6853a8a1d7294,13.0,0.1208,0.6741,0.0401,3.0,0,0.01910039275549358
048880536dca55a7ba53709d93dcf404b58ef18ad386a698e7e0fcc6295691d9,13.0,0.0999,0.7916,0.0226,4.0,0,0.016282722847492548
04888cc316a98f0d0d40d59e929d30e03e34f66bb63a696284d499d3a7b6471d,13.0,0.1581,1.0233,0.0097,1.0,0,0.026716514541423195
04889c51e2b5d996517943eda8a51acbd1c8f382938c624449d90aa578656df0,13.0,0.1987,0.7769,0.2732,5.0,0,0.5146645134307909
0488b85892b97dac0d07b53cf4357612d839ef4916f63ad76d9fb1709afa01bf,13.0,0.0957,-0.1285,0.0547,3.0,0,0.03206081089280702
0488db201314da4161d2acd61bc02d23ff65067a73945ca39e27b91efd66facb,13.0,0.0781,1.7666,0.0649,3.0,0,0.08913470059268563
0488fa265f139570931f5602322cfbeb3848f91912e3326bd57762dfbc8f0054,13.0,0.8532,0.892,0.4526,5.0,0,0.723299676197745
04890f18c8f53e2e5b8de0e24e0cf116b45154f06f9140706f41f1108c76acfe,2.0,0.0821,0.5981,0.1123,1.0,0,0.08514090085988511
04892bdc7d84a3d457fae9f8330c89cd423420f8fd5434e127258eb4a8940cd1,13.0,0.2281,0.7684,1.2019,13.0,1,0.6529044583044006
0489b5c969eea224c0df56d0d2ac70af2aae6a3d7e5869e01139883974ddddd5,13.0,0.158,0.9908,0.2005,5.0,0,0.3563918482420963
0489c5ce0cc83266b048f70bb8f20295b398d6487c184fe2f1aa8fc9ac0bfa04,13.0,0.3687,1.0145,0.0216,2.0,0,0.052306415488737636
0489d80750211feff7e5155067af7bae495712436c344a72aa281ae3d705f470,13.0,0.3095,1.7791,0.0305,5.0,0,0.1533816448121022
0489f952e1f0b60a01b28ef063101d1c5d459fb770e3c8894b4385040c560c24,13.0,0.3056,0.4774,0.0679,5.0,0,0.19808064496089794
048a50a56ebc92f9db362a893f9dc56bbb6608f47cfa1f9ffbf2a0241a1778bb,13.0,0.0,1.0,0.005,0.0,0,0.019980332496187008
048accc49472ee9c0f3e6e385fa9c678301dcc740947ed9cb7d0b834af34c5ad,13.0,0.173,1.773,0.5494,3.0,1,0.5375826967474602
048af8815aeb561038c72be97671cb67d9b1c383e0c5c3d8f7510ea1d10b9861,2.0,0.3716,1.1477,1.1617,1.0,0,0.5696238763905831
048b1ce5d93297b488cff40ace6ba95a7f1da621ad07bde848a8312b6f3b2d6e,13.0,0.0484,1.3339,0.0443,10.0,0,0.025705483163031673
048b63115770558022a084909a67b5c7d1d3113436c5535b091c92d5248f9f59,13.0,0.2171,0.802,0.0229,1.0,0,0.037643870351307486
048b69693d959f1c5f3d1c68da9ec434a3c076e6e98f5911fd79c0e71055552c,13.0,0.0,1.0,0.0151,0.0,0,0.07704350507592042
048b9e0346841336c410e6ead4ee7a00f07725300bb987962ff8f1ccc6c761d1,13.0,0.0,1.0,0.0053,0.0,0,0.01978947117409603
048bdae15f1c2ab39ed90dc45898b223f6cf0f0276cb0910580d61cef231e620,13.0,0.091,0.5243,0.042,2.0,0,0.01979932118321445
048be304ef4151a5cdadd471036886cdf9cf9a41bb01d67fba391d7e973af6a5,13.0,0.1602,0.7865,0.0218,1.0,0,0.022373140634056817
048bede336204747aecb6a9e6a1f5b95ad0fd918ad9231785e0a77ea391d99fc,13.0,0.0,1.0,0.005,0.0,0,0.019980332496187008
048c1b968e9ec92109eeea2a292053db793dc5678e023a0fd72ac7f82e16a872,13.0,0.1884,0.9207,0.0193,2.0,0,0.02981382644888787
048c2213e7afeaca5bfffcdcd3d3c10cc54f8cdce15ad9838cd532d80d0d3259,13.0,0.1385,0.9103,0.0359,1.0,1,0.02283061270155067
048c40c9f0cf56814566c549da80b6c59617be766862383273d641a2d2d32361,13.0,0.1862,1.2358,0.3388,5.0,1,0.5025476990160791
048c697c8392b3060682a645c1a9b7dada6b840dcdb0dc65fdfea9a61592cef5,13.0,0.103,1.1616,0.0406,5.0,0,0.018310341443741347
048c79228668e4a911eec84405965b58caa02527aae2ce75dabc45c57f8cf0ca,13.0,0.1,0.8827,0.0288,2.0,0,0.019962959318243954
048c7cb32dd0ed70029e2ade8b325c7d3eb676be16fc663c9342573e6cb259a8,13.0,0.1286,1.1147,0.0425,6.0,0,0.01898805673680797
048ca45510357cf0bd9bc17770b5f4a2a152bfbd707ef22366a4dcaa6ac2e304,13.0,0.0,1.0,0.0052,0.0,0,0.01978947117409603
048ce481551c4145146be6064f1b10970f3764ddd48adcbff63fc5f503577c8a,13.0,0.1655,0.8646,0.0225,2.0,0,0.021574547494274315
048ce8d42a6bd6725a433a4d119a17bb7aa6b6290085a87dbf6afe48baa4d64f,13.0,0.1243,1.3343,0.6095,2.0,0,0.3081284394116072
048cf4f221ce65e71776acf37d4bb7c2c72f09c60d3bdebfa1c6b16d8aa2ec41,13.0,0.0,1.0,0.0102,0.0,0,0.07688026147883344
048d1231c5e51d7273c8e1a15cb6e5ec485ec655242a33d6d3b01483b6f8b40d,13.0,0.0664,0.3781,0.0336,7.0,0,0.021017053305481828
048d8df0dc39913774efb907cfe5cfbb703887f7c1df4032e841f27c8be31ea5,13.0,0.0,1.0,0.0052,0.0,0,0.01978947117409603
048d940310dcc30bdafd0a75ee360d097ffd1a453e2e8ff94727e33e044a0d14,13.0,0.2555,1.1036,0.2371,4.0,1,0.6066202372203151
048d9520887bb7f3f76b82a0cfd80e39e2252dd8136e479ca071b97829fa8321,1.0,0.0,1.0,0.0044,0.0,0,0.019980332496187008
048da8904d4db592a4dcea7319a80d4efaf7b04926b6b16cf5e7055c9a5a08b2,13.0,0.0,1.0,0.0059,0.0,0,0.021280478197017946
048dac4fd7a1b7573f17cc7a53450269dc0286d062ccdc3b7260afdf45d9488d,13.0,0.0644,1.2618,0.0253,2.0,0,0.022338433228647814
048db47852d2c0abb581592bbc8c61398e282123497cf636b576b8d09b335ab2,13.0,0.0,1.0,0.4024,11.0,0,0.3016847811888271
048df09f1b9ab6684a4b26ac0dc17e68b5aee6d9a8b23cd5949773ac2918d0fa,13.0,0.1592,1.5856,0.6037,11.0,0,0.5466660599029014
048e0c5ee69c76c9de598d252780e0b78f6dfe733412167509b90c4ffc4ae2fa,13.0,0.4183,1.2169,0.2017,4.0,0,0.6733828232481801
048e7bf704490d869993609a0547412b64054a66b57c669cf324bd583ebd82d8,13.0,0.1207,1.0867,0.0506,4.0,1,0.02204783925522257
048ed7198e313c02ad6e8c26df2daa8791960feda73963941bed47cac90dea5d,13.0,0.1387,1.1023,0.0503,2.0,0,0.025038116534744706
048f2c52489813e8553dd58b58fc835968000414a2ab8e969de6c126828542f2,13.0,0.1047,1.1439,0.1381,4.0,0,0.14835286965160452
048f6d5b8ed65c930ad1363a0c5c2dce5ddc3d917a7cb0e764eabef9f5d7844c,13.0,0.0555,1.8337,0.025,1.0,0,0.03744284457371958
0490290e4a14421aa9e57e7ca65ae6847686ed85476bdf92a980f2597b18a6ae,13.0,0.7663,1.0764,0.0512,13.0,0,0.2765738149231354
0490433ee952ff34cbb42e2f3655d250037af71ce38c241c26c7343bc42ddc72,13.0,0.2581,0.0,3.6057,13.0,0,0.8526381748772738
04904c4783c9a0ad6375a2f0d575a65b2cf8271d3e5e29de4dd1b7c16e6bce6a,13.0,0.4365,0.9557,0.9012,4.0,1,0.7267714038264164
049068e343beec897b6729d6e838c413371ad74f8e2c752dd3f4335f37cdb657,13.0,0.0,1.0,0.0059,0.0,0,0.021280478197017946
0490802095a8673f954cfe54f4ab42d8ecb159b9e6541834914dbd0227c705ad,13.0,0.1132,2.1555,0.0072,1.0,0,0.03144848884543831
04908c226a85ddd5f7e070ca8b285b9346975f869a2f50b96376918fc300b5e0,13.0,0.1459,0.9797,0.0511,9.0,0,0.03203383140687824
049092a07f61b5ff5d118df85d2e75779bc1ea50496026a80e7bbf918cd05d59,13.0,0.1691,1.1343,0.335,12.0,0,0.45118444436715194
04909f540359312cc917c51f51e15aec9a35b9fd4f248e0de3085e44e1880454,13.0,0.0,1.0,0.0076,0.0,0,0.022280945636023855
0490d8a0dd0055b4f682a6551523ef17ef2ef6c1529de7d7af5dac1ec3880166,13.0,0.0782,2.4134,0.0181,0.0,1,0.09715971385707733
0491093a1296ce833a086e11f611cd5ac5b43c66c8ecfb89abc1c9a50f0c60ac,13.0,0.0,1.0,0.0077,0.0,0,0.022280945636023855
049111ae4188f55543705687b1187bab72a26a70440deb37bb90167eb8f68299,13.0,0.107,1.3726,0.1267,1.0,0,0.15435167410536244
04912846c0104e7abaa04333f765afd08a0b113f1a7184c75acbc1c6ee5cca6b,13.0,0.0482,3.3148,0.0309,1.0,0,0.06313997258694637
0491303f697bec914cad892881dc5dfe2758114ec76ad3f299d6a79fef4822c8,13.0,0.0551,0.0,0.0071,0.0,0,0.0173542414069296
0491460d8d0de7a9cef18699f29c26b7a703306b2ed77a6240a86f113527beb7,13.0,0.6529,0.9727,0.0846,13.0,1,0.5005731146107645
04915525ba87745017932a8e18b9793814eeaaffda89e37020a3df1bee53c51e,13.0,0.2615,0.7985,0.1609,5.0,0,0.5949563125946116
049181af555760a7c7756d3a7aed524cfedcbbacda93dadfd6ab9ca0abd7cecc,13.0,0.1499,1.0426,0.0596,5.0,0,0.07939519377570937
0491b372ae6cc4c9ef347561b3a82d81c0d00bc6579e9efa70f7fd29fead8406,13.0,0.186,1.2217,0.0227,1.0,0,0.04231689714609755
0491f3b7ec2cb38467409c3ae1dca35d3fc8ca28f3b0683a03f45454d9136677,13.0,0.1582,0.9162,0.0561,3.0,0,0.08472575732076956
04922f2c1927a43d670f3e5b9919d536ad99e11ecdcff47f0b1cf492917c9d8c,13.0,0.235,2.107,0.9391,4.0,1,0.6422915011102591
0492481e26e7e4220f3ede1fe7800bd6e76de6b84f8dbe8b35d9e184f86b1c89,13.0,0.1553,0.9083,0.0275,3.0,0,0.023390657968002916
04925c0925cd18b6a1da043c8b0b4c7982a6a180f20bf8ceb782f710bd4f47e6,13.0,0.0,1.0,0.0067,0.0,0,0.02219398911428473
049289e73f3de8b4920cf5625d887a9a7661575af0e03ea35e47868bebb347bb,2.0,0.5573,0.9534,0.1848,0.0,1,0.48922878295877953
04928d562b55b4a26ab0ee68e7d902e772a338e46262fbef305dfaa12c3f5134,12.0,0.1849,1.8423,0.0152,1.0,0,0.05057099839113196
04929a9732da34c374363db52cf9e7fafed94d59ee18f7e43b7e7b67ca035e2e,13.0,0.1479,0.7487,0.0151,2.0,0,0.02240250185857255
0492a7c76a7c518822e546eb599e9e31b13760811773ed22f276241dd9413373,13.0,0.1129,0.6605,0.0445,5.0,0,0.016864388474585667
0492b603a9f4d518a97141ceee31836104e0f997c0ec7f57fed4e6224fafee9d,4.0,0.1455,0.8722,0.127,1.0,0,0.18665928339394494
0492ba244142f598f9a5cc9fceb2e0d65f76c72e4382be5f410dd483967c3851,13.0,0.301,1.6218,0.4256,3.0,1,0.7237713784169211
0492e99898dcded27eaf1932b401f49f93a54dd624c4e287e3dc7bfa0d8bc28b,13.0,0.2066,1.3206,0.1211,4.0,0,0.3585867592639763
0492f42aeed7fb86570c35b1f7843603031b18fa242168f53d7048cc38e2ccfb,13.0,0.1883,0.6437,2.0482,4.0,1,0.7930839874467652
0493111cd3b0e45b5d1564e36952aa3bad7dba85e3d51382939e816c8c2385bd,13.0,0.1407,0.9878,0.0164,1.0,0,0.02473687432978944
0493116425ce69c9c210aeb1281f862db1b41b1c2b4886e8fce636460c4d831d,9.0,0.0,1.0,0.0072,0.0,0,0.022280945636023855
04931c672ea0416e7949a70a37e59b907c07941e0bab398c10a25ac27f240c38,13.0,0.1287,0.9007,0.9325,9.0,1,0.42545869221887195
049375fffab46ba87c769fa5ac24033b940c165627db59009ca928e63e67c6b4,13.0,0.416,0.9445,0.0394,2.0,0,0.11903097427126594
04938d702202e26cbf286aff1a0910a2fce82db487ef2a1f76e0e114fa574fb7,9.0,0.2567,0.5875,0.1344,1.0,0,0.46898979944867314
0493ceb40f186be92d018e3a03be9e7bea5f2c78933cf3630951b58f50d5ea74,13.0,0.2059,0.9199,0.0094,1.0,0,0.03670651125960882
0493d1790e2475b47d252695c94dc4fbe3bdf1a8cb78b464cdb36e15ef451010,13.0,0.2024,0.7593,1.6652,10.0,1,0.7448026314282475
0493fbd70430727f72a307188cf377a164fada668868a62e929c271f06f87da3,13.0,0.1311,0.8514,0.0448,3.0,0,0.02117648995271395
04940895f601126b6ea5ea5d4cd1ce87684d9085e3a62c75594053252f2db6bb,13.0,0.4135,1.1058,3.3887,5.0,1,0.9070624661261845
0494456f61b74a9efab05b73efc8d9f02a9fc558275c74ffa51f1ae660366e8d,13.0,0.0,1.0,0.0215,0.0,1,0.09043983946368686
04948b5921ad9e14f2764cc122e0c4a798c0804dc245eb418273424392acb379,13.0,0.0719,1.0127,0.0299,4.0,0,0.019961395167062773
04948e7d07da9eed7f52b13617be51054c89535fd54b2bd120c970c7892375ce,13.0,0.1529,0.9428,0.1874,5.0,0,0.34618468689359744
0494a35d0ae4e968ef86e0f955e72de86ed3b5cbf395f61b0f17bbb1b49b9423,13.0,0.3091,1.4567,1.542,5.0,1,0.8107858759205542
04950182003a7876d7706f2ed9ea34bf3d87c394e231c9a1555143a336902351,13.0,0.0332,1.6227,0.0697,4.0,0,0.06574734450598294
04954fda2d795355a6bbdd2f1ce18d8f689d8564008e80ac87d350e57bdcabc2,13.0,0.0894,0.8005,1.3476,4.0,1,0.5937428018849982
04955caa36c8542475f208df59559de1e0b0454ab605cda5ac4913ee97882e60,13.0,0.1583,0.9912,0.1572,5.0,0,0.27404583966629315
04960bf20883840d8ffd1737446cae6bd50eef551456ece3c6633ebe725224a6,13.0,0.3677,0.5531,0.0426,2.0,0,0.096491401277681
049639ebc65573dfcc901f1a90c19c64ac1d98465daf30a08c746063191092e1,10.0,0.2142,0.7795,0.3613,1.0,0,0.5122307423340176
049652fedb600f31a3c7c42a1d3c078b5e68b8f0274dc1a67b3ec4ee3d194911,13.0,0.1567,0.9221,0.193,3.0,0,0.3447240578686931
04965b35882299711fa97468cd3129cdb21a9ac635d8fe3d2efd6aa3ac073cb9,13.0,0.0252,2.0865,0.0252,1.0,0,0.03827760229529765
04968f798581d8fb4fbf89979992622b25bf53bd5b5e3149ccdf17dffcce28e8,7.0,0.2028,1.8129,0.053,1.0,0,0.0998253295976263
0496952860368543af72122b02e9a6d87cb0a703646bf3ba6490b1babc98a9b3,13.0,0.1502,1.0075,0.3516,2.0,0,0.35818979097380016
04974486d7dd624b0cfef3c8debff4dfd22b5593a03dc8fbc46e63f7f6dd2eb9,13.0,0.1365,1.0219,0.9279,12.0,1,0.5131828315936796
0497662106cfc3db5713029e6a576ef37fe12228d8b8d74a09a6fad39cad1451,12.0,0.1754,0.0,0.6738,10.0,0,0.4007811811232736
04977a09af4262ddab285b976b0daab655091830937633c24d251dd1a2b5320a,13.0,0.154,1.1065,0.5718,3.0,0,0.4475134795292632
04977f6dd1da1fd455c708d51626fa1817157e17a3272360aad7283ef9701620,13.0,0.0251,1.2729,0.0462,3.0,0,0.021105040849109385
049780b4be088d5f1e3a881002c114b5ce34f3ef84679c37d7a69d9321ecb866,10.0,0.1449,1.2315,0.1433,2.0,0,0.20922508240839485
0497dab2180138496258d4dd3fd34f594021c7ebf87c649df0396abb2707c631,13.0,0.3525,0.5727,0.3693,3.0,1,0.6300437759273315
049849ff15359d19a78e3efc97a832be27e30c0870b6ef2aa6525efc82a98500,13.0,0.0766,0.6918,0.0516,1.0,0,0.025012449498258024
049880a002ce667556644e89ebbf01106867d1a5def2caac5e70f7c76ac93f98,2.0,0.13,1.0681,0.0101,1.0,0,0.027134480203002548
0498b3e66f244cd4eac5ee418e1a36dbc57e481ab5fedb139b7502a3d1eee812,13.0,0.0786,0.9038,0.0225,1.0,0,0.0237336361355144
0498edbddf2aa4ae77c716b123a261e611b1822c87462cafc384d1860b181f98,13.0,0.4388,1.5236,0.8225,4.0,1,0.7908734050796362
0498fe095ca3a434424b3334171569fdb6700980ef2938da7cdb5a1bf81d35c4,13.0,0.2959,1.4661,0.3392,6.0,1,0.7265544103692159
049927394f523ffd6e4f13438300b8e33be4f8daed01b6dde1257f4b203d769d,13.0,0.3155,0.716,0.8547,6.0,0,0.6770566267052499
04993e60407eb4f978c973f6e4c08bce32599dbec97ad1c1f51345ff942fd309,13.0,0.0956,1.1057,0.2394,2.0,0,0.22388879561207742
04996a9771ed00327c3f3f4efaad9bdd561c28de3a7c76e618329322498c3e32,13.0,0.215,1.3486,0.1341,4.0,0,0.558466678665662
04996f19b354747a66948cbb766f28c11f32e6bec9a23c6e8e46011c03953b28,13.0,0.0199,-0.9981,0.035,3.0,0,0.020888756377924967
04999a78997888486dea5bd62de58beddf321e60d3159216a8a5fdb59383e195,13.0,0.1655,0.9667,0.7203,10.0,1,0.4522755474184632
0499e881bc25d3026288629a25c19cb062cb99e8b3ca3ead761a2d4fb913d610,10.0,0.1562,2.0858,0.206,4.0,1,0.5035878056588298
0499f7b2cdf0da00d1e7aaefb31724efe27ab0e41c69be8058e0873ca66dc6b3,13.0,0.1225,0.9947,0.0352,4.0,0,0.019264888658616263
049a18fc5a85d64d3529df298df5a71a351450fcbc33493f595a825764716a65,8.0,0.6067,2.1793,0.0909,0.0,0,0.38124392853835637
049a233404c7eb2e0fa28f83063cdb7e65732c60f29ca21b162e8697f3523df1,13.0,0.113,1.4828,0.0681,3.0,0,0.0656268590169738
049a5005b5e72edcdcad3c2bc9e8b34d0c48d09bbf199fc8e717d056edb53d35,13.0,0.0452,1.5835,0.0466,5.0,0,0.026522289812707375
049a916ba8b08f120a37ddce516c3107e6b56dbef60116255e481874c71e5781,13.0,0.1529,1.0938,0.0103,1.0,0,0.025526231537695666
049aafda8a809676e2d320a539ff1a96148e249357c1c86d5b151147edb61227,13.0,0.1073,1.0353,0.0518,4.0,0,0.021020426076028307
049b15074ec365c015250895b854fd39a430d856ee4a5300c4dff2ef951ce993,8.0,0.1452,0.9585,0.086,2.0,0,0.11257347379559288
049b1a130901f67ea5af9814a03cc1e04cdb21d657704fd6d41e56c155d80efe,13.0,0.1704,0.9404,0.4523,4.0,0,0.405938079137256
049b3d3e917d330466a26f6d8a2d5d13d49f30253bf3e9eb04562f512a01b9cc,13.0,0.0,1.0,0.0073,0.0,0,0.022280945636023855
049b54e63de9d080f85ecb1f32fa740664eafd1b613457423069724e6e1387d9,13.0,0.0,1.0,2.9054,10.0,1,0.8085038845659588
049b61ce344b147f94d47e050e1ab3b9866721682cdd3184aed28b954bb3ae94,13.0,0.1125,0.0,0.0132,0.0,0,0.047687053969463024
049b69bcfebce7433b6376089f6b2d37d0b590739595bce770c67a9e2ce3d08f,13.0,0.1117,0.7854,0.0332,10.0,0,0.019218089052509525
049b6fcc06e94d09deb718bf6dcf87d5352f8309f2b0f446c43d083c5f6f50fd,1.0,0.3359,1.0,1.6293,0.0,1,0.5317505171250541
049b76ce299344d06f097d7560b375b228f5e3821a51a28c7aec61b42de87290,13.0,0.0,1.0,0.005,0.0,0,0.019980332496187008
049ba2751e9162febecacd44b6f7685a95e7d45850e0fb7e4320c06d232a093c,13.0,0.1422,0.8624,0.0269,0.0,0,0.06233848727835354
049bc796f66fe526d66544b8cdf789473a8e8eda7d37d902bafc76e082504742,13.0,0.1302,1.1072,0.0579,4.0,0,0.06380602298007049
049bca3e6bc0232abebf740a686b16287dbec302816b6fe333ba4dc096eeffbb,13.0,0.0673,0.6035,0.0261,2.0,0,0.01945803938469985
049be6c2f737cb4f3d7c77010d21110711e7a4331f92cf91ad0aab75d097fbe5,13.0,0.2392,1.356,0.1006,5.0,0,0.3882101806964191
049bffb1575ab75db6b506c2b794a9d24e3867386f957a84fe131a4fcbe47c70,13.0,0.0132,0.0,0.0098,0.0,0,0.046889754773173295
049c0de62d168d8b1322654ceea096d02818f4925050dd4f2c2e126a049caea6,5.0,0.0,1.0,0.0041,0.0,0,0.019980332496187008
049c3acfa864d185115cf19bff770240a90bc10c5a73bf232164b73f68eb678f,13.0,0.2292,0.9179,0.0441,1.0,0,0.08343407548517194
049c43e06c8bb8e3a296f469620af5fd844d9acab757d259d2592101e659cabe,13.0,0.0,1.0,0.0066,1.0,1,0.027828252184556777
049cb2eef067faaaf1315a99ecbbf143290447fdaf8cc037db580a121bf68963,13.0,0.1166,1.0075,0.0453,2.0,0,0.024461447187560905
049d161feb8b645707d8ec8c69d08db66043ac893632e7531c59f7fa78d6d9eb,13.0,0.0,1.0,0.0065,0.0,0,0.020263886945132575
049d224d662b0eebad733b32f8a8ed160d8f1b6cb49ef9635d792aa5982a04f0,13.0,0.3915,0.528,0.7683,2.0,1,0.637224870959451
049d2565b074b8d0579dcea510373649c51719b450cefe1c3e135ce9861c8e11,10.0,0.1462,0.8035,0.0157,1.0,0,0.023142589013136948
049d43ea906a7f260b50b1e05646a77ffe468e8a32a36aa3dad231f4e9efa829,13.0,0.3046,0.541,0.1308,4.0,1,0.567124484096329
049d799511c2d516bf98c1f5f0a1a42b6487f3774a54a15c8d9f2524d6895648,13.0,0.116,2.1759,1.4534,11.0,1,0.747313017210941
049dc60e06ade9b0bf946472126eed3bb531227f60c7c4f9e58336a0e162d465,13.0,0.1149,1.0615,0.0185,3.0,0,0.01990403833177227
049dcc14cb874dbcd3b473f17e7eb375e6f13ef591bf0f895cd8fe052d873c99,13.0,0.1526,0.9656,0.0157,1.0,0,0.024179191590076157
049dd5e7b5a6895c4f8b179362d8e91f26ebf0b6c95e99e8387fd479806b146a,13.0,0.1338,1.2426,1.3739,7.0,0,0.6194293252378799
049e0948e285ec6767bf07e6e3f5e0919821ee200e359dc3a04de66173ad8bbe,2.0,0.0,1.0,0.0128,0.0,0,0.07704350507592042
